5 1250.000000 15.000000
1 1859.000000 15.000000
2 2319.000000 15.000000
3 2829.000000 15.000000
4 3322.000000 15.000000
0 3918.000000 15.000000
3 4456.000000 15.000000
0 5099.000000 15.000000
0 5648.000000 15.000000
4 6194.000000 15.000000
4 6772.000000 15.000000
6 7387.000000 10.000000
4 8694.000000 15.000000
4 9204.000000 15.000000
0 9856.000000 15.000000
5 10374.000000 52.000000
3 11012.000000 15.000000
5 11652.000000 46.000000
5 12284.000000 37.000000
3 12817.000000 15.000000
4 13283.000000 15.000000
2 13955.000000 15.000000
6 14482.000000 10.000000
4 15845.000000 15.000000
0 16443.000000 15.000000
0 16890.000000 15.000000
2 17492.000000 15.000000
4 17915.000000 15.000000
0 18412.000000 15.000000
4 18940.000000 15.000000
5 19515.000000 76.000000
2 20127.000000 15.000000
0 20554.000000 15.000000
6 21148.000000 10.000000
5 22401.000000 73.000000
0 22889.000000 15.000000
4 23431.000000 15.000000
4 23907.000000 15.000000
4 24490.000000 15.000000
3 25102.000000 15.000000
0 25741.000000 15.000000
5 26313.000000 80.000000
1 26815.000000 15.000000
0 27317.000000 15.000000
6 27875.000000 10.000000
3 29221.000000 15.000000
3 29785.000000 15.000000
0 30387.000000 15.000000
2 30946.000000 15.000000
0 31521.000000 15.000000
4 32038.000000 15.000000
0 32705.000000 15.000000
4 33315.000000 15.000000
5 33859.000000 76.000000
2 34431.000000 15.000000
6 34870.000000 10.000000
3 36090.000000 15.000000
2 36595.000000 15.000000
2 37106.000000 15.000000
3 37590.000000 15.000000
1 38063.000000 15.000000
2 38621.000000 15.000000
4 39172.000000 15.000000
5 39717.000000 48.000000
2 40161.000000 15.000000
5 40649.000000 78.000000
6 41154.000000 10.000000
2 42436.000000 15.000000
1 42930.000000 15.000000
1 43514.000000 15.000000
4 44101.000000 15.000000
1 44619.000000 15.000000
1 45134.000000 15.000000
4 45710.000000 15.000000
0 46222.000000 15.000000
1 46696.000000 15.000000
5 47233.000000 28.000000
6 47801.000000 10.000000
4 49047.000000 15.000000
5 49588.000000 53.000000
5 50211.000000 78.000000
2 50838.000000 15.000000
4 51382.000000 15.000000
1 52010.000000 15.000000
4 52519.000000 15.000000
1 53026.000000 15.000000
1 53648.000000 15.000000
3 54107.000000 15.000000
6 54713.000000 10.000000
2 56080.000000 15.000000
1 56690.000000 15.000000
4 57239.000000 15.000000
5 57807.000000 77.000000
5 58448.000000 32.000000
4 58966.000000 15.000000
3 59595.000000 15.000000
3 60210.000000 15.000000
3 60659.000000 15.000000
4 61236.000000 15.000000
6 61840.000000 10.000000
0 63071.000000 15.000000
1 63642.000000 15.000000
5 64133.000000 84.000000
4 64749.000000 15.000000
1 65275.000000 15.000000
3 65834.000000 15.000000
1 66357.000000 15.000000
5 66788.000000 68.000000
4 67391.000000 15.000000
2 68014.000000 15.000000
6 68464.000000 10.000000
0 69794.000000 15.000000
2 70377.000000 15.000000
3 70879.000000 15.000000
0 71448.000000 15.000000
5 71923.000000 50.000000
3 72430.000000 15.000000
1 72938.000000 15.000000
3 73437.000000 15.000000
4 73972.000000 15.000000
4 74592.000000 15.000000
6 75084.000000 10.000000
3 76382.000000 15.000000
3 76916.000000 15.000000
1 77498.000000 15.000000
2 77930.000000 15.000000
3 78496.000000 15.000000
5 79115.000000 56.000000
1 79615.000000 15.000000
5 80164.000000 68.000000
4 80658.000000 15.000000
2 81319.000000 15.000000
6 81912.000000 10.000000
1 83310.000000 15.000000
0 83912.000000 15.000000
2 84345.000000 15.000000
2 84914.000000 15.000000
5 85469.000000 59.000000
5 85940.000000 41.000000
5 86564.000000 77.000000
5 87085.000000 46.000000
2 87549.000000 15.000000
4 88120.000000 15.000000
6 88718.000000 10.000000
0 90029.000000 15.000000
3 90651.000000 15.000000
1 91140.000000 15.000000
5 91613.000000 83.000000
2 92189.000000 15.000000
1 92643.000000 15.000000
3 93074.000000 15.000000
1 93684.000000 15.000000
3 94206.000000 15.000000
4 94667.000000 15.000000
6 95276.000000 10.000000
2 96667.000000 15.000000
0 97223.000000 15.000000
0 97662.000000 15.000000
1 98222.000000 15.000000
3 98657.000000 15.000000
2 99133.000000 15.000000
2 99690.000000 15.000000
5 100178.000000 36.000000
0 100673.000000 15.000000
5 101128.000000 40.000000
6 101627.000000 10.000000
5 102976.000000 82.000000
5 103577.000000 37.000000
3 104039.000000 15.000000
4 104538.000000 15.000000
0 105051.000000 15.000000
0 105665.000000 15.000000
4 106268.000000 15.000000
4 106929.000000 15.000000
5 107407.000000 29.000000
3 108040.000000 15.000000
6 108523.000000 10.000000
1 109858.000000 15.000000
4 110430.000000 15.000000
2 111027.000000 15.000000
5 111576.000000 67.000000
4 112140.000000 15.000000
5 112638.000000 35.000000
0 113209.000000 15.000000
1 113772.000000 15.000000
5 114311.000000 49.000000
3 114875.000000 15.000000
6 115509.000000 10.000000
0 116802.000000 15.000000
3 117386.000000 15.000000
3 117973.000000 15.000000
3 118583.000000 15.000000
2 119230.000000 15.000000
5 119812.000000 38.000000
4 120441.000000 15.000000
4 121075.000000 15.000000
5 121602.000000 40.000000
1 122148.000000 15.000000
6 122606.000000 10.000000
1 123857.000000 15.000000
1 124367.000000 15.000000
1 124891.000000 15.000000
5 125418.000000 20.000000
0 126032.000000 15.000000
1 126539.000000 15.000000
5 127135.000000 33.000000
1 127723.000000 15.000000
2 128166.000000 15.000000
4 128753.000000 15.000000
6 129367.000000 10.000000
3 130675.000000 15.000000
1 131243.000000 15.000000
1 131707.000000 15.000000
2 132258.000000 15.000000
3 132804.000000 15.000000
5 133355.000000 38.000000
4 133860.000000 15.000000
5 134360.000000 60.000000
4 134920.000000 15.000000
0 135456.000000 15.000000
6 135967.000000 10.000000
0 137206.000000 15.000000
4 137777.000000 15.000000
4 138374.000000 15.000000
3 138922.000000 15.000000
1 139447.000000 15.000000
0 140065.000000 15.000000
0 140683.000000 15.000000
2 141272.000000 15.000000
4 141762.000000 15.000000
2 142296.000000 15.000000
6 142814.000000 10.000000
3 144175.000000 15.000000
2 144742.000000 15.000000
0 145203.000000 15.000000
2 145638.000000 15.000000
2 146200.000000 15.000000
5 146690.000000 75.000000
0 147292.000000 15.000000
0 147876.000000 15.000000
4 148472.000000 15.000000
5 149004.000000 43.000000
6 149503.000000 10.000000
4 150883.000000 15.000000
3 151464.000000 15.000000
1 152094.000000 15.000000
2 152575.000000 15.000000
2 152997.000000 15.000000
0 153462.000000 15.000000
2 154073.000000 15.000000
4 154570.000000 15.000000
1 155149.000000 15.000000
3 155739.000000 15.000000
6 156210.000000 10.000000
2 157452.000000 15.000000
5 157897.000000 38.000000
4 158409.000000 15.000000
5 158909.000000 27.000000
1 159455.000000 15.000000
2 159949.000000 15.000000
2 160555.000000 15.000000
4 161067.000000 15.000000
2 161589.000000 15.000000
3 162044.000000 15.000000
6 162632.000000 10.000000
5 163985.000000 41.000000
2 164452.000000 15.000000
4 165023.000000 15.000000
0 165557.000000 15.000000
0 166131.000000 15.000000
4 166581.000000 15.000000
3 167220.000000 15.000000
2 167726.000000 15.000000
3 168206.000000 15.000000
3 168715.000000 15.000000
6 169201.000000 10.000000
5 170566.000000 50.000000
2 171014.000000 15.000000
4 171487.000000 15.000000
2 172082.000000 15.000000
0 172499.000000 15.000000
5 173103.000000 22.000000
2 173622.000000 15.000000
2 174161.000000 15.000000
2 174717.000000 15.000000
0 175267.000000 15.000000
6 175820.000000 10.000000
5 177212.000000 59.000000
2 177766.000000 15.000000
5 178269.000000 51.000000
2 178714.000000 15.000000
4 179228.000000 15.000000
0 179845.000000 15.000000
0 180375.000000 15.000000
5 180993.000000 63.000000
5 181435.000000 28.000000
1 182043.000000 15.000000
6 182549.000000 10.000000
0 183839.000000 15.000000
4 184425.000000 15.000000
2 185054.000000 15.000000
1 185548.000000 15.000000
0 186156.000000 15.000000
0 186673.000000 15.000000
0 187119.000000 15.000000
5 187674.000000 65.000000
3 188199.000000 15.000000
0 188816.000000 15.000000
6 189427.000000 10.000000
4 190656.000000 15.000000
1 191271.000000 15.000000
4 191867.000000 15.000000
3 192443.000000 15.000000
3 193088.000000 15.000000
1 193589.000000 15.000000
2 194203.000000 15.000000
3 194663.000000 15.000000
2 195211.000000 15.000000
5 195777.000000 62.000000
6 196239.000000 10.000000
5 197523.000000 21.000000
3 198141.000000 15.000000
3 198616.000000 15.000000
3 199198.000000 15.000000
1 199833.000000 15.000000
0 200326.000000 15.000000
3 200804.000000 15.000000
3 201393.000000 15.000000
3 201981.000000 15.000000
4 202511.000000 15.000000
6 203047.000000 10.000000
2 204292.000000 15.000000
5 204829.000000 35.000000
4 205307.000000 15.000000
0 205894.000000 15.000000
4 206395.000000 15.000000
3 206921.000000 15.000000
0 207531.000000 15.000000
5 208051.000000 33.000000
5 208604.000000 28.000000
5 209167.000000 37.000000
6 209802.000000 10.000000
5 211063.000000 82.000000
4 211589.000000 15.000000
1 212063.000000 15.000000
2 212548.000000 15.000000
1 213055.000000 15.000000
1 213533.000000 15.000000
2 214010.000000 15.000000
4 214479.000000 15.000000
2 215141.000000 15.000000
4 215652.000000 15.000000
6 216155.000000 10.000000
2 217498.000000 15.000000
4 217919.000000 15.000000
1 218498.000000 15.000000
0 218940.000000 15.000000
5 219425.000000 27.000000
3 219995.000000 15.000000
0 220632.000000 15.000000
0 221251.000000 15.000000
1 221724.000000 15.000000
2 222220.000000 15.000000
6 222755.000000 10.000000
2 223999.000000 15.000000
5 224601.000000 48.000000
3 225111.000000 15.000000
1 225732.000000 15.000000
1 226254.000000 15.000000
4 226853.000000 15.000000
5 227418.000000 77.000000
4 227919.000000 15.000000
0 228489.000000 15.000000
2 228927.000000 15.000000
6 229467.000000 10.000000
5 230795.000000 56.000000
5 231324.000000 28.000000
5 231864.000000 82.000000
3 232314.000000 15.000000
4 232906.000000 15.000000
0 233438.000000 15.000000
1 233912.000000 15.000000
3 234524.000000 15.000000
0 235168.000000 15.000000
4 235757.000000 15.000000
6 236352.000000 10.000000
0 237749.000000 15.000000
1 238233.000000 15.000000
4 238768.000000 15.000000
3 239325.000000 15.000000
4 239962.000000 15.000000
4 240445.000000 15.000000
4 240924.000000 15.000000
2 241453.000000 15.000000
2 242067.000000 15.000000
2 242575.000000 15.000000
6 243102.000000 10.000000
4 244318.000000 15.000000
5 244883.000000 23.000000
4 245489.000000 15.000000
0 246097.000000 15.000000
2 246593.000000 15.000000
1 247166.000000 15.000000
2 247751.000000 15.000000
3 248221.000000 15.000000
0 248851.000000 15.000000
2 249470.000000 15.000000
6 249960.000000 10.000000
0 251269.000000 15.000000
0 251804.000000 15.000000
5 252386.000000 36.000000
5 252901.000000 28.000000
0 253484.000000 15.000000
4 254032.000000 15.000000
5 254599.000000 34.000000
0 255129.000000 15.000000
3 255736.000000 15.000000
2 256243.000000 15.000000
6 256675.000000 10.000000
0 257936.000000 15.000000
4 258474.000000 15.000000
5 258983.000000 56.000000
1 259567.000000 15.000000
0 260000.000000 15.000000
0 260503.000000 15.000000
2 261120.000000 15.000000
4 261550.000000 15.000000
4 262093.000000 15.000000
1 262633.000000 15.000000
6 263066.000000 10.000000
1 264389.000000 15.000000
3 264910.000000 15.000000
4 265538.000000 15.000000
0 266016.000000 15.000000
5 266450.000000 74.000000
3 266976.000000 15.000000
4 267453.000000 15.000000
0 267992.000000 15.000000
1 268490.000000 15.000000
3 269100.000000 15.000000
6 269626.000000 10.000000
4 270914.000000 15.000000
3 271530.000000 15.000000
3 272066.000000 15.000000
3 272631.000000 15.000000
0 273206.000000 15.000000
2 273638.000000 15.000000
5 274197.000000 37.000000
4 274779.000000 15.000000
1 275424.000000 15.000000
1 275884.000000 15.000000
6 276367.000000 10.000000
1 277775.000000 15.000000
5 278276.000000 59.000000
5 278892.000000 65.000000
3 279496.000000 15.000000
4 280104.000000 15.000000
1 280602.000000 15.000000
3 281108.000000 15.000000
4 281729.000000 15.000000
5 282202.000000 24.000000
4 282766.000000 15.000000
6 283299.000000 10.000000
5 284548.000000 30.000000
0 285143.000000 15.000000
5 285679.000000 76.000000
3 286136.000000 15.000000
2 286622.000000 15.000000
2 287185.000000 15.000000
4 287798.000000 15.000000
1 288367.000000 15.000000
0 288810.000000 15.000000
4 289431.000000 15.000000
6 290069.000000 10.000000
2 291435.000000 15.000000
4 291966.000000 15.000000
5 292617.000000 48.000000
5 293195.000000 64.000000
0 293727.000000 15.000000
0 294222.000000 15.000000
5 294774.000000 34.000000
1 295272.000000 15.000000
5 295853.000000 28.000000
3 296377.000000 15.000000
6 296869.000000 10.000000
5 298143.000000 50.000000
3 298668.000000 15.000000
5 299220.000000 70.000000
0 299693.000000 15.000000
1 300257.000000 15.000000
1 300720.000000 15.000000
1 301169.000000 15.000000
2 301720.000000 15.000000
5 302269.000000 70.000000
4 302828.000000 15.000000
6 303383.000000 10.000000
1 304785.000000 15.000000
2 305370.000000 15.000000
5 305839.000000 42.000000
4 306331.000000 15.000000
1 306812.000000 15.000000
0 307328.000000 15.000000
0 307913.000000 15.000000
0 308414.000000 15.000000
0 309030.000000 15.000000
3 309632.000000 15.000000
6 310209.000000 10.000000
4 311478.000000 15.000000
2 312099.000000 15.000000
0 312590.000000 15.000000
3 313181.000000 15.000000
4 313660.000000 15.000000
4 314228.000000 15.000000
4 314787.000000 15.000000
1 315347.000000 15.000000
4 315953.000000 15.000000
5 316461.000000 57.000000
6 316906.000000 10.000000
4 318299.000000 15.000000
1 318967.000000 15.000000
4 319485.000000 15.000000
3 319958.000000 15.000000
2 320580.000000 15.000000
4 321157.000000 15.000000
0 321764.000000 15.000000
5 322277.000000 70.000000
4 322766.000000 15.000000
5 323399.000000 83.000000
6 323958.000000 10.000000
5 325189.000000 47.000000
3 325636.000000 15.000000
5 326195.000000 64.000000
1 326700.000000 15.000000
2 327141.000000 15.000000
5 327608.000000 57.000000
1 328057.000000 15.000000
1 328526.000000 15.000000
2 329054.000000 15.000000
5 329602.000000 26.000000
6 330075.000000 10.000000
4 331312.000000 15.000000
1 331793.000000 15.000000
3 332363.000000 15.000000
4 332938.000000 15.000000
4 333543.000000 15.000000
3 334046.000000 15.000000
1 334626.000000 15.000000
2 335193.000000 15.000000
4 335636.000000 15.000000
4 336141.000000 15.000000
6 336800.000000 10.000000
3 338198.000000 15.000000
1 338727.000000 15.000000
3 339188.000000 15.000000
2 339722.000000 15.000000
0 340222.000000 15.000000
4 340844.000000 15.000000
3 341346.000000 15.000000
2 341930.000000 15.000000
0 342382.000000 15.000000
0 342995.000000 15.000000
6 343537.000000 10.000000
0 344941.000000 15.000000
3 345390.000000 15.000000
4 345987.000000 15.000000
1 346617.000000 15.000000
1 347117.000000 15.000000
2 347625.000000 15.000000
5 348222.000000 64.000000
5 348814.000000 66.000000
2 349395.000000 15.000000
2 349811.000000 15.000000
6 350322.000000 10.000000
1 351711.000000 15.000000
5 352192.000000 83.000000
1 352654.000000 15.000000
3 353134.000000 15.000000
0 353687.000000 15.000000
2 354176.000000 15.000000
4 354651.000000 15.000000
5 355134.000000 74.000000
4 355683.000000 15.000000
4 356241.000000 15.000000
6 356832.000000 10.000000
2 358109.000000 15.000000
0 358697.000000 15.000000
5 359244.000000 76.000000
4 359848.000000 15.000000
3 360336.000000 15.000000
3 360884.000000 15.000000
0 361435.000000 15.000000
0 361939.000000 15.000000
4 362382.000000 15.000000
1 362899.000000 15.000000
6 363516.000000 10.000000
2 364869.000000 15.000000
3 365364.000000 15.000000
4 365948.000000 15.000000
4 366491.000000 15.000000
4 367032.000000 15.000000
4 367678.000000 15.000000
0 368214.000000 15.000000
1 368821.000000 15.000000
0 369286.000000 15.000000
3 369830.000000 15.000000
6 370374.000000 10.000000
2 371745.000000 15.000000
5 372186.000000 68.000000
5 372707.000000 40.000000
2 373277.000000 15.000000
2 373763.000000 15.000000
1 374301.000000 15.000000
3 374758.000000 15.000000
3 375241.000000 15.000000
2 375696.000000 15.000000
1 376301.000000 15.000000
6 376800.000000 10.000000
2 378145.000000 15.000000
4 378569.000000 15.000000
2 379145.000000 15.000000
4 379565.000000 15.000000
1 380205.000000 15.000000
1 380729.000000 15.000000
0 381196.000000 15.000000
4 381743.000000 15.000000
0 382324.000000 15.000000
0 382907.000000 15.000000
6 383364.000000 10.000000
2 384679.000000 15.000000
2 385235.000000 15.000000
4 385826.000000 15.000000
5 386447.000000 56.000000
3 386936.000000 15.000000
2 387495.000000 15.000000
0 387910.000000 15.000000
5 388401.000000 41.000000
4 388923.000000 15.000000
2 389499.000000 15.000000
6 389977.000000 10.000000
1 391258.000000 15.000000
2 391752.000000 15.000000
1 392213.000000 15.000000
5 392808.000000 27.000000
5 393438.000000 32.000000
4 393882.000000 15.000000
5 394480.000000 38.000000
4 395086.000000 15.000000
0 395672.000000 15.000000
1 396276.000000 15.000000
6 396823.000000 10.000000
1 398192.000000 15.000000
2 398696.000000 15.000000
2 399116.000000 15.000000
0 399675.000000 15.000000
3 400240.000000 15.000000
1 400709.000000 15.000000
2 401215.000000 15.000000
0 401752.000000 15.000000
4 402196.000000 15.000000
2 402758.000000 15.000000
6 403372.000000 10.000000
0 404726.000000 15.000000
2 405175.000000 15.000000
3 405731.000000 15.000000
4 406263.000000 15.000000
2 406838.000000 15.000000
4 407349.000000 15.000000
5 407891.000000 47.000000
3 408430.000000 15.000000
5 408943.000000 64.000000
2 409551.000000 15.000000
6 409982.000000 10.000000
4 411202.000000 15.000000
3 411796.000000 15.000000
2 412392.000000 15.000000
2 413002.000000 15.000000
1 413436.000000 15.000000
5 413986.000000 22.000000
0 414624.000000 15.000000
1 415232.000000 15.000000
1 415746.000000 15.000000
5 416169.000000 63.000000
6 416805.000000 10.000000
3 418029.000000 15.000000
1 418515.000000 15.000000
1 418981.000000 15.000000
1 419456.000000 15.000000
1 420009.000000 15.000000
2 420486.000000 15.000000
4 421072.000000 15.000000
4 421650.000000 15.000000
3 422248.000000 15.000000
5 422752.000000 54.000000
6 423241.000000 10.000000
5 424605.000000 76.000000
2 425063.000000 15.000000
2 425551.000000 15.000000
3 426024.000000 15.000000
0 426581.000000 15.000000
3 427168.000000 15.000000
5 427743.000000 76.000000
5 428261.000000 71.000000
2 428896.000000 15.000000
2 429403.000000 15.000000
6 429940.000000 10.000000
2 431268.000000 15.000000
4 431824.000000 15.000000
2 432334.000000 15.000000
1 432816.000000 15.000000
0 433286.000000 15.000000
0 433809.000000 15.000000
1 434417.000000 15.000000
3 434879.000000 15.000000
5 435359.000000 69.000000
1 435930.000000 15.000000
6 436436.000000 10.000000
2 437763.000000 15.000000
0 438217.000000 15.000000
4 438771.000000 15.000000
5 439429.000000 65.000000
3 439989.000000 15.000000
0 440605.000000 15.000000
5 441099.000000 49.000000
4 441618.000000 15.000000
0 442269.000000 15.000000
3 442806.000000 15.000000
6 443265.000000 10.000000
4 444500.000000 15.000000
5 444973.000000 80.000000
2 445530.000000 15.000000
4 446095.000000 15.000000
0 446593.000000 15.000000
2 447110.000000 15.000000
0 447649.000000 15.000000
2 448179.000000 15.000000
1 448709.000000 15.000000
4 449226.000000 15.000000
6 449893.000000 10.000000
4 451216.000000 15.000000
5 451781.000000 79.000000
4 452251.000000 15.000000
4 452886.000000 15.000000
1 453394.000000 15.000000
4 453856.000000 15.000000
1 454495.000000 15.000000
1 454919.000000 15.000000
4 455420.000000 15.000000
5 456060.000000 75.000000
6 456531.000000 10.000000
1 457819.000000 15.000000
3 458364.000000 15.000000
3 458875.000000 15.000000
2 459349.000000 15.000000
2 459929.000000 15.000000
4 460543.000000 15.000000
5 461179.000000 57.000000
3 461630.000000 15.000000
4 462261.000000 15.000000
0 462741.000000 15.000000
6 463300.000000 10.000000
2 464660.000000 15.000000
1 465231.000000 15.000000
5 465770.000000 47.000000
5 466264.000000 75.000000
5 466785.000000 21.000000
2 467387.000000 15.000000
3 467910.000000 15.000000
3 468503.000000 15.000000
4 469148.000000 15.000000
1 469715.000000 15.000000
6 470145.000000 10.000000
2 471422.000000 15.000000
5 471882.000000 77.000000
1 472474.000000 15.000000
3 472938.000000 15.000000
5 473460.000000 24.000000
3 473902.000000 15.000000
4 474456.000000 15.000000
0 475006.000000 15.000000
2 475621.000000 15.000000
2 476189.000000 15.000000
6 476669.000000 10.000000
2 477916.000000 15.000000
1 478349.000000 15.000000
0 478937.000000 15.000000
2 479485.000000 15.000000
2 479940.000000 15.000000
5 480364.000000 81.000000
3 480833.000000 15.000000
2 481441.000000 15.000000
3 481904.000000 15.000000
2 482475.000000 15.000000
6 482935.000000 10.000000
3 484266.000000 15.000000
3 484801.000000 15.000000
1 485419.000000 15.000000
5 485916.000000 42.000000
5 486413.000000 30.000000
1 486966.000000 15.000000
3 487448.000000 15.000000
0 488039.000000 15.000000
2 488601.000000 15.000000
3 489140.000000 15.000000
6 489634.000000 10.000000
1 490921.000000 15.000000
0 491495.000000 15.000000
3 491945.000000 15.000000
4 492518.000000 15.000000
0 493063.000000 15.000000
5 493619.000000 69.000000
5 494254.000000 35.000000
3 494814.000000 15.000000
2 495457.000000 15.000000
0 495947.000000 15.000000
6 496456.000000 10.000000
3 497688.000000 15.000000
0 498307.000000 15.000000
2 498828.000000 15.000000
0 499301.000000 15.000000
4 499927.000000 15.000000
2 500578.000000 15.000000
3 501136.000000 15.000000
4 501612.000000 15.000000
2 502177.000000 15.000000
5 502612.000000 32.000000
6 503252.000000 10.000000
4 504551.000000 15.000000
0 505190.000000 15.000000
2 505648.000000 15.000000
4 506152.000000 15.000000
2 506744.000000 15.000000
0 507324.000000 15.000000
0 507886.000000 15.000000
3 508444.000000 15.000000
3 508930.000000 15.000000
5 509517.000000 65.000000
6 509982.000000 10.000000
1 511249.000000 15.000000
0 511801.000000 15.000000
2 512354.000000 15.000000
0 512966.000000 15.000000
1 513575.000000 15.000000
3 514135.000000 15.000000
2 514613.000000 15.000000
2 515164.000000 15.000000
3 515588.000000 15.000000
3 516215.000000 15.000000
6 516754.000000 10.000000
0 518154.000000 15.000000
0 518657.000000 15.000000
3 519209.000000 15.000000
5 519834.000000 42.000000
1 520348.000000 15.000000
0 520774.000000 15.000000
5 521402.000000 83.000000
1 522018.000000 15.000000
5 522516.000000 51.000000
1 523119.000000 15.000000
6 523638.000000 10.000000
2 524983.000000 15.000000
5 525426.000000 59.000000
0 525980.000000 15.000000
5 526439.000000 72.000000
0 526905.000000 15.000000
0 527440.000000 15.000000
0 527969.000000 15.000000
0 528600.000000 15.000000
5 529200.000000 34.000000
1 529832.000000 15.000000
6 530359.000000 10.000000
1 531620.000000 15.000000
4 532237.000000 15.000000
1 532776.000000 15.000000
0 533273.000000 15.000000
4 533869.000000 15.000000
1 534374.000000 15.000000
0 534930.000000 15.000000
4 535467.000000 15.000000
4 536126.000000 15.000000
0 536742.000000 15.000000
6 537238.000000 10.000000
2 538560.000000 15.000000
2 539009.000000 15.000000
5 539491.000000 22.000000
3 539977.000000 15.000000
4 540558.000000 15.000000
5 541133.000000 25.000000
5 541700.000000 59.000000
5 542281.000000 82.000000
4 542724.000000 15.000000
3 543383.000000 15.000000
6 544017.000000 10.000000
2 545401.000000 15.000000
5 545947.000000 43.000000
1 546490.000000 15.000000
3 547109.000000 15.000000
4 547564.000000 15.000000
0 548177.000000 15.000000
1 548799.000000 15.000000
5 549251.000000 82.000000
5 549851.000000 64.000000
1 550332.000000 15.000000
6 550846.000000 10.000000
1 552099.000000 15.000000
4 552694.000000 15.000000
2 553226.000000 15.000000
2 553787.000000 15.000000
1 554383.000000 15.000000
5 554979.000000 82.000000
0 555460.000000 15.000000
1 556073.000000 15.000000
1 556543.000000 15.000000
4 557073.000000 15.000000
6 557619.000000 10.000000
1 558876.000000 15.000000
0 559342.000000 15.000000
0 559778.000000 15.000000
2 560260.000000 15.000000
5 560730.000000 52.000000
1 561291.000000 15.000000
1 561778.000000 15.000000
4 562223.000000 15.000000
1 562798.000000 15.000000
2 563268.000000 15.000000
6 563827.000000 10.000000
0 565156.000000 15.000000
1 565654.000000 15.000000
2 566236.000000 15.000000
0 566837.000000 15.000000
1 567287.000000 15.000000
2 567748.000000 15.000000
1 568265.000000 15.000000
1 568871.000000 15.000000
5 569319.000000 56.000000
2 569809.000000 15.000000
6 570321.000000 10.000000
2 571605.000000 15.000000
2 572026.000000 15.000000
0 572482.000000 15.000000
4 573031.000000 15.000000
2 573637.000000 15.000000
5 574218.000000 22.000000
5 574751.000000 27.000000
0 575205.000000 15.000000
4 575712.000000 15.000000
3 576198.000000 15.000000
6 576734.000000 10.000000
4 578098.000000 15.000000
0 578577.000000 15.000000
2 579034.000000 15.000000
1 579516.000000 15.000000
5 580123.000000 67.000000
5 580602.000000 72.000000
1 581079.000000 15.000000
2 581684.000000 15.000000
2 582285.000000 15.000000
3 582740.000000 15.000000
6 583307.000000 10.000000
2 584649.000000 15.000000
0 585073.000000 15.000000
2 585652.000000 15.000000
5 586127.000000 67.000000
3 586670.000000 15.000000
0 587257.000000 15.000000
5 587860.000000 37.000000
3 588489.000000 15.000000
2 589033.000000 15.000000
5 589465.000000 76.000000
6 590061.000000 10.000000
5 591296.000000 44.000000
2 591825.000000 15.000000
0 592297.000000 15.000000
5 592747.000000 37.000000
5 593295.000000 44.000000
0 593914.000000 15.000000
0 594390.000000 15.000000
3 594968.000000 15.000000
4 595573.000000 15.000000
4 596204.000000 15.000000
6 596759.000000 10.000000
2 597976.000000 15.000000
4 598512.000000 15.000000
5 599074.000000 54.000000
1 599669.000000 15.000000
0 600212.000000 15.000000
0 600837.000000 15.000000
5 601398.000000 48.000000
2 601941.000000 15.000000
3 602515.000000 15.000000
4 603065.000000 15.000000
6 603667.000000 10.000000
3 605022.000000 15.000000
4 605485.000000 15.000000
4 606060.000000 15.000000
3 606672.000000 15.000000
1 607292.000000 15.000000
4 607794.000000 15.000000
2 608413.000000 15.000000
5 608910.000000 56.000000
2 609425.000000 15.000000
3 609857.000000 15.000000
6 610479.000000 10.000000
4 611839.000000 15.000000
5 612395.000000 83.000000
2 612948.000000 15.000000
2 613465.000000 15.000000
1 613966.000000 15.000000
4 614445.000000 15.000000
4 615057.000000 15.000000
1 615676.000000 15.000000
0 616249.000000 15.000000
1 616764.000000 15.000000
6 617215.000000 10.000000
1 618511.000000 15.000000
3 619067.000000 15.000000
0 619533.000000 15.000000
3 620059.000000 15.000000
4 620537.000000 15.000000
3 621179.000000 15.000000
1 621805.000000 15.000000
2 622240.000000 15.000000
0 622677.000000 15.000000
5 623245.000000 68.000000
6 623796.000000 10.000000
2 625033.000000 15.000000
2 625527.000000 15.000000
4 626105.000000 15.000000
1 626725.000000 15.000000
4 627184.000000 15.000000
1 627788.000000 15.000000
3 628366.000000 15.000000
5 628871.000000 22.000000
4 629478.000000 15.000000
0 630109.000000 15.000000
6 630630.000000 10.000000
5 631901.000000 48.000000
4 632520.000000 15.000000
3 633145.000000 15.000000
4 633740.000000 15.000000
2 634237.000000 15.000000
4 634758.000000 15.000000
3 635402.000000 15.000000
5 635912.000000 65.000000
0 636425.000000 15.000000
5 636899.000000 28.000000
6 637395.000000 10.000000
4 638639.000000 15.000000
0 639159.000000 15.000000
1 639629.000000 15.000000
2 640052.000000 15.000000
4 640551.000000 15.000000
0 641076.000000 15.000000
2 641562.000000 15.000000
5 641992.000000 81.000000
0 642461.000000 15.000000
1 643079.000000 15.000000
6 643700.000000 10.000000
4 645040.000000 15.000000
1 645565.000000 15.000000
5 646024.000000 62.000000
4 646519.000000 15.000000
2 647171.000000 15.000000
4 647784.000000 15.000000
0 648263.000000 15.000000
4 648846.000000 15.000000
2 649437.000000 15.000000
2 650042.000000 15.000000
6 650475.000000 10.000000
4 651702.000000 15.000000
4 652357.000000 15.000000
5 653012.000000 33.000000
0 653485.000000 15.000000
1 654065.000000 15.000000
0 654599.000000 15.000000
3 655096.000000 15.000000
5 655562.000000 43.000000
5 656034.000000 79.000000
0 656549.000000 15.000000
6 657088.000000 10.000000
3 658383.000000 15.000000
1 658910.000000 15.000000
0 659373.000000 15.000000
2 659820.000000 15.000000
4 660413.000000 15.000000
5 661051.000000 56.000000
2 661630.000000 15.000000
1 662207.000000 15.000000
0 662757.000000 15.000000
2 663380.000000 15.000000
6 663809.000000 10.000000
0 665147.000000 15.000000
2 665729.000000 15.000000
4 666195.000000 15.000000
1 666728.000000 15.000000
4 667179.000000 15.000000
2 667785.000000 15.000000
0 668390.000000 15.000000
5 668986.000000 84.000000
0 669517.000000 15.000000
5 670074.000000 57.000000
6 670622.000000 10.000000
3 671996.000000 15.000000
4 672560.000000 15.000000
1 673078.000000 15.000000
4 673519.000000 15.000000
3 674162.000000 15.000000
4 674809.000000 15.000000
5 675460.000000 20.000000
3 675917.000000 15.000000
0 676456.000000 15.000000
0 676969.000000 15.000000
6 677523.000000 10.000000
2 678845.000000 15.000000
0 679344.000000 15.000000
1 679938.000000 15.000000
1 680447.000000 15.000000
0 680877.000000 15.000000
2 681377.000000 15.000000
2 681849.000000 15.000000
0 682356.000000 15.000000
3 682836.000000 15.000000
1 683330.000000 15.000000
6 683928.000000 10.000000
2 685234.000000 15.000000
2 685659.000000 15.000000
5 686086.000000 31.000000
3 686596.000000 15.000000
4 687086.000000 15.000000
1 687597.000000 15.000000
5 688118.000000 55.000000
1 688686.000000 15.000000
3 689261.000000 15.000000
3 689859.000000 15.000000
6 690348.000000 10.000000
2 691666.000000 15.000000
3 692095.000000 15.000000
1 692624.000000 15.000000
5 693207.000000 54.000000
1 693728.000000 15.000000
5 694226.000000 20.000000
1 694735.000000 15.000000
5 695180.000000 61.000000
5 695647.000000 80.000000
3 696212.000000 15.000000
6 696667.000000 10.000000
1 697937.000000 15.000000
1 698534.000000 15.000000
1 699102.000000 15.000000
0 699674.000000 15.000000
5 700188.000000 66.000000
4 700816.000000 15.000000
5 701402.000000 21.000000
2 701923.000000 15.000000
3 702410.000000 15.000000
0 702984.000000 15.000000
6 703571.000000 10.000000
5 704830.000000 81.000000
1 705424.000000 15.000000
3 705927.000000 15.000000
3 706413.000000 15.000000
1 707038.000000 15.000000
5 707625.000000 31.000000
0 708076.000000 15.000000
1 708584.000000 15.000000
0 709031.000000 15.000000
3 709543.000000 15.000000
6 710164.000000 10.000000
5 711569.000000 31.000000
2 712111.000000 15.000000
1 712564.000000 15.000000
3 713166.000000 15.000000
3 713780.000000 15.000000
1 714250.000000 15.000000
1 714864.000000 15.000000
0 715357.000000 15.000000
3 715887.000000 15.000000
1 716452.000000 15.000000
6 717053.000000 10.000000
5 718442.000000 83.000000
2 718973.000000 15.000000
4 719563.000000 15.000000
4 720084.000000 15.000000
1 720662.000000 15.000000
3 721099.000000 15.000000
3 721596.000000 15.000000
0 722214.000000 15.000000
4 722722.000000 15.000000
1 723302.000000 15.000000
6 723794.000000 10.000000
1 725084.000000 15.000000
3 725643.000000 15.000000
0 726212.000000 15.000000
2 726787.000000 15.000000
4 727361.000000 15.000000
1 727843.000000 15.000000
0 728459.000000 15.000000
0 728898.000000 15.000000
1 729397.000000 15.000000
2 729942.000000 15.000000
6 730396.000000 10.000000
4 731800.000000 15.000000
4 732322.000000 15.000000
4 732875.000000 15.000000
4 733363.000000 15.000000
4 733975.000000 15.000000
4 734611.000000 15.000000
2 735274.000000 15.000000
5 735870.000000 70.000000
3 736458.000000 15.000000
4 736911.000000 15.000000
6 737394.000000 10.000000
2 738688.000000 15.000000
3 739129.000000 15.000000
5 739607.000000 70.000000
5 740179.000000 50.000000
2 740690.000000 15.000000
2 741119.000000 15.000000
0 741730.000000 15.000000
1 742356.000000 15.000000
1 742959.000000 15.000000
5 743541.000000 29.000000
6 744082.000000 10.000000
4 745465.000000 15.000000
3 746047.000000 15.000000
5 746689.000000 84.000000
5 747300.000000 51.000000
5 747765.000000 41.000000
1 748209.000000 15.000000
4 748786.000000 15.000000
1 749295.000000 15.000000
5 749904.000000 84.000000
2 750494.000000 15.000000
6 751101.000000 10.000000
3 752407.000000 15.000000
5 752989.000000 63.000000
5 753470.000000 31.000000
0 754078.000000 15.000000
4 754600.000000 15.000000
5 755175.000000 45.000000
1 755768.000000 15.000000
1 756240.000000 15.000000
3 756819.000000 15.000000
4 757452.000000 15.000000
6 758031.000000 10.000000
5 759365.000000 63.000000
4 759939.000000 15.000000
0 760453.000000 15.000000
4 760994.000000 15.000000
3 761622.000000 15.000000
3 762224.000000 15.000000
1 762770.000000 15.000000
0 763263.000000 15.000000
0 763770.000000 15.000000
3 764239.000000 15.000000
6 764699.000000 10.000000
3 766079.000000 15.000000
1 766655.000000 15.000000
2 767097.000000 15.000000
4 767672.000000 15.000000
3 768284.000000 15.000000
0 768883.000000 15.000000
3 769390.000000 15.000000
1 769917.000000 15.000000
1 770406.000000 15.000000
4 770917.000000 15.000000
6 771439.000000 10.000000
0 772768.000000 15.000000
5 773266.000000 51.000000
1 773793.000000 15.000000
0 774366.000000 15.000000
5 774798.000000 56.000000
4 775375.000000 15.000000
3 775983.000000 15.000000
1 776562.000000 15.000000
0 777077.000000 15.000000
0 777623.000000 15.000000
6 778186.000000 10.000000
1 779506.000000 15.000000
0 779986.000000 15.000000
5 780472.000000 56.000000
5 781019.000000 83.000000
5 781584.000000 31.000000
2 782054.000000 15.000000
0 782557.000000 15.000000
2 783038.000000 15.000000
4 783650.000000 15.000000
3 784201.000000 15.000000
6 784817.000000 10.000000
3 786152.000000 15.000000
4 786670.000000 15.000000
4 787172.000000 15.000000
3 787664.000000 15.000000
0 788203.000000 15.000000
5 788716.000000 74.000000
3 789178.000000 15.000000
0 789821.000000 15.000000
1 790267.000000 15.000000
4 790873.000000 15.000000
6 791358.000000 10.000000
1 792743.000000 15.000000
5 793230.000000 31.000000
4 793713.000000 15.000000
3 794325.000000 15.000000
1 794881.000000 15.000000
1 795385.000000 15.000000
4 795994.000000 15.000000
0 796510.000000 15.000000
0 797132.000000 15.000000
3 797700.000000 15.000000
6 798241.000000 10.000000
3 799601.000000 15.000000
2 800233.000000 15.000000
2 800726.000000 15.000000
0 801316.000000 15.000000
2 801889.000000 15.000000
0 802426.000000 15.000000
5 802946.000000 84.000000
2 803529.000000 15.000000
4 804036.000000 15.000000
3 804567.000000 15.000000
6 805029.000000 10.000000
5 806345.000000 48.000000
0 806933.000000 15.000000
5 807483.000000 45.000000
3 808008.000000 15.000000
0 808602.000000 15.000000
5 809171.000000 74.000000
0 809722.000000 15.000000
2 810273.000000 15.000000
0 810827.000000 15.000000
0 811336.000000 15.000000
6 811782.000000 10.000000
4 813056.000000 15.000000
0 813705.000000 15.000000
1 814235.000000 15.000000
0 814705.000000 15.000000
0 815336.000000 15.000000
1 815962.000000 15.000000
0 816493.000000 15.000000
2 816962.000000 15.000000
2 817478.000000 15.000000
1 818019.000000 15.000000
6 818463.000000 10.000000
5 819831.000000 46.000000
5 820420.000000 73.000000
3 820994.000000 15.000000
2 821623.000000 15.000000
4 822144.000000 15.000000
0 822649.000000 15.000000
3 823127.000000 15.000000
5 823727.000000 69.000000
0 824303.000000 15.000000
5 824884.000000 42.000000
6 825485.000000 10.000000
1 826869.000000 15.000000
0 827376.000000 15.000000
0 827958.000000 15.000000
3 828560.000000 15.000000
4 829087.000000 15.000000
0 829638.000000 15.000000
1 830071.000000 15.000000
3 830554.000000 15.000000
2 831142.000000 15.000000
2 831700.000000 15.000000
6 832217.000000 10.000000
3 833458.000000 15.000000
4 834105.000000 15.000000
1 834745.000000 15.000000
4 835213.000000 15.000000
4 835783.000000 15.000000
3 836332.000000 15.000000
4 836906.000000 15.000000
4 837472.000000 15.000000
2 837946.000000 15.000000
2 838415.000000 15.000000
6 838928.000000 10.000000
2 840177.000000 15.000000
2 840659.000000 15.000000
2 841108.000000 15.000000
3 841532.000000 15.000000
1 842127.000000 15.000000
5 842650.000000 55.000000
3 843279.000000 15.000000
5 843737.000000 44.000000
0 844246.000000 15.000000
0 844771.000000 15.000000
6 845381.000000 10.000000
4 846717.000000 15.000000
0 847225.000000 15.000000
1 847785.000000 15.000000
2 848233.000000 15.000000
1 848691.000000 15.000000
1 849224.000000 15.000000
5 849831.000000 78.000000
2 850293.000000 15.000000
3 850817.000000 15.000000
4 851294.000000 15.000000
6 851943.000000 10.000000
3 853302.000000 15.000000
3 853789.000000 15.000000
3 854248.000000 15.000000
0 854807.000000 15.000000
1 855399.000000 15.000000
3 855842.000000 15.000000
4 856433.000000 15.000000
1 857058.000000 15.000000
4 857558.000000 15.000000
3 858047.000000 15.000000
6 858593.000000 10.000000
2 859886.000000 15.000000
1 860432.000000 15.000000
1 860988.000000 15.000000
0 861427.000000 15.000000
0 862046.000000 15.000000
3 862670.000000 15.000000
3 863201.000000 15.000000
5 863837.000000 67.000000
4 864407.000000 15.000000
5 864965.000000 46.000000
6 865428.000000 10.000000
2 866667.000000 15.000000
2 867244.000000 15.000000
4 867701.000000 15.000000
1 868369.000000 15.000000
1 868796.000000 15.000000
4 869328.000000 15.000000
0 869826.000000 15.000000
3 870416.000000 15.000000
5 870942.000000 55.000000
2 871508.000000 15.000000
6 872077.000000 10.000000
1 873413.000000 15.000000
1 873925.000000 15.000000
4 874500.000000 15.000000
4 875047.000000 15.000000
1 875683.000000 15.000000
2 876163.000000 15.000000
2 876718.000000 15.000000
5 877142.000000 63.000000
0 877707.000000 15.000000
1 878321.000000 15.000000
6 878776.000000 10.000000
4 880039.000000 15.000000
0 880561.000000 15.000000
2 880999.000000 15.000000
0 881540.000000 15.000000
4 882081.000000 15.000000
3 882667.000000 15.000000
3 883257.000000 15.000000
0 883802.000000 15.000000
0 884305.000000 15.000000
0 884894.000000 15.000000
6 885433.000000 10.000000
5 886664.000000 53.000000
3 887132.000000 15.000000
5 887720.000000 55.000000
1 888223.000000 15.000000
4 888798.000000 15.000000
4 889349.000000 15.000000
4 889862.000000 15.000000
1 890493.000000 15.000000
5 891106.000000 39.000000
2 891554.000000 15.000000
6 892113.000000 10.000000
5 893458.000000 74.000000
3 893975.000000 15.000000
0 894555.000000 15.000000
0 895065.000000 15.000000
5 895677.000000 21.000000
0 896254.000000 15.000000
0 896850.000000 15.000000
5 897419.000000 50.000000
1 897940.000000 15.000000
0 898473.000000 15.000000
6 898995.000000 10.000000
3 900339.000000 15.000000
5 900960.000000 48.000000
3 901527.000000 15.000000
5 902099.000000 62.000000
0 902650.000000 15.000000
4 903216.000000 15.000000
2 903802.000000 15.000000
5 904265.000000 52.000000
4 904779.000000 15.000000
4 905423.000000 15.000000
6 905949.000000 10.000000
2 907272.000000 15.000000
1 907884.000000 15.000000
5 908314.000000 39.000000
0 908896.000000 15.000000
0 909347.000000 15.000000
3 909858.000000 15.000000
0 910345.000000 15.000000
3 910855.000000 15.000000
5 911481.000000 75.000000
3 911974.000000 15.000000
6 912537.000000 10.000000
2 913808.000000 15.000000
0 914328.000000 15.000000
2 914941.000000 15.000000
2 915384.000000 15.000000
2 915866.000000 15.000000
5 916371.000000 39.000000
5 916845.000000 32.000000
4 917294.000000 15.000000
3 917944.000000 15.000000
1 918417.000000 15.000000
6 918879.000000 10.000000
1 920158.000000 15.000000
0 920780.000000 15.000000
2 921341.000000 15.000000
0 921853.000000 15.000000
2 922460.000000 15.000000
0 922902.000000 15.000000
2 923479.000000 15.000000
4 924064.000000 15.000000
5 924618.000000 65.000000
0 925128.000000 15.000000
6 925606.000000 10.000000
1 926950.000000 15.000000
3 927404.000000 15.000000
3 927921.000000 15.000000
4 928469.000000 15.000000
3 929080.000000 15.000000
0 929601.000000 15.000000
0 930142.000000 15.000000
5 930721.000000 22.000000
0 931317.000000 15.000000
5 931892.000000 64.000000
6 932463.000000 10.000000
1 933750.000000 15.000000
5 934189.000000 55.000000
4 934690.000000 15.000000
2 935347.000000 15.000000
4 935891.000000 15.000000
4 936557.000000 15.000000
1 937075.000000 15.000000
3 937551.000000 15.000000
5 938188.000000 63.000000
3 938701.000000 15.000000
6 939201.000000 10.000000
3 940562.000000 15.000000
0 941076.000000 15.000000
4 941600.000000 15.000000
0 942073.000000 15.000000
5 942535.000000 62.000000
0 942989.000000 15.000000
0 943450.000000 15.000000
1 943948.000000 15.000000
5 944518.000000 70.000000
3 945130.000000 15.000000
6 945583.000000 10.000000
3 946819.000000 15.000000
3 947441.000000 15.000000
5 948009.000000 58.000000
2 948580.000000 15.000000
4 949106.000000 15.000000
4 949686.000000 15.000000
0 950203.000000 15.000000
3 950769.000000 15.000000
2 951250.000000 15.000000
2 951764.000000 15.000000
6 952344.000000 10.000000
5 953692.000000 52.000000
2 954176.000000 15.000000
1 954750.000000 15.000000
1 955352.000000 15.000000
4 955818.000000 15.000000
2 956373.000000 15.000000
0 956969.000000 15.000000
5 957404.000000 62.000000
0 957984.000000 15.000000
0 958611.000000 15.000000
6 959122.000000 10.000000
3 960412.000000 15.000000
1 960955.000000 15.000000
0 961400.000000 15.000000
0 961874.000000 15.000000
1 962321.000000 15.000000
2 962780.000000 15.000000
4 963235.000000 15.000000
1 963774.000000 15.000000
2 964289.000000 15.000000
0 964767.000000 15.000000
6 965243.000000 10.000000
2 966598.000000 15.000000
1 967085.000000 15.000000
3 967634.000000 15.000000
5 968180.000000 26.000000
4 968649.000000 15.000000
1 969217.000000 15.000000
1 969648.000000 15.000000
3 970104.000000 15.000000
4 970718.000000 15.000000
0 971272.000000 15.000000
6 971721.000000 10.000000
2 972993.000000 15.000000
2 973430.000000 15.000000
3 973964.000000 15.000000
4 974516.000000 15.000000
4 975030.000000 15.000000
2 975651.000000 15.000000
2 976242.000000 15.000000
3 976701.000000 15.000000
3 977277.000000 15.000000
3 977914.000000 15.000000
6 978388.000000 10.000000
3 979673.000000 15.000000
3 980271.000000 15.000000
5 980753.000000 80.000000
0 981393.000000 15.000000
0 981979.000000 15.000000
1 982509.000000 15.000000
3 982997.000000 15.000000
0 983528.000000 15.000000
1 984006.000000 15.000000
5 984623.000000 48.000000
6 985205.000000 10.000000
0 986432.000000 15.000000
3 986891.000000 15.000000
3 987504.000000 15.000000
4 988076.000000 15.000000
3 988561.000000 15.000000
0 989035.000000 15.000000
2 989600.000000 15.000000
0 990127.000000 15.000000
3 990742.000000 15.000000
4 991361.000000 15.000000
6 991990.000000 10.000000
4 993310.000000 15.000000
2 993898.000000 15.000000
4 994342.000000 15.000000
2 994953.000000 15.000000
3 995454.000000 15.000000
1 995951.000000 15.000000
1 996484.000000 15.000000
3 996938.000000 15.000000
1 997539.000000 15.000000
3 998108.000000 15.000000
6 998587.000000 10.000000
1 999885.000000 15.000000
4 1000497.000000 15.000000
0 1000974.000000 15.000000
2 1001597.000000 15.000000
1 1002077.000000 15.000000
5 1002561.000000 77.000000
2 1003023.000000 15.000000
5 1003467.000000 83.000000
4 1004002.000000 15.000000
5 1004640.000000 37.000000
6 1005181.000000 10.000000
2 1006521.000000 15.000000
3 1007036.000000 15.000000
4 1007615.000000 15.000000
5 1008213.000000 41.000000
4 1008784.000000 15.000000
2 1009400.000000 15.000000
3 1009870.000000 15.000000
5 1010329.000000 27.000000
5 1010958.000000 73.000000
1 1011409.000000 15.000000
6 1011837.000000 10.000000
5 1013198.000000 67.000000
2 1013717.000000 15.000000
1 1014269.000000 15.000000
2 1014807.000000 15.000000
3 1015262.000000 15.000000
2 1015795.000000 15.000000
0 1016305.000000 15.000000
3 1016912.000000 15.000000
4 1017392.000000 15.000000
1 1018051.000000 15.000000
6 1018649.000000 10.000000
0 1019868.000000 15.000000
5 1020437.000000 46.000000
4 1021072.000000 15.000000
0 1021597.000000 15.000000
0 1022050.000000 15.000000
2 1022608.000000 15.000000
0 1023149.000000 15.000000
4 1023641.000000 15.000000
2 1024266.000000 15.000000
5 1024858.000000 44.000000
6 1025358.000000 10.000000
0 1026643.000000 15.000000
4 1027169.000000 15.000000
1 1027770.000000 15.000000
4 1028235.000000 15.000000
3 1028780.000000 15.000000
0 1029259.000000 15.000000
3 1029718.000000 15.000000
0 1030350.000000 15.000000
3 1030859.000000 15.000000
2 1031352.000000 15.000000
6 1031921.000000 10.000000
4 1033234.000000 15.000000
1 1033787.000000 15.000000
1 1034266.000000 15.000000
0 1034736.000000 15.000000
2 1035216.000000 15.000000
1 1035802.000000 15.000000
3 1036385.000000 15.000000
2 1036940.000000 15.000000
0 1037515.000000 15.000000
1 1038028.000000 15.000000
6 1038453.000000 10.000000
2 1039704.000000 15.000000
4 1040214.000000 15.000000
5 1040852.000000 48.000000
4 1041414.000000 15.000000
5 1042052.000000 26.000000
1 1042568.000000 15.000000
1 1043120.000000 15.000000
0 1043654.000000 15.000000
4 1044146.000000 15.000000
2 1044802.000000 15.000000
6 1045329.000000 10.000000
5 1046706.000000 21.000000
0 1047259.000000 15.000000
2 1047740.000000 15.000000
2 1048202.000000 15.000000
2 1048706.000000 15.000000
1 1049193.000000 15.000000
1 1049657.000000 15.000000
5 1050141.000000 36.000000
4 1050767.000000 15.000000
4 1051372.000000 15.000000
6 1051866.000000 10.000000
0 1053151.000000 15.000000
2 1053664.000000 15.000000
2 1054205.000000 15.000000
1 1054761.000000 15.000000
3 1055233.000000 15.000000
2 1055746.000000 15.000000
2 1056312.000000 15.000000
5 1056910.000000 50.000000
1 1057413.000000 15.000000
4 1057973.000000 15.000000
6 1058627.000000 10.000000
2 1059857.000000 15.000000
5 1060357.000000 35.000000
5 1060994.000000 51.000000
0 1061581.000000 15.000000
1 1062073.000000 15.000000
0 1062693.000000 15.000000
2 1063221.000000 15.000000
4 1063755.000000 15.000000
3 1064407.000000 15.000000
5 1065054.000000 52.000000
6 1065512.000000 10.000000
2 1066789.000000 15.000000
2 1067286.000000 15.000000
3 1067889.000000 15.000000
5 1068457.000000 81.000000
2 1068943.000000 15.000000
3 1069545.000000 15.000000
2 1070186.000000 15.000000
1 1070798.000000 15.000000
2 1071340.000000 15.000000
4 1071768.000000 15.000000
6 1072356.000000 10.000000
5 1073657.000000 67.000000
1 1074136.000000 15.000000
2 1074611.000000 15.000000
4 1075047.000000 15.000000
0 1075605.000000 15.000000
1 1076236.000000 15.000000
1 1076698.000000 15.000000
5 1077289.000000 64.000000
5 1077858.000000 23.000000
0 1078395.000000 15.000000
6 1079026.000000 10.000000
5 1080427.000000 39.000000
3 1081027.000000 15.000000
5 1081519.000000 39.000000
4 1082070.000000 15.000000
3 1082625.000000 15.000000
4 1083149.000000 15.000000
3 1083635.000000 15.000000
3 1084142.000000 15.000000
1 1084775.000000 15.000000
3 1085297.000000 15.000000
6 1085807.000000 10.000000
5 1087123.000000 78.000000
0 1087683.000000 15.000000
0 1088185.000000 15.000000
1 1088742.000000 15.000000
0 1089347.000000 15.000000
3 1089909.000000 15.000000
2 1090416.000000 15.000000
5 1090948.000000 74.000000
3 1091574.000000 15.000000
2 1092138.000000 15.000000
6 1092722.000000 10.000000
2 1094083.000000 15.000000
5 1094541.000000 35.000000
2 1095003.000000 15.000000
4 1095484.000000 15.000000
5 1096135.000000 29.000000
3 1096581.000000 15.000000
4 1097201.000000 15.000000
0 1097733.000000 15.000000
0 1098224.000000 15.000000
5 1098825.000000 65.000000
6 1099347.000000 10.000000
5 1100733.000000 64.000000
2 1101281.000000 15.000000
1 1101734.000000 15.000000
4 1102162.000000 15.000000
0 1102814.000000 15.000000
4 1103436.000000 15.000000
4 1104014.000000 15.000000
1 1104627.000000 15.000000
0 1105114.000000 15.000000
0 1105568.000000 15.000000
6 1106041.000000 10.000000
5 1107281.000000 32.000000
3 1107753.000000 15.000000
2 1108271.000000 15.000000
3 1108845.000000 15.000000
5 1109416.000000 21.000000
5 1109882.000000 40.000000
4 1110404.000000 15.000000
2 1111045.000000 15.000000
3 1111636.000000 15.000000
5 1112104.000000 28.000000
6 1112705.000000 10.000000
3 1114103.000000 15.000000
5 1114710.000000 64.000000
1 1115173.000000 15.000000
2 1115626.000000 15.000000
4 1116088.000000 15.000000
1 1116688.000000 15.000000
1 1117201.000000 15.000000
1 1117626.000000 15.000000
0 1118141.000000 15.000000
2 1118577.000000 15.000000
6 1119139.000000 10.000000
4 1120398.000000 15.000000
0 1120991.000000 15.000000
5 1121578.000000 69.000000
3 1122168.000000 15.000000
0 1122725.000000 15.000000
3 1123179.000000 15.000000
3 1123670.000000 15.000000
2 1124159.000000 15.000000
5 1124722.000000 28.000000
1 1125177.000000 15.000000
6 1125606.000000 10.000000
1 1126819.000000 15.000000
0 1127360.000000 15.000000
3 1127837.000000 15.000000
2 1128367.000000 15.000000
2 1128829.000000 15.000000
5 1129441.000000 41.000000
2 1129989.000000 15.000000
0 1130476.000000 15.000000
3 1131020.000000 15.000000
1 1131509.000000 15.000000
6 1132063.000000 10.000000
0 1133402.000000 15.000000
5 1133964.000000 51.000000
4 1134535.000000 15.000000
0 1135077.000000 15.000000
4 1135699.000000 15.000000
4 1136221.000000 15.000000
3 1136770.000000 15.000000
0 1137244.000000 15.000000
1 1137788.000000 15.000000
3 1138342.000000 15.000000
6 1138976.000000 10.000000
0 1140256.000000 15.000000
3 1140752.000000 15.000000
2 1141388.000000 15.000000
1 1141928.000000 15.000000
2 1142516.000000 15.000000
3 1142952.000000 15.000000
0 1143427.000000 15.000000
0 1143873.000000 15.000000
1 1144336.000000 15.000000
4 1144856.000000 15.000000
6 1145366.000000 10.000000
1 1146744.000000 15.000000
2 1147199.000000 15.000000
2 1147722.000000 15.000000
0 1148246.000000 15.000000
2 1148762.000000 15.000000
5 1149183.000000 41.000000
3 1149632.000000 15.000000
2 1150267.000000 15.000000
5 1150816.000000 56.000000
4 1151454.000000 15.000000
6 1152045.000000 10.000000
4 1153320.000000 15.000000
1 1153917.000000 15.000000
3 1154408.000000 15.000000
3 1154956.000000 15.000000
0 1155578.000000 15.000000
4 1156072.000000 15.000000
3 1156555.000000 15.000000
4 1157068.000000 15.000000
2 1157589.000000 15.000000
3 1158026.000000 15.000000
6 1158632.000000 10.000000
0 1159900.000000 15.000000
5 1160352.000000 53.000000
1 1160933.000000 15.000000
4 1161480.000000 15.000000
0 1161987.000000 15.000000
5 1162442.000000 42.000000
4 1162922.000000 15.000000
1 1163524.000000 15.000000
0 1164135.000000 15.000000
0 1164677.000000 15.000000
6 1165124.000000 10.000000
2 1166360.000000 15.000000
4 1166933.000000 15.000000
1 1167470.000000 15.000000
1 1168075.000000 15.000000
1 1168644.000000 15.000000
5 1169165.000000 39.000000
0 1169771.000000 15.000000
5 1170266.000000 52.000000
5 1170903.000000 43.000000
2 1171473.000000 15.000000
6 1171966.000000 10.000000
5 1173190.000000 68.000000
3 1173731.000000 15.000000
4 1174209.000000 15.000000
1 1174845.000000 15.000000
4 1175401.000000 15.000000
0 1175969.000000 15.000000
5 1176451.000000 62.000000
0 1176915.000000 15.000000
1 1177411.000000 15.000000
0 1177981.000000 15.000000
6 1178483.000000 10.000000
0 1179694.000000 15.000000
5 1180136.000000 59.000000
4 1180689.000000 15.000000
2 1181214.000000 15.000000
1 1181752.000000 15.000000
3 1182192.000000 15.000000
5 1182688.000000 75.000000
1 1183154.000000 15.000000
0 1183611.000000 15.000000
4 1184140.000000 15.000000
6 1184758.000000 10.000000
0 1186075.000000 15.000000
4 1186656.000000 15.000000
5 1187312.000000 45.000000
5 1187794.000000 47.000000
0 1188421.000000 15.000000
5 1188863.000000 33.000000
4 1189400.000000 15.000000
0 1189965.000000 15.000000
5 1190567.000000 60.000000
2 1191103.000000 15.000000
6 1191715.000000 10.000000
0 1193124.000000 15.000000
0 1193638.000000 15.000000
3 1194103.000000 15.000000
2 1194734.000000 15.000000
3 1195305.000000 15.000000
2 1195780.000000 15.000000
3 1196195.000000 15.000000
3 1196656.000000 15.000000
2 1197146.000000 15.000000
1 1197677.000000 15.000000
6 1198171.000000 10.000000
3 1199432.000000 15.000000
4 1200039.000000 15.000000
5 1200547.000000 40.000000
5 1201051.000000 61.000000
1 1201538.000000 15.000000
2 1202110.000000 15.000000
5 1202540.000000 65.000000
0 1203074.000000 15.000000
3 1203546.000000 15.000000
1 1204080.000000 15.000000
6 1204605.000000 10.000000
3 1205942.000000 15.000000
2 1206482.000000 15.000000
2 1207035.000000 15.000000
0 1207644.000000 15.000000
1 1208143.000000 15.000000
4 1208689.000000 15.000000
0 1209321.000000 15.000000
1 1209952.000000 15.000000
1 1210550.000000 15.000000
2 1211024.000000 15.000000
6 1211522.000000 10.000000
0 1212798.000000 15.000000
5 1213294.000000 66.000000
1 1213795.000000 15.000000
2 1214220.000000 15.000000
5 1214743.000000 49.000000
1 1215347.000000 15.000000
2 1215844.000000 15.000000
5 1216259.000000 77.000000
4 1216751.000000 15.000000
0 1217278.000000 15.000000
6 1217713.000000 10.000000
5 1219003.000000 58.000000
1 1219614.000000 15.000000
3 1220085.000000 15.000000
2 1220599.000000 15.000000
5 1221028.000000 52.000000
1 1221548.000000 15.000000
0 1222039.000000 15.000000
1 1222593.000000 15.000000
5 1223018.000000 56.000000
3 1223548.000000 15.000000
6 1224144.000000 10.000000
0 1225446.000000 15.000000
3 1225989.000000 15.000000
1 1226462.000000 15.000000
2 1226925.000000 15.000000
2 1227490.000000 15.000000
1 1227992.000000 15.000000
5 1228597.000000 28.000000
1 1229093.000000 15.000000
0 1229674.000000 15.000000
4 1230243.000000 15.000000
6 1230774.000000 10.000000
1 1232028.000000 15.000000
1 1232550.000000 15.000000
4 1233018.000000 15.000000
3 1233648.000000 15.000000
5 1234203.000000 68.000000
4 1234751.000000 15.000000
4 1235228.000000 15.000000
3 1235816.000000 15.000000
3 1236323.000000 15.000000
0 1236922.000000 15.000000
6 1237443.000000 10.000000
5 1238721.000000 81.000000
5 1239335.000000 83.000000
2 1239959.000000 15.000000
4 1240380.000000 15.000000
4 1240965.000000 15.000000
4 1241462.000000 15.000000
0 1241960.000000 15.000000
5 1242417.000000 78.000000
5 1243052.000000 79.000000
1 1243606.000000 15.000000
6 1244140.000000 10.000000
5 1245451.000000 29.000000
3 1245960.000000 15.000000
0 1246434.000000 15.000000
3 1246898.000000 15.000000
5 1247463.000000 61.000000
4 1248048.000000 15.000000
5 1248635.000000 21.000000
0 1249101.000000 15.000000
4 1249720.000000 15.000000
4 1250343.000000 15.000000
6 1250849.000000 10.000000
3 1252074.000000 15.000000
5 1252708.000000 63.000000
3 1253228.000000 15.000000
3 1253785.000000 15.000000
1 1254265.000000 15.000000
0 1254707.000000 15.000000
0 1255192.000000 15.000000
4 1255690.000000 15.000000
3 1256236.000000 15.000000
1 1256702.000000 15.000000
6 1257133.000000 10.000000
5 1258357.000000 41.000000
4 1258819.000000 15.000000
2 1259333.000000 15.000000
4 1259880.000000 15.000000
3 1260391.000000 15.000000
2 1260988.000000 15.000000
5 1261440.000000 60.000000
4 1261964.000000 15.000000
4 1262479.000000 15.000000
0 1263147.000000 15.000000
6 1263758.000000 10.000000
0 1265103.000000 15.000000
4 1265551.000000 15.000000
5 1266161.000000 53.000000
2 1266604.000000 15.000000
4 1267065.000000 15.000000
5 1267594.000000 83.000000
1 1268225.000000 15.000000
2 1268827.000000 15.000000
3 1269425.000000 15.000000
2 1269918.000000 15.000000
6 1270472.000000 10.000000
2 1271707.000000 15.000000
4 1272156.000000 15.000000
3 1272818.000000 15.000000
5 1273312.000000 50.000000
5 1273847.000000 48.000000
3 1274473.000000 15.000000
0 1275043.000000 15.000000
5 1275501.000000 53.000000
4 1276072.000000 15.000000
4 1276674.000000 15.000000
6 1277228.000000 10.000000
1 1278481.000000 15.000000
3 1278985.000000 15.000000
5 1279510.000000 34.000000
3 1280069.000000 15.000000
2 1280543.000000 15.000000
0 1280990.000000 15.000000
4 1281549.000000 15.000000
2 1282131.000000 15.000000
0 1282699.000000 15.000000
2 1283290.000000 15.000000
6 1283897.000000 10.000000
0 1285275.000000 15.000000
3 1285847.000000 15.000000
4 1286493.000000 15.000000
3 1287128.000000 15.000000
3 1287667.000000 15.000000
3 1288224.000000 15.000000
2 1288865.000000 15.000000
5 1289359.000000 54.000000
2 1289848.000000 15.000000
5 1290329.000000 29.000000
6 1290843.000000 10.000000
1 1292129.000000 15.000000
0 1292726.000000 15.000000
5 1293296.000000 40.000000
1 1293930.000000 15.000000
2 1294355.000000 15.000000
3 1294872.000000 15.000000
4 1295342.000000 15.000000
4 1295955.000000 15.000000
3 1296555.000000 15.000000
0 1297052.000000 15.000000
6 1297666.000000 10.000000
3 1299070.000000 15.000000
1 1299718.000000 15.000000
2 1300244.000000 15.000000
0 1300818.000000 15.000000
2 1301294.000000 15.000000
0 1301783.000000 15.000000
2 1302384.000000 15.000000
1 1302966.000000 15.000000
5 1303425.000000 42.000000
3 1304040.000000 15.000000
6 1304610.000000 10.000000
3 1305947.000000 15.000000
5 1306553.000000 64.000000
0 1307099.000000 15.000000
2 1307632.000000 15.000000
2 1308163.000000 15.000000
3 1308633.000000 15.000000
5 1309087.000000 54.000000
3 1309664.000000 15.000000
3 1310309.000000 15.000000
1 1310917.000000 15.000000
6 1311482.000000 10.000000
0 1312833.000000 15.000000
2 1313376.000000 15.000000
5 1313908.000000 34.000000
2 1314545.000000 15.000000
1 1315115.000000 15.000000
4 1315616.000000 15.000000
4 1316211.000000 15.000000
5 1316806.000000 75.000000
2 1317337.000000 15.000000
2 1317779.000000 15.000000
6 1318382.000000 10.000000
4 1319764.000000 15.000000
5 1320263.000000 74.000000
3 1320777.000000 15.000000
5 1321282.000000 38.000000
3 1321902.000000 15.000000
2 1322390.000000 15.000000
5 1322854.000000 37.000000
0 1323454.000000 15.000000
3 1323955.000000 15.000000
0 1324544.000000 15.000000
6 1325091.000000 10.000000
4 1326414.000000 15.000000
4 1326939.000000 15.000000
3 1327472.000000 15.000000
2 1327953.000000 15.000000
1 1328392.000000 15.000000
3 1328911.000000 15.000000
1 1329526.000000 15.000000
1 1330119.000000 15.000000
5 1330697.000000 34.000000
1 1331281.000000 15.000000
6 1331789.000000 10.000000
3 1333014.000000 15.000000
0 1333532.000000 15.000000
4 1334037.000000 15.000000
4 1334595.000000 15.000000
2 1335260.000000 15.000000
2 1335703.000000 15.000000
1 1336128.000000 15.000000
2 1336750.000000 15.000000
5 1337175.000000 77.000000
1 1337789.000000 15.000000
6 1338357.000000 10.000000
1 1339671.000000 15.000000
2 1340182.000000 15.000000
0 1340693.000000 15.000000
0 1341230.000000 15.000000
0 1341670.000000 15.000000
2 1342117.000000 15.000000
0 1342698.000000 15.000000
1 1343221.000000 15.000000
5 1343760.000000 24.000000
5 1344324.000000 79.000000
6 1344769.000000 10.000000
2 1346121.000000 15.000000
3 1346646.000000 15.000000
4 1347243.000000 15.000000
0 1347915.000000 15.000000
3 1348368.000000 15.000000
4 1348984.000000 15.000000
2 1349644.000000 15.000000
5 1350134.000000 77.000000
5 1350617.000000 76.000000
5 1351084.000000 36.000000
6 1351535.000000 10.000000
4 1352895.000000 15.000000
1 1353456.000000 15.000000
5 1353981.000000 27.000000
3 1354441.000000 15.000000
5 1355045.000000 56.000000
2 1355651.000000 15.000000
2 1356248.000000 15.000000
0 1356737.000000 15.000000
5 1357290.000000 77.000000
4 1357798.000000 15.000000
6 1358440.000000 10.000000
3 1359823.000000 15.000000
2 1360410.000000 15.000000
1 1360856.000000 15.000000
1 1361301.000000 15.000000
5 1361901.000000 41.000000
4 1362461.000000 15.000000
4 1362959.000000 15.000000
2 1363564.000000 15.000000
4 1364063.000000 15.000000
4 1364581.000000 15.000000
6 1365240.000000 10.000000
2 1366539.000000 15.000000
2 1366968.000000 15.000000
0 1367576.000000 15.000000
2 1368013.000000 15.000000
3 1368449.000000 15.000000
0 1368942.000000 15.000000
2 1369410.000000 15.000000
3 1369944.000000 15.000000
2 1370395.000000 15.000000
0 1370970.000000 15.000000
6 1371505.000000 10.000000
1 1372718.000000 15.000000
2 1373156.000000 15.000000
4 1373642.000000 15.000000
4 1374273.000000 15.000000
0 1374945.000000 15.000000
4 1375552.000000 15.000000
5 1376037.000000 52.000000
1 1376565.000000 15.000000
0 1377162.000000 15.000000
4 1377753.000000 15.000000
6 1378334.000000 10.000000
4 1379646.000000 15.000000
1 1380195.000000 15.000000
3 1380621.000000 15.000000
5 1381102.000000 73.000000
2 1381736.000000 15.000000
2 1382224.000000 15.000000
3 1382838.000000 15.000000
3 1383380.000000 15.000000
5 1383919.000000 79.000000
0 1384387.000000 15.000000
6 1384912.000000 10.000000
4 1386132.000000 15.000000
3 1386669.000000 15.000000
2 1387140.000000 15.000000
5 1387674.000000 44.000000
2 1388217.000000 15.000000
2 1388798.000000 15.000000
4 1389238.000000 15.000000
4 1389892.000000 15.000000
5 1390526.000000 58.000000
5 1391149.000000 82.000000
6 1391640.000000 10.000000
3 1392915.000000 15.000000
2 1393390.000000 15.000000
5 1393876.000000 34.000000
5 1394437.000000 22.000000
5 1395030.000000 62.000000
0 1395639.000000 15.000000
2 1396175.000000 15.000000
1 1396616.000000 15.000000
4 1397113.000000 15.000000
2 1397691.000000 15.000000
6 1398220.000000 10.000000
3 1399569.000000 15.000000
4 1400035.000000 15.000000
4 1400624.000000 15.000000
2 1401143.000000 15.000000
5 1401712.000000 27.000000
4 1402348.000000 15.000000
4 1402874.000000 15.000000
2 1403449.000000 15.000000
3 1403868.000000 15.000000
4 1404511.000000 15.000000
6 1405094.000000 10.000000
5 1406387.000000 67.000000
1 1407017.000000 15.000000
0 1407537.000000 15.000000
5 1408133.000000 39.000000
4 1408700.000000 15.000000
0 1409248.000000 15.000000
0 1409687.000000 15.000000
0 1410276.000000 15.000000
0 1410779.000000 15.000000
1 1411277.000000 15.000000
6 1411744.000000 10.000000
5 1413086.000000 20.000000
3 1413551.000000 15.000000
5 1414102.000000 76.000000
0 1414544.000000 15.000000
4 1415104.000000 15.000000
2 1415629.000000 15.000000
0 1416157.000000 15.000000
2 1416615.000000 15.000000
4 1417084.000000 15.000000
1 1417634.000000 15.000000
6 1418184.000000 10.000000
5 1419559.000000 48.000000
5 1420142.000000 74.000000
1 1420708.000000 15.000000
1 1421195.000000 15.000000
0 1421738.000000 15.000000
4 1422342.000000 15.000000
5 1422973.000000 79.000000
4 1423577.000000 15.000000
2 1424169.000000 15.000000
2 1424626.000000 15.000000
6 1425123.000000 10.000000
4 1426522.000000 15.000000
2 1427087.000000 15.000000
1 1427510.000000 15.000000
2 1428097.000000 15.000000
2 1428640.000000 15.000000
0 1429225.000000 15.000000
4 1429721.000000 15.000000
4 1430258.000000 15.000000
3 1430874.000000 15.000000
4 1431389.000000 15.000000
6 1431954.000000 10.000000
5 1433183.000000 24.000000
3 1433686.000000 15.000000
2 1434215.000000 15.000000
4 1434816.000000 15.000000
1 1435473.000000 15.000000
2 1436041.000000 15.000000
4 1436547.000000 15.000000
1 1437158.000000 15.000000
1 1437751.000000 15.000000
0 1438188.000000 15.000000
6 1438681.000000 10.000000
4 1439923.000000 15.000000
4 1440571.000000 15.000000
2 1441172.000000 15.000000
0 1441644.000000 15.000000
2 1442266.000000 15.000000
2 1442702.000000 15.000000
2 1443168.000000 15.000000
4 1443606.000000 15.000000
2 1444173.000000 15.000000
3 1444633.000000 15.000000
6 1445222.000000 10.000000
5 1446544.000000 36.000000
0 1447168.000000 15.000000
3 1447757.000000 15.000000
0 1448275.000000 15.000000
4 1448866.000000 15.000000
3 1449486.000000 15.000000
3 1449972.000000 15.000000
2 1450448.000000 15.000000
0 1450881.000000 15.000000
0 1451461.000000 15.000000
6 1452064.000000 10.000000
4 1453326.000000 15.000000
0 1453802.000000 15.000000
2 1454276.000000 15.000000
3 1454697.000000 15.000000
1 1455306.000000 15.000000
0 1455817.000000 15.000000
1 1456426.000000 15.000000
1 1456871.000000 15.000000
5 1457305.000000 61.000000
4 1457945.000000 15.000000
6 1458502.000000 10.000000
1 1459714.000000 15.000000
1 1460275.000000 15.000000
2 1460784.000000 15.000000
2 1461368.000000 15.000000
5 1461842.000000 61.000000
0 1462420.000000 15.000000
4 1462874.000000 15.000000
5 1463420.000000 41.000000
3 1463905.000000 15.000000
5 1464516.000000 37.000000
6 1465151.000000 10.000000
0 1466522.000000 15.000000
2 1467143.000000 15.000000
4 1467742.000000 15.000000
1 1468384.000000 15.000000
5 1468812.000000 27.000000
4 1469440.000000 15.000000
2 1470050.000000 15.000000
0 1470474.000000 15.000000
0 1470969.000000 15.000000
2 1471480.000000 15.000000
6 1472040.000000 10.000000
1 1473376.000000 15.000000
1 1473811.000000 15.000000
3 1474320.000000 15.000000
0 1474943.000000 15.000000
0 1475480.000000 15.000000
4 1476102.000000 15.000000
3 1476704.000000 15.000000
2 1477319.000000 15.000000
2 1477918.000000 15.000000
5 1478345.000000 66.000000
6 1478916.000000 10.000000
5 1480254.000000 24.000000
5 1480704.000000 63.000000
0 1481228.000000 15.000000
0 1481708.000000 15.000000
4 1482242.000000 15.000000
5 1482760.000000 24.000000
0 1483232.000000 15.000000
2 1483848.000000 15.000000
4 1484409.000000 15.000000
4 1485012.000000 15.000000
6 1485539.000000 10.000000
3 1486852.000000 15.000000
1 1487423.000000 15.000000
1 1488006.000000 15.000000
0 1488607.000000 15.000000
0 1489129.000000 15.000000
0 1489743.000000 15.000000
4 1490355.000000 15.000000
2 1490938.000000 15.000000
2 1491535.000000 15.000000
3 1491986.000000 15.000000
6 1492582.000000 10.000000
0 1493884.000000 15.000000
3 1494427.000000 15.000000
5 1495046.000000 72.000000
1 1495641.000000 15.000000
2 1496252.000000 15.000000
1 1496703.000000 15.000000
2 1497276.000000 15.000000
5 1497884.000000 32.000000
2 1498497.000000 15.000000
1 1499084.000000 15.000000
6 1499529.000000 10.000000
1 1500858.000000 15.000000
4 1501369.000000 15.000000
1 1502022.000000 15.000000
5 1502549.000000 41.000000
0 1503165.000000 15.000000
5 1503664.000000 43.000000
2 1504277.000000 15.000000
4 1504786.000000 15.000000
2 1505271.000000 15.000000
1 1505875.000000 15.000000
6 1506421.000000 10.000000
2 1507764.000000 15.000000
4 1508191.000000 15.000000
1 1508778.000000 15.000000
2 1509334.000000 15.000000
4 1509860.000000 15.000000
5 1510360.000000 39.000000
2 1510964.000000 15.000000
4 1511405.000000 15.000000
2 1512049.000000 15.000000
5 1512553.000000 81.000000
6 1513035.000000 10.000000
5 1514289.000000 22.000000
5 1514860.000000 81.000000
1 1515312.000000 15.000000
3 1515779.000000 15.000000
0 1516413.000000 15.000000
0 1516956.000000 15.000000
5 1517405.000000 29.000000
5 1518009.000000 71.000000
1 1518559.000000 15.000000
3 1519014.000000 15.000000
6 1519600.000000 10.000000
5 1520972.000000 61.000000
3 1521550.000000 15.000000
5 1522108.000000 59.000000
2 1522565.000000 15.000000
2 1523092.000000 15.000000
5 1523702.000000 80.000000
0 1524319.000000 15.000000
4 1524791.000000 15.000000
3 1525277.000000 15.000000
3 1525896.000000 15.000000
6 1526427.000000 10.000000
5 1527750.000000 27.000000
2 1528318.000000 15.000000
2 1528746.000000 15.000000
5 1529163.000000 37.000000
2 1529658.000000 15.000000
3 1530073.000000 15.000000
3 1530533.000000 15.000000
2 1531051.000000 15.000000
2 1531664.000000 15.000000
2 1532156.000000 15.000000
6 1532634.000000 10.000000
5 1534033.000000 49.000000
4 1534544.000000 15.000000
4 1535181.000000 15.000000
1 1535821.000000 15.000000
0 1536246.000000 15.000000
4 1536814.000000 15.000000
5 1537310.000000 80.000000
1 1537872.000000 15.000000
2 1538352.000000 15.000000
0 1538947.000000 15.000000
6 1539534.000000 10.000000
0 1540858.000000 15.000000
0 1541469.000000 15.000000
3 1541913.000000 15.000000
3 1542445.000000 15.000000
4 1543052.000000 15.000000
0 1543547.000000 15.000000
3 1544166.000000 15.000000
2 1544714.000000 15.000000
3 1545251.000000 15.000000
4 1545770.000000 15.000000
6 1546352.000000 10.000000
4 1547747.000000 15.000000
4 1548372.000000 15.000000
0 1548896.000000 15.000000
1 1549391.000000 15.000000
3 1549839.000000 15.000000
3 1550454.000000 15.000000
5 1550964.000000 22.000000
5 1551535.000000 75.000000
3 1552133.000000 15.000000
0 1552764.000000 15.000000
6 1553257.000000 10.000000
2 1554582.000000 15.000000
4 1555038.000000 15.000000
0 1555690.000000 15.000000
1 1556248.000000 15.000000
5 1556811.000000 59.000000
3 1557442.000000 15.000000
0 1558032.000000 15.000000
0 1558646.000000 15.000000
1 1559196.000000 15.000000
2 1559661.000000 15.000000
6 1560083.000000 10.000000
3 1561321.000000 15.000000
5 1561824.000000 81.000000
1 1562382.000000 15.000000
1 1562887.000000 15.000000
5 1563419.000000 38.000000
3 1563969.000000 15.000000
4 1564597.000000 15.000000
5 1565110.000000 41.000000
0 1565562.000000 15.000000
2 1566100.000000 15.000000
6 1566673.000000 10.000000
0 1567892.000000 15.000000
0 1568500.000000 15.000000
1 1569054.000000 15.000000
2 1569554.000000 15.000000
1 1570112.000000 15.000000
4 1570682.000000 15.000000
1 1571321.000000 15.000000
3 1571865.000000 15.000000
1 1572416.000000 15.000000
2 1573006.000000 15.000000
6 1573480.000000 10.000000
0 1574856.000000 15.000000
4 1575384.000000 15.000000
4 1575911.000000 15.000000
0 1576407.000000 15.000000
0 1577029.000000 15.000000
2 1577489.000000 15.000000
4 1578031.000000 15.000000
0 1578684.000000 15.000000
5 1579228.000000 30.000000
2 1579671.000000 15.000000
6 1580223.000000 10.000000
5 1581592.000000 25.000000
5 1582077.000000 29.000000
2 1582583.000000 15.000000
5 1583075.000000 53.000000
3 1583716.000000 15.000000
0 1584292.000000 15.000000
0 1584787.000000 15.000000
4 1585238.000000 15.000000
5 1585811.000000 67.000000
1 1586341.000000 15.000000
6 1586814.000000 10.000000
3 1588067.000000 15.000000
2 1588566.000000 15.000000
0 1589088.000000 15.000000
0 1589643.000000 15.000000
3 1590145.000000 15.000000
0 1590659.000000 15.000000
2 1591135.000000 15.000000
3 1591631.000000 15.000000
2 1592131.000000 15.000000
1 1592581.000000 15.000000
6 1593133.000000 10.000000
2 1594421.000000 15.000000
5 1594859.000000 27.000000
5 1595460.000000 35.000000
2 1596041.000000 15.000000
4 1596472.000000 15.000000
1 1597086.000000 15.000000
0 1597611.000000 15.000000
3 1598220.000000 15.000000
4 1598732.000000 15.000000
1 1599310.000000 15.000000
6 1599809.000000 10.000000
2 1601099.000000 15.000000
3 1601706.000000 15.000000
4 1602170.000000 15.000000
2 1602721.000000 15.000000
1 1603321.000000 15.000000
4 1603919.000000 15.000000
2 1604410.000000 15.000000
1 1604981.000000 15.000000
4 1605462.000000 15.000000
0 1606130.000000 15.000000
6 1606619.000000 10.000000
4 1607984.000000 15.000000
3 1608587.000000 15.000000
4 1609202.000000 15.000000
1 1609808.000000 15.000000
3 1610307.000000 15.000000
2 1610798.000000 15.000000
1 1611246.000000 15.000000
1 1611691.000000 15.000000
0 1612281.000000 15.000000
5 1612837.000000 55.000000
6 1613376.000000 10.000000
1 1614639.000000 15.000000
5 1615093.000000 79.000000
4 1615654.000000 15.000000
4 1616183.000000 15.000000
1 1616656.000000 15.000000
0 1617275.000000 15.000000
5 1617884.000000 32.000000
1 1618403.000000 15.000000
0 1618877.000000 15.000000
2 1619449.000000 15.000000
6 1619908.000000 10.000000
2 1621290.000000 15.000000
3 1621897.000000 15.000000
4 1622504.000000 15.000000
2 1623129.000000 15.000000
2 1623614.000000 15.000000
2 1624110.000000 15.000000
5 1624579.000000 43.000000
3 1625099.000000 15.000000
4 1625685.000000 15.000000
2 1626257.000000 15.000000
6 1626698.000000 10.000000
0 1627914.000000 15.000000
1 1628503.000000 15.000000
5 1629030.000000 75.000000
0 1629640.000000 15.000000
3 1630077.000000 15.000000
0 1630621.000000 15.000000
4 1631072.000000 15.000000
2 1631681.000000 15.000000
2 1632183.000000 15.000000
5 1632671.000000 40.000000
6 1633143.000000 10.000000
2 1634482.000000 15.000000
4 1634949.000000 15.000000
4 1635550.000000 15.000000
0 1636220.000000 15.000000
4 1636757.000000 15.000000
4 1637290.000000 15.000000
3 1637834.000000 15.000000
1 1638455.000000 15.000000
4 1638981.000000 15.000000
4 1639467.000000 15.000000
6 1640066.000000 10.000000
1 1641406.000000 15.000000
2 1641966.000000 15.000000
5 1642432.000000 81.000000
5 1643036.000000 78.000000
1 1643481.000000 15.000000
5 1643964.000000 51.000000
3 1644540.000000 15.000000
2 1645103.000000 15.000000
5 1645565.000000 24.000000
2 1646055.000000 15.000000
6 1646640.000000 10.000000
2 1647992.000000 15.000000
4 1648503.000000 15.000000
3 1649155.000000 15.000000
3 1649745.000000 15.000000
0 1650336.000000 15.000000
2 1650941.000000 15.000000
5 1651533.000000 28.000000
1 1651983.000000 15.000000
0 1652488.000000 15.000000
2 1653037.000000 15.000000
6 1653621.000000 10.000000
4 1654883.000000 15.000000
0 1655388.000000 15.000000
5 1655857.000000 55.000000
5 1656444.000000 76.000000
1 1656954.000000 15.000000
4 1657388.000000 15.000000
2 1658059.000000 15.000000
0 1658547.000000 15.000000
4 1659068.000000 15.000000
4 1659732.000000 15.000000
6 1660391.000000 10.000000
0 1661639.000000 15.000000
1 1662207.000000 15.000000
5 1662759.000000 80.000000
1 1663202.000000 15.000000
3 1663729.000000 15.000000
4 1664298.000000 15.000000
3 1664822.000000 15.000000
2 1665403.000000 15.000000
3 1665951.000000 15.000000
2 1666446.000000 15.000000
6 1666918.000000 10.000000
3 1668276.000000 15.000000
5 1668781.000000 57.000000
4 1669392.000000 15.000000
0 1669957.000000 15.000000
0 1670530.000000 15.000000
3 1671025.000000 15.000000
2 1671668.000000 15.000000
2 1672133.000000 15.000000
2 1672670.000000 15.000000
5 1673265.000000 32.000000
6 1673877.000000 10.000000
1 1675097.000000 15.000000
1 1675700.000000 15.000000
1 1676303.000000 15.000000
5 1676818.000000 67.000000
0 1677388.000000 15.000000
3 1677912.000000 15.000000
4 1678496.000000 15.000000
2 1679118.000000 15.000000
4 1679611.000000 15.000000
4 1680100.000000 15.000000
6 1680595.000000 10.000000
2 1681994.000000 15.000000
0 1682607.000000 15.000000
5 1683123.000000 63.000000
0 1683593.000000 15.000000
0 1684156.000000 15.000000
3 1684671.000000 15.000000
0 1685224.000000 15.000000
3 1685766.000000 15.000000
1 1686276.000000 15.000000
3 1686825.000000 15.000000
6 1687420.000000 10.000000
5 1688712.000000 76.000000
4 1689261.000000 15.000000
4 1689894.000000 15.000000
4 1690405.000000 15.000000
2 1690966.000000 15.000000
3 1691529.000000 15.000000
4 1692014.000000 15.000000
0 1692661.000000 15.000000
1 1693166.000000 15.000000
4 1693775.000000 15.000000
6 1694424.000000 10.000000
4 1695647.000000 15.000000
1 1696142.000000 15.000000
5 1696640.000000 71.000000
1 1697183.000000 15.000000
2 1697750.000000 15.000000
3 1698342.000000 15.000000
0 1698982.000000 15.000000
4 1699547.000000 15.000000
0 1700140.000000 15.000000
1 1700652.000000 15.000000
6 1701108.000000 10.000000
0 1702383.000000 15.000000
4 1702936.000000 15.000000
1 1703494.000000 15.000000
1 1703952.000000 15.000000
3 1704558.000000 15.000000
2 1705045.000000 15.000000
3 1705461.000000 15.000000
2 1705986.000000 15.000000
4 1706439.000000 15.000000
3 1707075.000000 15.000000
6 1707589.000000 10.000000
0 1708831.000000 15.000000
3 1709448.000000 15.000000
3 1710015.000000 15.000000
1 1710581.000000 15.000000
2 1711012.000000 15.000000
5 1711587.000000 53.000000
0 1712210.000000 15.000000
5 1712744.000000 20.000000
0 1713268.000000 15.000000
5 1713881.000000 24.000000
6 1714398.000000 10.000000
2 1715663.000000 15.000000
1 1716210.000000 15.000000
5 1716759.000000 74.000000
5 1717297.000000 30.000000
4 1717750.000000 15.000000
2 1718328.000000 15.000000
3 1718821.000000 15.000000
4 1719455.000000 15.000000
3 1719979.000000 15.000000
5 1720438.000000 51.000000
6 1721067.000000 10.000000
3 1722303.000000 15.000000
1 1722785.000000 15.000000
5 1723241.000000 81.000000
5 1723735.000000 82.000000
5 1724364.000000 60.000000
4 1724941.000000 15.000000
3 1725585.000000 15.000000
3 1726077.000000 15.000000
0 1726709.000000 15.000000
0 1727221.000000 15.000000
6 1727759.000000 10.000000
3 1729074.000000 15.000000
1 1729634.000000 15.000000
1 1730125.000000 15.000000
2 1730671.000000 15.000000
1 1731133.000000 15.000000
2 1731575.000000 15.000000
2 1732138.000000 15.000000
3 1732687.000000 15.000000
5 1733170.000000 33.000000
1 1733732.000000 15.000000
6 1734166.000000 10.000000
2 1735532.000000 15.000000
4 1736034.000000 15.000000
4 1736660.000000 15.000000
1 1737199.000000 15.000000
3 1737688.000000 15.000000
0 1738282.000000 15.000000
0 1738797.000000 15.000000
1 1739240.000000 15.000000
4 1739727.000000 15.000000
0 1740373.000000 15.000000
6 1740904.000000 10.000000
2 1742211.000000 15.000000
2 1742735.000000 15.000000
1 1743241.000000 15.000000
5 1743710.000000 62.000000
1 1744351.000000 15.000000
2 1744833.000000 15.000000
0 1745326.000000 15.000000
2 1745875.000000 15.000000
1 1746368.000000 15.000000
5 1746932.000000 59.000000
6 1747472.000000 10.000000
5 1748834.000000 79.000000
2 1749306.000000 15.000000
2 1749909.000000 15.000000
2 1750415.000000 15.000000
1 1750840.000000 15.000000
1 1751427.000000 15.000000
3 1752031.000000 15.000000
0 1752562.000000 15.000000
1 1752997.000000 15.000000
5 1753596.000000 78.000000
6 1754111.000000 10.000000
5 1755424.000000 20.000000
3 1755904.000000 15.000000
5 1756365.000000 58.000000
2 1756954.000000 15.000000
1 1757427.000000 15.000000
1 1757936.000000 15.000000
1 1758457.000000 15.000000
5 1758885.000000 76.000000
1 1759511.000000 15.000000
1 1759985.000000 15.000000
6 1760560.000000 10.000000
0 1761916.000000 15.000000
0 1762356.000000 15.000000
1 1762964.000000 15.000000
1 1763525.000000 15.000000
3 1763965.000000 15.000000
3 1764565.000000 15.000000
5 1765117.000000 83.000000
0 1765650.000000 15.000000
3 1766197.000000 15.000000
4 1766747.000000 15.000000
6 1767243.000000 10.000000
4 1768589.000000 15.000000
1 1769192.000000 15.000000
1 1769788.000000 15.000000
1 1770341.000000 15.000000
4 1770872.000000 15.000000
3 1771463.000000 15.000000
5 1772079.000000 54.000000
2 1772674.000000 15.000000
0 1773191.000000 15.000000
3 1773690.000000 15.000000
6 1774303.000000 10.000000
5 1775704.000000 61.000000
0 1776173.000000 15.000000
0 1776687.000000 15.000000
0 1777151.000000 15.000000
1 1777707.000000 15.000000
0 1778310.000000 15.000000
5 1778826.000000 80.000000
4 1779397.000000 15.000000
3 1779984.000000 15.000000
1 1780631.000000 15.000000
6 1781158.000000 10.000000
2 1782427.000000 15.000000
5 1782848.000000 52.000000
1 1783465.000000 15.000000
1 1783901.000000 15.000000
2 1784499.000000 15.000000
1 1785025.000000 15.000000
0 1785605.000000 15.000000
3 1786104.000000 15.000000
0 1786652.000000 15.000000
3 1787252.000000 15.000000
6 1787866.000000 10.000000
5 1789201.000000 72.000000
5 1789670.000000 21.000000
5 1790203.000000 47.000000
5 1790681.000000 48.000000
1 1791216.000000 15.000000
5 1791657.000000 68.000000
2 1792278.000000 15.000000
4 1792762.000000 15.000000
0 1793313.000000 15.000000
5 1793878.000000 34.000000
6 1794387.000000 10.000000
5 1795779.000000 30.000000
1 1796333.000000 15.000000
5 1796829.000000 61.000000
2 1797279.000000 15.000000
2 1797735.000000 15.000000
5 1798158.000000 63.000000
4 1798727.000000 15.000000
2 1799349.000000 15.000000
3 1799897.000000 15.000000
0 1800470.000000 15.000000
6 1800923.000000 10.000000
1 1802328.000000 15.000000
5 1802785.000000 84.000000
5 1803395.000000 75.000000
5 1804032.000000 50.000000
4 1804479.000000 15.000000
0 1805007.000000 15.000000
3 1805530.000000 15.000000
5 1806050.000000 31.000000
4 1806663.000000 15.000000
1 1807258.000000 15.000000
6 1807692.000000 10.000000
5 1809005.000000 75.000000
0 1809634.000000 15.000000
5 1810077.000000 73.000000
1 1810577.000000 15.000000
3 1811126.000000 15.000000
1 1811616.000000 15.000000
5 1812045.000000 32.000000
5 1812670.000000 40.000000
5 1813249.000000 52.000000
2 1813837.000000 15.000000
6 1814277.000000 10.000000
3 1815593.000000 15.000000
0 1816159.000000 15.000000
1 1816638.000000 15.000000
2 1817167.000000 15.000000
1 1817763.000000 15.000000
2 1818219.000000 15.000000
1 1818636.000000 15.000000
5 1819173.000000 31.000000
5 1819676.000000 78.000000
0 1820145.000000 15.000000
6 1820734.000000 10.000000
2 1822081.000000 15.000000
4 1822496.000000 15.000000
4 1823031.000000 15.000000
2 1823695.000000 15.000000
3 1824135.000000 15.000000
4 1824725.000000 15.000000
3 1825279.000000 15.000000
1 1825811.000000 15.000000
5 1826348.000000 71.000000
3 1826966.000000 15.000000
6 1827555.000000 10.000000
3 1828848.000000 15.000000
3 1829471.000000 15.000000
0 1830020.000000 15.000000
2 1830629.000000 15.000000
2 1831152.000000 15.000000
4 1831640.000000 15.000000
1 1832282.000000 15.000000
0 1832755.000000 15.000000
4 1833346.000000 15.000000
4 1834018.000000 15.000000
6 1834577.000000 10.000000
3 1835830.000000 15.000000
1 1836379.000000 15.000000
3 1836983.000000 15.000000
3 1837518.000000 15.000000
3 1838046.000000 15.000000
5 1838669.000000 56.000000
4 1839310.000000 15.000000
5 1839835.000000 32.000000
3 1840367.000000 15.000000
3 1840831.000000 15.000000
6 1841401.000000 10.000000
0 1842702.000000 15.000000
1 1843300.000000 15.000000
0 1843877.000000 15.000000
0 1844339.000000 15.000000
2 1844849.000000 15.000000
4 1845354.000000 15.000000
2 1845991.000000 15.000000
5 1846514.000000 74.000000
0 1847088.000000 15.000000
0 1847692.000000 15.000000
6 1848199.000000 10.000000
1 1849518.000000 15.000000
4 1850088.000000 15.000000
1 1850687.000000 15.000000
4 1851282.000000 15.000000
1 1851787.000000 15.000000
0 1852378.000000 15.000000
1 1852892.000000 15.000000
3 1853458.000000 15.000000
3 1854081.000000 15.000000
4 1854606.000000 15.000000
6 1855193.000000 10.000000
2 1856456.000000 15.000000
5 1856966.000000 33.000000
1 1857510.000000 15.000000
0 1858095.000000 15.000000
2 1858560.000000 15.000000
1 1859152.000000 15.000000
2 1859577.000000 15.000000
1 1860002.000000 15.000000
0 1860494.000000 15.000000
2 1860948.000000 15.000000
6 1861442.000000 10.000000
0 1862672.000000 15.000000
3 1863149.000000 15.000000
0 1863670.000000 15.000000
5 1864129.000000 42.000000
1 1864679.000000 15.000000
3 1865150.000000 15.000000
2 1865666.000000 15.000000
2 1866233.000000 15.000000
0 1866754.000000 15.000000
4 1867240.000000 15.000000
6 1867888.000000 10.000000
4 1869119.000000 15.000000
1 1869673.000000 15.000000
5 1870196.000000 37.000000
1 1870738.000000 15.000000
2 1871303.000000 15.000000
5 1871786.000000 36.000000
3 1872427.000000 15.000000
4 1872963.000000 15.000000
3 1873545.000000 15.000000
5 1874148.000000 38.000000
6 1874709.000000 10.000000
3 1876055.000000 15.000000
0 1876523.000000 15.000000
4 1877013.000000 15.000000
1 1877610.000000 15.000000
2 1878167.000000 15.000000
1 1878747.000000 15.000000
3 1879328.000000 15.000000
3 1879832.000000 15.000000
5 1880321.000000 41.000000
4 1880869.000000 15.000000
6 1881428.000000 10.000000
1 1882739.000000 15.000000
4 1883281.000000 15.000000
1 1883818.000000 15.000000
0 1884367.000000 15.000000
3 1884836.000000 15.000000
1 1885286.000000 15.000000
2 1885711.000000 15.000000
3 1886267.000000 15.000000
4 1886841.000000 15.000000
4 1887505.000000 15.000000
6 1887992.000000 10.000000
1 1889302.000000 15.000000
4 1889898.000000 15.000000
5 1890440.000000 32.000000
5 1891007.000000 68.000000
2 1891587.000000 15.000000
3 1892037.000000 15.000000
4 1892672.000000 15.000000
1 1893254.000000 15.000000
1 1893775.000000 15.000000
3 1894267.000000 15.000000
6 1894757.000000 10.000000
3 1896103.000000 15.000000
4 1896730.000000 15.000000
1 1897285.000000 15.000000
3 1897877.000000 15.000000
2 1898422.000000 15.000000
0 1898840.000000 15.000000
5 1899353.000000 61.000000
1 1899956.000000 15.000000
4 1900577.000000 15.000000
2 1901072.000000 15.000000
6 1901543.000000 10.000000
4 1902869.000000 15.000000
0 1903540.000000 15.000000
4 1904022.000000 15.000000
0 1904693.000000 15.000000
2 1905163.000000 15.000000
5 1905766.000000 82.000000
3 1906269.000000 15.000000
2 1906754.000000 15.000000
4 1907315.000000 15.000000
3 1907905.000000 15.000000
6 1908487.000000 10.000000
2 1909739.000000 15.000000
4 1910271.000000 15.000000
4 1910864.000000 15.000000
4 1911470.000000 15.000000
3 1912004.000000 15.000000
4 1912518.000000 15.000000
0 1913183.000000 15.000000
4 1913624.000000 15.000000
4 1914162.000000 15.000000
3 1914829.000000 15.000000
6 1915344.000000 10.000000
3 1916669.000000 15.000000
1 1917162.000000 15.000000
5 1917616.000000 58.000000
2 1918120.000000 15.000000
3 1918586.000000 15.000000
4 1919132.000000 15.000000
0 1919688.000000 15.000000
1 1920158.000000 15.000000
5 1920611.000000 67.000000
5 1921136.000000 72.000000
6 1921595.000000 10.000000
4 1922855.000000 15.000000
1 1923400.000000 15.000000
2 1923997.000000 15.000000
4 1924459.000000 15.000000
1 1924961.000000 15.000000
2 1925562.000000 15.000000
1 1926009.000000 15.000000
3 1926566.000000 15.000000
3 1927150.000000 15.000000
1 1927602.000000 15.000000
6 1928062.000000 10.000000
3 1929443.000000 15.000000
2 1930041.000000 15.000000
0 1930565.000000 15.000000
2 1931090.000000 15.000000
4 1931527.000000 15.000000
4 1932144.000000 15.000000
2 1932796.000000 15.000000
0 1933223.000000 15.000000
2 1933803.000000 15.000000
2 1934379.000000 15.000000
6 1934885.000000 10.000000
2 1936222.000000 15.000000
5 1936803.000000 74.000000
1 1937290.000000 15.000000
0 1937777.000000 15.000000
2 1938392.000000 15.000000
4 1938860.000000 15.000000
3 1939349.000000 15.000000
3 1939866.000000 15.000000
3 1940332.000000 15.000000
4 1940787.000000 15.000000
6 1941322.000000 10.000000
2 1942621.000000 15.000000
1 1943069.000000 15.000000
2 1943574.000000 15.000000
4 1944175.000000 15.000000
5 1944781.000000 35.000000
2 1945253.000000 15.000000
2 1945821.000000 15.000000
0 1946322.000000 15.000000
4 1946784.000000 15.000000
1 1947432.000000 15.000000
6 1948031.000000 10.000000
5 1949432.000000 23.000000
5 1950011.000000 31.000000
2 1950620.000000 15.000000
3 1951101.000000 15.000000
4 1951706.000000 15.000000
3 1952308.000000 15.000000
5 1952930.000000 35.000000
5 1953433.000000 84.000000
1 1954015.000000 15.000000
5 1954529.000000 49.000000
6 1955049.000000 10.000000
5 1956329.000000 39.000000
2 1956847.000000 15.000000
2 1957325.000000 15.000000
2 1957800.000000 15.000000
1 1958261.000000 15.000000
4 1958786.000000 15.000000
2 1959407.000000 15.000000
5 1959858.000000 71.000000
3 1960393.000000 15.000000
2 1960957.000000 15.000000
6 1961388.000000 10.000000
3 1962646.000000 15.000000
3 1963255.000000 15.000000
1 1963821.000000 15.000000
3 1964264.000000 15.000000
2 1964897.000000 15.000000
1 1965370.000000 15.000000
4 1965935.000000 15.000000
5 1966519.000000 69.000000
2 1966978.000000 15.000000
3 1967544.000000 15.000000
6 1968065.000000 10.000000
2 1969452.000000 15.000000
0 1970028.000000 15.000000
3 1970535.000000 15.000000
0 1971028.000000 15.000000
0 1971628.000000 15.000000
3 1972199.000000 15.000000
1 1972734.000000 15.000000
5 1973347.000000 67.000000
0 1973988.000000 15.000000
3 1974547.000000 15.000000
6 1975147.000000 10.000000
4 1976379.000000 15.000000
3 1976949.000000 15.000000
0 1977465.000000 15.000000
1 1978085.000000 15.000000
1 1978614.000000 15.000000
3 1979231.000000 15.000000
4 1979874.000000 15.000000
5 1980437.000000 22.000000
0 1980880.000000 15.000000
4 1981343.000000 15.000000
6 1981844.000000 10.000000
0 1983126.000000 15.000000
2 1983680.000000 15.000000
5 1984095.000000 25.000000
3 1984646.000000 15.000000
5 1985155.000000 82.000000
0 1985666.000000 15.000000
4 1986140.000000 15.000000
0 1986755.000000 15.000000
0 1987271.000000 15.000000
5 1987878.000000 53.000000
6 1988441.000000 10.000000
1 1989701.000000 15.000000
2 1990278.000000 15.000000
5 1990824.000000 75.000000
3 1991316.000000 15.000000
2 1991950.000000 15.000000
5 1992561.000000 79.000000
0 1993004.000000 15.000000
1 1993565.000000 15.000000
2 1994147.000000 15.000000
3 1994654.000000 15.000000
6 1995114.000000 10.000000
0 1996440.000000 15.000000
1 1996982.000000 15.000000
4 1997570.000000 15.000000
4 1998140.000000 15.000000
5 1998786.000000 25.000000
3 1999407.000000 15.000000
5 1999893.000000 77.000000
5 2000446.000000 43.000000
4 2001046.000000 15.000000
3 2001708.000000 15.000000
6 2002281.000000 10.000000
5 2003559.000000 77.000000
0 2004129.000000 15.000000
1 2004709.000000 15.000000
5 2005220.000000 49.000000
5 2005695.000000 50.000000
0 2006206.000000 15.000000
0 2006776.000000 15.000000
4 2007221.000000 15.000000
0 2007731.000000 15.000000
3 2008280.000000 15.000000
6 2008834.000000 10.000000
0 2010171.000000 15.000000
0 2010692.000000 15.000000
3 2011268.000000 15.000000
5 2011853.000000 39.000000
3 2012445.000000 15.000000
4 2013029.000000 15.000000
0 2013700.000000 15.000000
0 2014155.000000 15.000000
3 2014777.000000 15.000000
2 2015303.000000 15.000000
6 2015807.000000 10.000000
2 2017196.000000 15.000000
2 2017652.000000 15.000000
4 2018185.000000 15.000000
1 2018791.000000 15.000000
2 2019351.000000 15.000000
5 2019786.000000 81.000000
1 2020412.000000 15.000000
2 2020900.000000 15.000000
0 2021393.000000 15.000000
2 2021902.000000 15.000000
6 2022376.000000 10.000000
0 2023779.000000 15.000000
5 2024256.000000 77.000000
5 2024718.000000 50.000000
5 2025321.000000 33.000000
1 2025882.000000 15.000000
5 2026317.000000 67.000000
3 2026778.000000 15.000000
2 2027416.000000 15.000000
5 2027893.000000 30.000000
5 2028462.000000 34.000000
6 2028931.000000 10.000000
0 2030169.000000 15.000000
0 2030794.000000 15.000000
2 2031342.000000 15.000000
1 2031942.000000 15.000000
2 2032386.000000 15.000000
5 2032850.000000 33.000000
2 2033422.000000 15.000000
5 2033993.000000 27.000000
1 2034532.000000 15.000000
1 2035137.000000 15.000000
6 2035611.000000 10.000000
3 2036869.000000 15.000000
5 2037513.000000 72.000000
1 2038132.000000 15.000000
2 2038713.000000 15.000000
5 2039290.000000 81.000000
5 2039855.000000 47.000000
2 2040323.000000 15.000000
4 2040893.000000 15.000000
4 2041427.000000 15.000000
2 2042094.000000 15.000000
6 2042689.000000 10.000000
2 2044097.000000 15.000000
1 2044529.000000 15.000000
3 2044999.000000 15.000000
3 2045559.000000 15.000000
0 2046129.000000 15.000000
0 2046606.000000 15.000000
0 2047159.000000 15.000000
4 2047679.000000 15.000000
2 2048302.000000 15.000000
3 2048821.000000 15.000000
6 2049421.000000 10.000000
4 2050751.000000 15.000000
3 2051229.000000 15.000000
5 2051722.000000 56.000000
0 2052316.000000 15.000000
1 2052908.000000 15.000000
4 2053376.000000 15.000000
3 2054014.000000 15.000000
4 2054530.000000 15.000000
4 2055041.000000 15.000000
4 2055641.000000 15.000000
6 2056121.000000 10.000000
2 2057419.000000 15.000000
2 2057865.000000 15.000000
3 2058458.000000 15.000000
0 2058931.000000 15.000000
5 2059469.000000 62.000000
4 2060084.000000 15.000000
4 2060752.000000 15.000000
0 2061358.000000 15.000000
5 2061970.000000 48.000000
3 2062541.000000 15.000000
6 2063180.000000 10.000000
4 2064490.000000 15.000000
3 2065056.000000 15.000000
0 2065610.000000 15.000000
5 2066157.000000 22.000000
2 2066620.000000 15.000000
4 2067215.000000 15.000000
0 2067789.000000 15.000000
4 2068397.000000 15.000000
2 2069040.000000 15.000000
3 2069569.000000 15.000000
6 2070174.000000 10.000000
4 2071545.000000 15.000000
0 2072050.000000 15.000000
4 2072484.000000 15.000000
4 2072960.000000 15.000000
1 2073581.000000 15.000000
1 2074193.000000 15.000000
0 2074739.000000 15.000000
5 2075210.000000 70.000000
1 2075802.000000 15.000000
1 2076310.000000 15.000000
6 2076866.000000 10.000000
0 2078078.000000 15.000000
0 2078557.000000 15.000000
4 2079010.000000 15.000000
1 2079544.000000 15.000000
3 2080026.000000 15.000000
3 2080564.000000 15.000000
5 2081161.000000 39.000000
4 2081676.000000 15.000000
1 2082205.000000 15.000000
2 2082804.000000 15.000000
6 2083331.000000 10.000000
2 2084731.000000 15.000000
4 2085282.000000 15.000000
3 2085928.000000 15.000000
1 2086377.000000 15.000000
4 2086911.000000 15.000000
2 2087389.000000 15.000000
4 2087854.000000 15.000000
5 2088407.000000 47.000000
3 2088963.000000 15.000000
2 2089608.000000 15.000000
6 2090098.000000 10.000000
0 2091317.000000 15.000000
2 2091765.000000 15.000000
1 2092311.000000 15.000000
2 2092849.000000 15.000000
1 2093358.000000 15.000000
2 2093947.000000 15.000000
3 2094511.000000 15.000000
2 2095123.000000 15.000000
3 2095706.000000 15.000000
2 2096298.000000 15.000000
6 2096896.000000 10.000000
4 2098111.000000 15.000000
4 2098723.000000 15.000000
2 2099284.000000 15.000000
1 2099877.000000 15.000000
2 2100333.000000 15.000000
4 2100772.000000 15.000000
1 2101432.000000 15.000000
0 2101920.000000 15.000000
2 2102472.000000 15.000000
2 2102917.000000 15.000000
6 2103402.000000 10.000000
1 2104703.000000 15.000000
1 2105218.000000 15.000000
3 2105815.000000 15.000000
5 2106267.000000 43.000000
2 2106743.000000 15.000000
4 2107278.000000 15.000000
4 2107804.000000 15.000000
2 2108393.000000 15.000000
5 2108928.000000 28.000000
4 2109421.000000 15.000000
6 2109919.000000 10.000000
2 2111137.000000 15.000000
0 2111557.000000 15.000000
5 2111999.000000 27.000000
5 2112529.000000 31.000000
1 2113124.000000 15.000000
4 2113637.000000 15.000000
3 2114256.000000 15.000000
5 2114732.000000 28.000000
0 2115317.000000 15.000000
5 2115789.000000 60.000000
6 2116312.000000 10.000000
5 2117646.000000 55.000000
0 2118089.000000 15.000000
5 2118541.000000 76.000000
1 2118995.000000 15.000000
0 2119448.000000 15.000000
2 2120066.000000 15.000000
1 2120654.000000 15.000000
5 2121176.000000 45.000000
0 2121661.000000 15.000000
4 2122258.000000 15.000000
6 2122779.000000 10.000000
4 2124030.000000 15.000000
4 2124679.000000 15.000000
4 2125226.000000 15.000000
5 2125752.000000 60.000000
0 2126279.000000 15.000000
5 2126731.000000 20.000000
4 2127234.000000 15.000000
1 2127751.000000 15.000000
5 2128186.000000 55.000000
3 2128635.000000 15.000000
6 2129280.000000 10.000000
3 2130536.000000 15.000000
3 2131009.000000 15.000000
2 2131525.000000 15.000000
3 2131941.000000 15.000000
3 2132443.000000 15.000000
4 2132969.000000 15.000000
3 2133469.000000 15.000000
5 2133942.000000 62.000000
2 2134508.000000 15.000000
3 2135069.000000 15.000000
6 2135620.000000 10.000000
0 2136921.000000 15.000000
0 2137543.000000 15.000000
1 2138155.000000 15.000000
0 2138777.000000 15.000000
5 2139382.000000 30.000000
0 2139918.000000 15.000000
5 2140358.000000 71.000000
1 2140942.000000 15.000000
2 2141484.000000 15.000000
1 2142028.000000 15.000000
6 2142567.000000 10.000000
3 2143812.000000 15.000000
4 2144348.000000 15.000000
4 2144861.000000 15.000000
3 2145527.000000 15.000000
3 2146061.000000 15.000000
5 2146579.000000 69.000000
3 2147082.000000 15.000000
4 2147663.000000 15.000000
4 2148264.000000 15.000000
1 2148828.000000 15.000000
6 2149339.000000 10.000000
1 2150600.000000 15.000000
4 2151117.000000 15.000000
3 2151609.000000 15.000000
5 2152168.000000 40.000000
5 2152776.000000 52.000000
4 2153310.000000 15.000000
2 2153785.000000 15.000000
2 2154226.000000 15.000000
1 2154811.000000 15.000000
2 2155320.000000 15.000000
6 2155905.000000 10.000000
3 2157194.000000 15.000000
2 2157727.000000 15.000000
0 2158244.000000 15.000000
4 2158849.000000 15.000000
5 2159419.000000 47.000000
1 2159961.000000 15.000000
1 2160414.000000 15.000000
1 2160915.000000 15.000000
3 2161420.000000 15.000000
3 2162003.000000 15.000000
6 2162612.000000 10.000000
3 2164001.000000 15.000000
5 2164489.000000 56.000000
5 2164989.000000 60.000000
0 2165516.000000 15.000000
4 2165998.000000 15.000000
0 2166471.000000 15.000000
3 2167045.000000 15.000000
0 2167601.000000 15.000000
2 2168225.000000 15.000000
4 2168737.000000 15.000000
6 2169218.000000 10.000000
5 2170601.000000 33.000000
2 2171189.000000 15.000000
3 2171788.000000 15.000000
4 2172417.000000 15.000000
2 2173065.000000 15.000000
2 2173550.000000 15.000000
3 2174105.000000 15.000000
0 2174568.000000 15.000000
1 2175138.000000 15.000000
4 2175584.000000 15.000000
6 2176209.000000 10.000000
1 2177604.000000 15.000000
5 2178096.000000 22.000000
3 2178660.000000 15.000000
1 2179168.000000 15.000000
1 2179676.000000 15.000000
4 2180120.000000 15.000000
5 2180627.000000 54.000000
2 2181135.000000 15.000000
4 2181721.000000 15.000000
5 2182299.000000 48.000000
6 2182760.000000 10.000000
5 2184155.000000 65.000000
4 2184775.000000 15.000000
1 2185317.000000 15.000000
3 2185879.000000 15.000000
0 2186510.000000 15.000000
0 2186981.000000 15.000000
1 2187469.000000 15.000000
1 2187966.000000 15.000000
2 2188517.000000 15.000000
3 2188958.000000 15.000000
6 2189459.000000 10.000000
0 2190713.000000 15.000000
1 2191203.000000 15.000000
3 2191695.000000 15.000000
1 2192289.000000 15.000000
5 2192828.000000 77.000000
5 2193363.000000 61.000000
1 2193967.000000 15.000000
4 2194559.000000 15.000000
2 2195225.000000 15.000000
3 2195779.000000 15.000000
6 2196271.000000 10.000000
3 2197538.000000 15.000000
1 2198155.000000 15.000000
2 2198745.000000 15.000000
2 2199309.000000 15.000000
4 2199815.000000 15.000000
5 2200353.000000 80.000000
3 2200918.000000 15.000000
3 2201565.000000 15.000000
1 2202038.000000 15.000000
2 2202496.000000 15.000000
6 2202932.000000 10.000000
5 2204297.000000 67.000000
1 2204798.000000 15.000000
2 2205405.000000 15.000000
4 2205943.000000 15.000000
1 2206429.000000 15.000000
5 2206922.000000 76.000000
1 2207518.000000 15.000000
5 2208052.000000 22.000000
1 2208625.000000 15.000000
5 2209106.000000 28.000000
6 2209739.000000 10.000000
4 2210958.000000 15.000000
2 2211629.000000 15.000000
2 2212204.000000 15.000000
4 2212699.000000 15.000000
5 2213308.000000 29.000000
0 2213914.000000 15.000000
3 2214372.000000 15.000000
2 2214857.000000 15.000000
4 2215461.000000 15.000000
4 2216099.000000 15.000000
6 2216740.000000 10.000000
5 2218009.000000 61.000000
0 2218508.000000 15.000000
0 2218981.000000 15.000000
1 2219557.000000 15.000000
2 2220170.000000 15.000000
0 2220587.000000 15.000000
2 2221036.000000 15.000000
1 2221513.000000 15.000000
5 2222127.000000 80.000000
0 2222685.000000 15.000000
6 2223228.000000 10.000000
4 2224590.000000 15.000000
1 2225246.000000 15.000000
0 2225789.000000 15.000000
2 2226232.000000 15.000000
3 2226692.000000 15.000000
4 2227261.000000 15.000000
1 2227906.000000 15.000000
4 2228338.000000 15.000000
4 2228981.000000 15.000000
2 2229613.000000 15.000000
6 2230205.000000 10.000000
2 2231503.000000 15.000000
4 2231991.000000 15.000000
5 2232532.000000 56.000000
1 2233157.000000 15.000000
3 2233634.000000 15.000000
2 2234163.000000 15.000000
4 2234689.000000 15.000000
0 2235248.000000 15.000000
4 2235696.000000 15.000000
5 2236246.000000 62.000000
6 2236815.000000 10.000000
4 2238085.000000 15.000000
1 2238638.000000 15.000000
4 2239216.000000 15.000000
5 2239865.000000 61.000000
5 2240439.000000 70.000000
5 2241050.000000 20.000000
0 2241494.000000 15.000000
5 2242084.000000 51.000000
2 2242577.000000 15.000000
5 2242996.000000 65.000000
6 2243597.000000 10.000000
4 2244874.000000 15.000000
4 2245429.000000 15.000000
3 2246026.000000 15.000000
2 2246485.000000 15.000000
5 2247051.000000 29.000000
0 2247510.000000 15.000000
5 2247964.000000 50.000000
2 2248547.000000 15.000000
2 2249076.000000 15.000000
4 2249493.000000 15.000000
6 2250157.000000 10.000000
2 2251476.000000 15.000000
4 2252018.000000 15.000000
4 2252519.000000 15.000000
0 2253181.000000 15.000000
2 2253701.000000 15.000000
5 2254137.000000 21.000000
5 2254659.000000 54.000000
1 2255298.000000 15.000000
5 2255837.000000 83.000000
2 2256325.000000 15.000000
6 2256785.000000 10.000000
4 2258181.000000 15.000000
5 2258804.000000 53.000000
1 2259254.000000 15.000000
4 2259746.000000 15.000000
1 2260276.000000 15.000000
2 2260842.000000 15.000000
1 2261381.000000 15.000000
4 2261952.000000 15.000000
0 2262443.000000 15.000000
1 2262939.000000 15.000000
6 2263408.000000 10.000000
3 2264678.000000 15.000000
1 2265312.000000 15.000000
3 2265934.000000 15.000000
2 2266527.000000 15.000000
2 2266943.000000 15.000000
3 2267410.000000 15.000000
1 2268037.000000 15.000000
0 2268533.000000 15.000000
2 2269133.000000 15.000000
3 2269626.000000 15.000000
6 2270185.000000 10.000000
1 2271532.000000 15.000000
1 2271963.000000 15.000000
4 2272466.000000 15.000000
2 2273097.000000 15.000000
5 2273673.000000 82.000000
5 2274234.000000 28.000000
1 2274728.000000 15.000000
4 2275235.000000 15.000000
1 2275723.000000 15.000000
4 2276319.000000 15.000000
6 2276952.000000 10.000000
1 2278202.000000 15.000000
1 2278654.000000 15.000000
0 2279121.000000 15.000000
4 2279586.000000 15.000000
2 2280071.000000 15.000000
3 2280609.000000 15.000000
0 2281074.000000 15.000000
2 2281632.000000 15.000000
3 2282057.000000 15.000000
1 2282700.000000 15.000000
6 2283193.000000 10.000000
3 2284432.000000 15.000000
1 2284892.000000 15.000000
0 2285407.000000 15.000000
2 2285923.000000 15.000000
1 2286415.000000 15.000000
0 2286991.000000 15.000000
0 2287523.000000 15.000000
5 2288072.000000 81.000000
2 2288530.000000 15.000000
3 2288981.000000 15.000000
6 2289553.000000 10.000000
1 2290784.000000 15.000000
0 2291240.000000 15.000000
3 2291735.000000 15.000000
0 2292337.000000 15.000000
2 2292806.000000 15.000000
5 2293355.000000 34.000000
5 2293851.000000 28.000000
3 2294376.000000 15.000000
5 2294844.000000 52.000000
1 2295451.000000 15.000000
6 2296073.000000 10.000000
0 2297362.000000 15.000000
2 2297846.000000 15.000000
1 2298276.000000 15.000000
1 2298822.000000 15.000000
2 2299340.000000 15.000000
5 2299793.000000 61.000000
5 2300319.000000 26.000000
0 2300860.000000 15.000000
1 2301423.000000 15.000000
3 2301885.000000 15.000000
6 2302418.000000 10.000000
3 2303816.000000 15.000000
2 2304316.000000 15.000000
1 2304788.000000 15.000000
0 2305255.000000 15.000000
3 2305813.000000 15.000000
0 2306331.000000 15.000000
1 2306773.000000 15.000000
2 2307342.000000 15.000000
2 2307913.000000 15.000000
5 2308521.000000 69.000000
6 2309150.000000 10.000000
2 2310410.000000 15.000000
4 2310983.000000 15.000000
2 2311598.000000 15.000000
2 2312034.000000 15.000000
1 2312643.000000 15.000000
2 2313161.000000 15.000000
0 2313660.000000 15.000000
3 2314217.000000 15.000000
1 2314823.000000 15.000000
5 2315325.000000 56.000000
6 2315814.000000 10.000000
0 2317174.000000 15.000000
1 2317614.000000 15.000000
1 2318222.000000 15.000000
3 2318701.000000 15.000000
3 2319306.000000 15.000000
1 2319930.000000 15.000000
5 2320551.000000 54.000000
3 2321183.000000 15.000000
1 2321787.000000 15.000000
5 2322365.000000 48.000000
6 2322818.000000 10.000000
4 2324127.000000 15.000000
2 2324762.000000 15.000000
2 2325356.000000 15.000000
5 2325936.000000 73.000000
3 2326383.000000 15.000000
1 2326970.000000 15.000000
5 2327552.000000 43.000000
1 2328028.000000 15.000000
2 2328555.000000 15.000000
1 2329158.000000 15.000000
6 2329613.000000 10.000000
5 2331010.000000 68.000000
2 2331525.000000 15.000000
5 2331967.000000 28.000000
1 2332430.000000 15.000000
3 2332857.000000 15.000000
1 2333368.000000 15.000000
1 2333805.000000 15.000000
5 2334357.000000 23.000000
0 2334961.000000 15.000000
3 2335526.000000 15.000000
6 2336045.000000 10.000000
0 2337256.000000 15.000000
1 2337719.000000 15.000000
5 2338172.000000 30.000000
4 2338631.000000 15.000000
5 2339246.000000 28.000000
0 2339689.000000 15.000000
3 2340153.000000 15.000000
3 2340664.000000 15.000000
3 2341296.000000 15.000000
0 2341808.000000 15.000000
6 2342356.000000 10.000000
4 2343672.000000 15.000000
2 2344150.000000 15.000000
0 2344635.000000 15.000000
3 2345204.000000 15.000000
5 2345741.000000 66.000000
3 2346240.000000 15.000000
3 2346695.000000 15.000000
2 2347343.000000 15.000000
5 2347877.000000 51.000000
2 2348386.000000 15.000000
6 2348995.000000 10.000000
3 2350357.000000 15.000000
0 2350923.000000 15.000000
3 2351431.000000 15.000000
2 2351962.000000 15.000000
5 2352539.000000 47.000000
4 2353016.000000 15.000000
5 2353576.000000 35.000000
5 2354146.000000 31.000000
0 2354768.000000 15.000000
4 2355264.000000 15.000000
6 2355743.000000 10.000000
4 2357019.000000 15.000000
2 2357590.000000 15.000000
3 2358088.000000 15.000000
5 2358588.000000 42.000000
4 2359124.000000 15.000000
5 2359748.000000 66.000000
0 2360229.000000 15.000000
2 2360739.000000 15.000000
5 2361188.000000 75.000000
1 2361768.000000 15.000000
6 2362368.000000 10.000000
2 2363596.000000 15.000000
4 2364041.000000 15.000000
0 2364603.000000 15.000000
2 2365191.000000 15.000000
5 2365775.000000 63.000000
2 2366335.000000 15.000000
3 2366843.000000 15.000000
5 2367437.000000 42.000000
5 2368018.000000 27.000000
1 2368517.000000 15.000000
6 2368972.000000 10.000000
4 2370247.000000 15.000000
1 2370770.000000 15.000000
0 2371335.000000 15.000000
2 2371874.000000 15.000000
5 2372423.000000 77.000000
5 2372945.000000 59.000000
4 2373539.000000 15.000000
2 2374167.000000 15.000000
1 2374601.000000 15.000000
4 2375124.000000 15.000000
6 2375615.000000 10.000000
1 2377009.000000 15.000000
3 2377465.000000 15.000000
0 2378059.000000 15.000000
2 2378621.000000 15.000000
1 2379062.000000 15.000000
4 2379515.000000 15.000000
5 2380111.000000 46.000000
0 2380705.000000 15.000000
2 2381195.000000 15.000000
2 2381784.000000 15.000000
6 2382330.000000 10.000000
3 2383696.000000 15.000000
3 2384332.000000 15.000000
4 2384787.000000 15.000000
0 2385391.000000 15.000000
5 2386014.000000 65.000000
5 2386601.000000 33.000000
1 2387068.000000 15.000000
5 2387497.000000 49.000000
2 2388088.000000 15.000000
4 2388670.000000 15.000000
6 2389269.000000 10.000000
5 2390652.000000 24.000000
0 2391270.000000 15.000000
0 2391847.000000 15.000000
0 2392433.000000 15.000000
3 2393062.000000 15.000000
2 2393615.000000 15.000000
5 2394104.000000 22.000000
5 2394669.000000 52.000000
3 2395129.000000 15.000000
3 2395747.000000 15.000000
6 2396260.000000 10.000000
2 2397634.000000 15.000000
4 2398152.000000 15.000000
0 2398782.000000 15.000000
3 2399353.000000 15.000000
1 2399898.000000 15.000000
3 2400419.000000 15.000000
4 2400924.000000 15.000000
5 2401505.000000 84.000000
5 2401992.000000 84.000000
3 2402476.000000 15.000000
6 2402996.000000 10.000000
4 2404360.000000 15.000000
5 2404971.000000 71.000000
0 2405524.000000 15.000000
1 2406098.000000 15.000000
3 2406524.000000 15.000000
0 2407115.000000 15.000000
5 2407556.000000 79.000000
0 2408123.000000 15.000000
4 2408608.000000 15.000000
2 2409143.000000 15.000000
6 2409666.000000 10.000000
1 2410933.000000 15.000000
2 2411464.000000 15.000000
2 2412003.000000 15.000000
3 2412540.000000 15.000000
3 2413008.000000 15.000000
5 2413508.000000 56.000000
4 2414130.000000 15.000000
0 2414610.000000 15.000000
0 2415168.000000 15.000000
4 2415735.000000 15.000000
6 2416221.000000 10.000000
4 2417606.000000 15.000000
2 2418126.000000 15.000000
1 2418663.000000 15.000000
3 2419283.000000 15.000000
1 2419880.000000 15.000000
4 2420472.000000 15.000000
1 2421062.000000 15.000000
5 2421584.000000 36.000000
5 2422029.000000 82.000000
0 2422574.000000 15.000000
6 2423018.000000 10.000000
1 2424392.000000 15.000000
0 2424929.000000 15.000000
1 2425476.000000 15.000000
3 2426002.000000 15.000000
3 2426597.000000 15.000000
4 2427235.000000 15.000000
5 2427725.000000 56.000000
5 2428221.000000 31.000000
2 2428762.000000 15.000000
5 2429227.000000 24.000000
6 2429674.000000 10.000000
3 2431003.000000 15.000000
3 2431471.000000 15.000000
5 2432089.000000 80.000000
2 2432675.000000 15.000000
5 2433246.000000 73.000000
0 2433739.000000 15.000000
0 2434220.000000 15.000000
5 2434691.000000 27.000000
1 2435214.000000 15.000000
5 2435745.000000 41.000000
6 2436220.000000 10.000000
1 2437498.000000 15.000000
2 2437957.000000 15.000000
1 2438556.000000 15.000000
2 2439031.000000 15.000000
4 2439521.000000 15.000000
0 2440068.000000 15.000000
4 2440578.000000 15.000000
4 2441126.000000 15.000000
5 2441767.000000 27.000000
0 2442389.000000 15.000000
6 2442855.000000 10.000000
2 2444198.000000 15.000000
4 2444736.000000 15.000000
3 2445213.000000 15.000000
5 2445776.000000 83.000000
1 2446297.000000 15.000000
4 2446746.000000 15.000000
5 2447266.000000 63.000000
1 2447796.000000 15.000000
1 2448393.000000 15.000000
2 2448925.000000 15.000000
6 2449423.000000 10.000000
5 2450712.000000 84.000000
5 2451270.000000 22.000000
3 2451815.000000 15.000000
1 2452373.000000 15.000000
4 2452817.000000 15.000000
5 2453306.000000 57.000000
1 2453760.000000 15.000000
2 2454221.000000 15.000000
0 2454722.000000 15.000000
3 2455334.000000 15.000000
6 2455889.000000 10.000000
5 2457244.000000 71.000000
4 2457830.000000 15.000000
3 2458348.000000 15.000000
0 2458841.000000 15.000000
1 2459430.000000 15.000000
3 2459998.000000 15.000000
4 2460582.000000 15.000000
3 2461196.000000 15.000000
5 2461819.000000 69.000000
3 2462304.000000 15.000000
6 2462798.000000 10.000000
3 2464186.000000 15.000000
1 2464756.000000 15.000000
2 2465297.000000 15.000000
3 2465837.000000 15.000000
4 2466303.000000 15.000000
3 2466827.000000 15.000000
1 2467469.000000 15.000000
2 2467974.000000 15.000000
5 2468508.000000 42.000000
5 2468951.000000 25.000000
6 2469470.000000 10.000000
1 2470844.000000 15.000000
3 2471271.000000 15.000000
3 2471833.000000 15.000000
3 2472464.000000 15.000000
0 2472939.000000 15.000000
4 2473519.000000 15.000000
5 2474073.000000 56.000000
1 2474669.000000 15.000000
5 2475249.000000 61.000000
2 2475853.000000 15.000000
6 2476269.000000 10.000000
0 2477659.000000 15.000000
5 2478148.000000 80.000000
2 2478750.000000 15.000000
0 2479231.000000 15.000000
0 2479805.000000 15.000000
3 2480352.000000 15.000000
3 2480986.000000 15.000000
5 2481483.000000 60.000000
4 2482118.000000 15.000000
0 2482739.000000 15.000000
6 2483244.000000 10.000000
4 2484560.000000 15.000000
5 2485170.000000 60.000000
5 2485652.000000 51.000000
2 2486105.000000 15.000000
0 2486664.000000 15.000000
2 2487289.000000 15.000000
5 2487867.000000 65.000000
4 2488439.000000 15.000000
3 2489086.000000 15.000000
0 2489642.000000 15.000000
6 2490218.000000 10.000000
0 2491510.000000 15.000000
1 2492132.000000 15.000000
2 2492636.000000 15.000000
1 2493173.000000 15.000000
5 2493673.000000 58.000000
2 2494225.000000 15.000000
1 2494673.000000 15.000000
5 2495253.000000 65.000000
1 2495812.000000 15.000000
0 2496325.000000 15.000000
6 2496953.000000 10.000000
4 2498192.000000 15.000000
3 2498730.000000 15.000000
5 2499323.000000 24.000000
1 2499859.000000 15.000000
2 2500365.000000 15.000000
2 2500967.000000 15.000000
0 2501416.000000 15.000000
4 2501949.000000 15.000000
4 2502425.000000 15.000000
5 2503008.000000 62.000000
6 2503603.000000 10.000000
4 2504908.000000 15.000000
5 2505468.000000 42.000000
1 2505974.000000 15.000000
1 2506400.000000 15.000000
0 2506958.000000 15.000000
5 2507462.000000 61.000000
5 2507951.000000 66.000000
5 2508451.000000 57.000000
0 2508944.000000 15.000000
3 2509543.000000 15.000000
6 2510062.000000 10.000000
4 2511425.000000 15.000000
0 2512086.000000 15.000000
0 2512717.000000 15.000000
2 2513293.000000 15.000000
5 2513744.000000 25.000000
5 2514186.000000 27.000000
3 2514757.000000 15.000000
1 2515358.000000 15.000000
3 2515948.000000 15.000000
5 2516509.000000 39.000000
6 2517105.000000 10.000000
4 2518386.000000 15.000000
0 2518988.000000 15.000000
0 2519553.000000 15.000000
4 2520167.000000 15.000000
2 2520838.000000 15.000000
2 2521342.000000 15.000000
2 2521925.000000 15.000000
4 2522442.000000 15.000000
0 2522977.000000 15.000000
4 2523561.000000 15.000000
6 2524040.000000 10.000000
4 2525437.000000 15.000000
1 2525922.000000 15.000000
3 2526365.000000 15.000000
0 2526954.000000 15.000000
1 2527414.000000 15.000000
3 2527888.000000 15.000000
0 2528397.000000 15.000000
4 2528829.000000 15.000000
2 2529398.000000 15.000000
4 2529903.000000 15.000000
6 2530448.000000 10.000000
5 2531731.000000 33.000000
1 2532351.000000 15.000000
0 2532814.000000 15.000000
2 2533407.000000 15.000000
2 2533946.000000 15.000000
3 2534400.000000 15.000000
2 2534850.000000 15.000000
5 2535363.000000 84.000000
0 2535829.000000 15.000000
3 2536437.000000 15.000000
6 2537076.000000 10.000000
1 2538410.000000 15.000000
2 2538926.000000 15.000000
2 2539425.000000 15.000000
5 2539896.000000 55.000000
4 2540383.000000 15.000000
0 2540979.000000 15.000000
4 2541434.000000 15.000000
3 2542081.000000 15.000000
5 2542716.000000 70.000000
2 2543337.000000 15.000000
6 2543857.000000 10.000000
0 2545254.000000 15.000000
1 2545859.000000 15.000000
2 2546412.000000 15.000000
0 2546839.000000 15.000000
3 2547311.000000 15.000000
3 2547809.000000 15.000000
0 2548285.000000 15.000000
1 2548897.000000 15.000000
0 2549347.000000 15.000000
3 2549815.000000 15.000000
6 2550330.000000 10.000000
0 2551618.000000 15.000000
3 2552199.000000 15.000000
4 2552673.000000 15.000000
3 2553337.000000 15.000000
0 2553971.000000 15.000000
0 2554430.000000 15.000000
2 2554988.000000 15.000000
5 2555423.000000 50.000000
5 2556057.000000 76.000000
5 2556541.000000 39.000000
6 2557162.000000 10.000000
3 2558532.000000 15.000000
3 2559062.000000 15.000000
4 2559563.000000 15.000000
4 2560100.000000 15.000000
0 2560626.000000 15.000000
0 2561134.000000 15.000000
3 2561600.000000 15.000000
3 2562246.000000 15.000000
0 2562869.000000 15.000000
1 2563332.000000 15.000000
6 2563897.000000 10.000000
3 2565270.000000 15.000000
1 2565812.000000 15.000000
5 2566327.000000 53.000000
1 2566809.000000 15.000000
5 2567340.000000 82.000000
5 2567935.000000 72.000000
3 2568382.000000 15.000000
3 2568987.000000 15.000000
4 2569632.000000 15.000000
0 2570248.000000 15.000000
6 2570861.000000 10.000000
1 2572231.000000 15.000000
3 2572711.000000 15.000000
3 2573281.000000 15.000000
0 2573759.000000 15.000000
5 2574213.000000 24.000000
5 2574693.000000 54.000000
2 2575306.000000 15.000000
2 2575886.000000 15.000000
1 2576383.000000 15.000000
4 2577005.000000 15.000000
6 2577539.000000 10.000000
3 2578891.000000 15.000000
4 2579458.000000 15.000000
0 2580092.000000 15.000000
0 2580600.000000 15.000000
5 2581112.000000 31.000000
3 2581572.000000 15.000000
5 2582168.000000 33.000000
3 2582628.000000 15.000000
1 2583220.000000 15.000000
5 2583820.000000 37.000000
6 2584274.000000 10.000000
0 2585543.000000 15.000000
3 2586009.000000 15.000000
0 2586498.000000 15.000000
3 2587083.000000 15.000000
2 2587710.000000 15.000000
0 2588131.000000 15.000000
4 2588615.000000 15.000000
0 2589220.000000 15.000000
3 2589664.000000 15.000000
1 2590240.000000 15.000000
6 2590705.000000 10.000000
5 2591919.000000 79.000000
1 2592395.000000 15.000000
2 2592883.000000 15.000000
0 2593313.000000 15.000000
5 2593802.000000 42.000000
4 2594327.000000 15.000000
1 2594829.000000 15.000000
5 2595254.000000 36.000000
2 2595783.000000 15.000000
3 2596227.000000 15.000000
6 2596677.000000 10.000000
4 2597959.000000 15.000000
2 2598465.000000 15.000000
2 2598951.000000 15.000000
3 2599544.000000 15.000000
5 2600099.000000 31.000000
0 2600620.000000 15.000000
2 2601154.000000 15.000000
4 2601768.000000 15.000000
4 2602414.000000 15.000000
2 2602955.000000 15.000000
6 2603406.000000 10.000000
0 2604628.000000 15.000000
4 2605082.000000 15.000000
0 2605650.000000 15.000000
0 2606156.000000 15.000000
3 2606602.000000 15.000000
5 2607200.000000 22.000000
0 2607665.000000 15.000000
4 2608116.000000 15.000000
2 2608760.000000 15.000000
5 2609175.000000 47.000000
6 2609714.000000 10.000000
1 2611072.000000 15.000000
3 2611641.000000 15.000000
4 2612242.000000 15.000000
2 2612899.000000 15.000000
1 2613487.000000 15.000000
3 2613952.000000 15.000000
0 2614572.000000 15.000000
4 2615170.000000 15.000000
0 2615719.000000 15.000000
0 2616213.000000 15.000000
6 2616835.000000 10.000000
4 2618147.000000 15.000000
4 2618642.000000 15.000000
4 2619125.000000 15.000000
0 2619633.000000 15.000000
0 2620212.000000 15.000000
3 2620786.000000 15.000000
3 2621387.000000 15.000000
1 2621992.000000 15.000000
0 2622539.000000 15.000000
2 2622973.000000 15.000000
6 2623538.000000 10.000000
0 2624762.000000 15.000000
3 2625229.000000 15.000000
0 2625781.000000 15.000000
1 2626305.000000 15.000000
4 2626772.000000 15.000000
3 2627249.000000 15.000000
5 2627786.000000 80.000000
2 2628262.000000 15.000000
4 2628793.000000 15.000000
2 2629393.000000 15.000000
6 2629846.000000 10.000000
4 2631223.000000 15.000000
3 2631839.000000 15.000000
5 2632299.000000 72.000000
1 2632844.000000 15.000000
2 2633299.000000 15.000000
5 2633909.000000 49.000000
5 2634394.000000 31.000000
1 2634997.000000 15.000000
0 2635473.000000 15.000000
0 2636095.000000 15.000000
6 2636653.000000 10.000000
2 2638021.000000 15.000000
5 2638468.000000 68.000000
0 2639097.000000 15.000000
1 2639658.000000 15.000000
2 2640176.000000 15.000000
2 2640657.000000 15.000000
3 2641173.000000 15.000000
0 2641788.000000 15.000000
5 2642282.000000 66.000000
5 2642738.000000 60.000000
6 2643260.000000 10.000000
4 2644525.000000 15.000000
4 2645033.000000 15.000000
3 2645569.000000 15.000000
1 2646193.000000 15.000000
0 2646621.000000 15.000000
2 2647128.000000 15.000000
2 2647687.000000 15.000000
1 2648112.000000 15.000000
0 2648609.000000 15.000000
2 2649184.000000 15.000000
6 2649672.000000 10.000000
3 2651044.000000 15.000000
2 2651594.000000 15.000000
2 2652050.000000 15.000000
3 2652618.000000 15.000000
1 2653141.000000 15.000000
4 2653693.000000 15.000000
0 2654342.000000 15.000000
0 2654851.000000 15.000000
0 2655317.000000 15.000000
5 2655872.000000 26.000000
6 2656370.000000 10.000000
4 2657683.000000 15.000000
1 2658243.000000 15.000000
2 2658668.000000 15.000000
3 2659209.000000 15.000000
1 2659658.000000 15.000000
3 2660139.000000 15.000000
2 2660642.000000 15.000000
2 2661248.000000 15.000000
1 2661851.000000 15.000000
4 2662370.000000 15.000000
6 2663009.000000 10.000000
0 2664254.000000 15.000000
0 2664730.000000 15.000000
1 2665231.000000 15.000000
0 2665659.000000 15.000000
2 2666213.000000 15.000000
2 2666662.000000 15.000000
0 2667080.000000 15.000000
4 2667556.000000 15.000000
1 2668067.000000 15.000000
2 2668515.000000 15.000000
6 2669082.000000 10.000000
0 2670488.000000 15.000000
5 2671113.000000 57.000000
0 2671572.000000 15.000000
3 2672015.000000 15.000000
0 2672520.000000 15.000000
2 2673082.000000 15.000000
4 2673572.000000 15.000000
0 2674182.000000 15.000000
5 2674791.000000 54.000000
2 2675414.000000 15.000000
6 2675883.000000 10.000000
5 2677145.000000 62.000000
3 2677770.000000 15.000000
5 2678247.000000 74.000000
4 2678724.000000 15.000000
3 2679381.000000 15.000000
2 2680025.000000 15.000000
0 2680472.000000 15.000000
4 2681098.000000 15.000000
1 2681622.000000 15.000000
3 2682132.000000 15.000000
6 2682639.000000 10.000000
2 2683854.000000 15.000000
2 2684331.000000 15.000000
3 2684867.000000 15.000000
1 2685432.000000 15.000000
1 2685970.000000 15.000000
4 2686399.000000 15.000000
0 2686993.000000 15.000000
4 2687579.000000 15.000000
5 2688076.000000 43.000000
5 2688591.000000 57.000000
6 2689122.000000 10.000000
3 2690353.000000 15.000000
4 2690899.000000 15.000000
5 2691571.000000 67.000000
0 2692089.000000 15.000000
4 2692570.000000 15.000000
4 2693086.000000 15.000000
0 2693645.000000 15.000000
2 2694207.000000 15.000000
5 2694646.000000 55.000000
1 2695169.000000 15.000000
6 2695642.000000 10.000000
1 2696925.000000 15.000000
1 2697357.000000 15.000000
3 2697832.000000 15.000000
5 2698297.000000 41.000000
5 2698792.000000 67.000000
4 2699368.000000 15.000000
3 2699964.000000 15.000000
1 2700520.000000 15.000000
4 2700992.000000 15.000000
5 2701511.000000 32.000000
6 2702145.000000 10.000000
0 2703547.000000 15.000000
1 2704055.000000 15.000000
3 2704623.000000 15.000000
3 2705187.000000 15.000000
0 2705822.000000 15.000000
0 2706432.000000 15.000000
0 2706921.000000 15.000000
3 2707448.000000 15.000000
2 2707919.000000 15.000000
5 2708498.000000 73.000000
6 2708983.000000 10.000000
3 2710355.000000 15.000000
4 2710964.000000 15.000000
3 2711514.000000 15.000000
3 2712091.000000 15.000000
2 2712707.000000 15.000000
5 2713240.000000 47.000000
1 2713748.000000 15.000000
0 2714309.000000 15.000000
1 2714896.000000 15.000000
2 2715370.000000 15.000000
6 2715940.000000 10.000000
5 2717152.000000 73.000000
2 2717764.000000 15.000000
4 2718232.000000 15.000000
1 2718743.000000 15.000000
0 2719213.000000 15.000000
5 2719692.000000 81.000000
0 2720315.000000 15.000000
1 2720932.000000 15.000000
4 2721358.000000 15.000000
4 2721979.000000 15.000000
6 2722625.000000 10.000000
4 2723839.000000 15.000000
4 2724319.000000 15.000000
0 2724930.000000 15.000000
1 2725407.000000 15.000000
3 2725873.000000 15.000000
3 2726352.000000 15.000000
4 2726985.000000 15.000000
3 2727629.000000 15.000000
0 2728168.000000 15.000000
1 2728746.000000 15.000000
6 2729204.000000 10.000000
0 2730450.000000 15.000000
4 2730940.000000 15.000000
3 2731557.000000 15.000000
3 2732027.000000 15.000000
1 2732517.000000 15.000000
1 2733075.000000 15.000000
4 2733519.000000 15.000000
4 2734040.000000 15.000000
3 2734698.000000 15.000000
3 2735249.000000 15.000000
6 2735828.000000 10.000000
3 2737099.000000 15.000000
0 2737622.000000 15.000000
0 2738124.000000 15.000000
1 2738595.000000 15.000000
5 2739136.000000 41.000000
5 2739757.000000 28.000000
5 2740241.000000 82.000000
4 2740783.000000 15.000000
0 2741263.000000 15.000000
3 2741827.000000 15.000000
6 2742316.000000 10.000000
0 2743552.000000 15.000000
0 2744063.000000 15.000000
2 2744647.000000 15.000000
1 2745214.000000 15.000000
4 2745792.000000 15.000000
2 2746281.000000 15.000000
0 2746758.000000 15.000000
3 2747387.000000 15.000000
4 2748024.000000 15.000000
2 2748564.000000 15.000000
6 2749026.000000 10.000000
5 2750428.000000 66.000000
2 2751049.000000 15.000000
5 2751607.000000 22.000000
4 2752233.000000 15.000000
5 2752826.000000 51.000000
3 2753320.000000 15.000000
4 2753882.000000 15.000000
5 2754536.000000 55.000000
4 2755107.000000 15.000000
2 2755640.000000 15.000000
6 2756185.000000 10.000000
5 2757535.000000 79.000000
2 2758057.000000 15.000000
2 2758522.000000 15.000000
5 2759099.000000 63.000000
2 2759612.000000 15.000000
5 2760105.000000 83.000000
4 2760581.000000 15.000000
4 2761189.000000 15.000000
0 2761805.000000 15.000000
1 2762262.000000 15.000000
6 2762722.000000 10.000000
4 2764021.000000 15.000000
4 2764627.000000 15.000000
0 2765221.000000 15.000000
4 2765752.000000 15.000000
5 2766237.000000 45.000000
3 2766714.000000 15.000000
1 2767245.000000 15.000000
1 2767828.000000 15.000000
3 2768374.000000 15.000000
5 2768865.000000 31.000000
6 2769369.000000 10.000000
0 2770717.000000 15.000000
3 2771260.000000 15.000000
2 2771800.000000 15.000000
3 2772270.000000 15.000000
5 2772720.000000 66.000000
0 2773276.000000 15.000000
5 2773751.000000 47.000000
4 2774314.000000 15.000000
3 2774948.000000 15.000000
2 2775550.000000 15.000000
6 2776050.000000 10.000000
4 2777432.000000 15.000000
0 2778031.000000 15.000000
3 2778545.000000 15.000000
4 2779111.000000 15.000000
0 2779588.000000 15.000000
5 2780176.000000 60.000000
1 2780808.000000 15.000000
5 2781253.000000 26.000000
1 2781893.000000 15.000000
0 2782498.000000 15.000000
6 2783117.000000 10.000000
5 2784470.000000 70.000000
4 2785023.000000 15.000000
3 2785508.000000 15.000000
5 2786082.000000 32.000000
1 2786717.000000 15.000000
1 2787313.000000 15.000000
5 2787896.000000 32.000000
5 2788457.000000 37.000000
2 2789052.000000 15.000000
3 2789643.000000 15.000000
6 2790130.000000 10.000000
2 2791388.000000 15.000000
2 2791874.000000 15.000000
3 2792467.000000 15.000000
4 2793056.000000 15.000000
2 2793570.000000 15.000000
5 2794171.000000 65.000000
2 2794629.000000 15.000000
0 2795081.000000 15.000000
1 2795645.000000 15.000000
3 2796225.000000 15.000000
6 2796774.000000 10.000000
3 2798052.000000 15.000000
5 2798648.000000 71.000000
2 2799118.000000 15.000000
1 2799607.000000 15.000000
2 2800169.000000 15.000000
2 2800604.000000 15.000000
1 2801071.000000 15.000000
1 2801585.000000 15.000000
2 2802146.000000 15.000000
2 2802595.000000 15.000000
6 2803160.000000 10.000000
0 2804403.000000 15.000000
0 2804993.000000 15.000000
0 2805464.000000 15.000000
1 2805993.000000 15.000000
1 2806458.000000 15.000000
3 2806948.000000 15.000000
1 2807461.000000 15.000000
3 2807976.000000 15.000000
1 2808433.000000 15.000000
3 2809008.000000 15.000000
6 2809594.000000 10.000000
3 2810997.000000 15.000000
4 2811639.000000 15.000000
4 2812193.000000 15.000000
3 2812767.000000 15.000000
1 2813298.000000 15.000000
0 2813903.000000 15.000000
2 2814490.000000 15.000000
0 2815075.000000 15.000000
4 2815690.000000 15.000000
3 2816275.000000 15.000000
6 2816767.000000 10.000000
1 2818076.000000 15.000000
5 2818615.000000 65.000000
3 2819212.000000 15.000000
5 2819688.000000 83.000000
2 2820204.000000 15.000000
4 2820632.000000 15.000000
0 2821171.000000 15.000000
0 2821790.000000 15.000000
1 2822390.000000 15.000000
4 2822951.000000 15.000000
6 2823573.000000 10.000000
3 2824801.000000 15.000000
2 2825303.000000 15.000000
0 2825853.000000 15.000000
4 2826456.000000 15.000000
3 2827101.000000 15.000000
2 2827685.000000 15.000000
0 2828109.000000 15.000000
3 2828708.000000 15.000000
5 2829336.000000 57.000000
1 2829794.000000 15.000000
6 2830236.000000 10.000000
2 2831584.000000 15.000000
2 2832000.000000 15.000000
4 2832589.000000 15.000000
2 2833127.000000 15.000000
1 2833704.000000 15.000000
5 2834172.000000 21.000000
3 2834716.000000 15.000000
5 2835189.000000 40.000000
3 2835671.000000 15.000000
0 2836250.000000 15.000000
6 2836778.000000 10.000000
3 2838078.000000 15.000000
3 2838710.000000 15.000000
5 2839232.000000 27.000000
0 2839786.000000 15.000000
3 2840289.000000 15.000000
0 2840893.000000 15.000000
0 2841361.000000 15.000000
4 2841864.000000 15.000000
2 2842444.000000 15.000000
0 2842965.000000 15.000000
6 2843582.000000 10.000000
0 2844867.000000 15.000000
3 2845318.000000 15.000000
1 2845877.000000 15.000000
0 2846462.000000 15.000000
3 2847084.000000 15.000000
4 2847611.000000 15.000000
5 2848128.000000 78.000000
1 2848762.000000 15.000000
5 2849247.000000 34.000000
3 2849832.000000 15.000000
6 2850351.000000 10.000000
3 2851656.000000 15.000000
3 2852249.000000 15.000000
4 2852874.000000 15.000000
0 2853382.000000 15.000000
5 2853950.000000 54.000000
2 2854577.000000 15.000000
2 2855030.000000 15.000000
3 2855487.000000 15.000000
1 2855958.000000 15.000000
1 2856540.000000 15.000000
6 2857045.000000 10.000000
3 2858380.000000 15.000000
1 2858835.000000 15.000000
1 2859358.000000 15.000000
5 2859919.000000 33.000000
5 2860407.000000 25.000000
2 2861028.000000 15.000000
2 2861638.000000 15.000000
0 2862244.000000 15.000000
4 2862863.000000 15.000000
4 2863337.000000 15.000000
6 2863860.000000 10.000000
3 2865143.000000 15.000000
5 2865681.000000 71.000000
5 2866203.000000 47.000000
2 2866709.000000 15.000000
2 2867265.000000 15.000000
0 2867721.000000 15.000000
2 2868200.000000 15.000000
3 2868703.000000 15.000000
4 2869249.000000 15.000000
2 2869827.000000 15.000000
6 2870363.000000 10.000000
0 2871735.000000 15.000000
5 2872229.000000 83.000000
5 2872695.000000 52.000000
5 2873150.000000 21.000000
4 2873601.000000 15.000000
0 2874183.000000 15.000000
4 2874616.000000 15.000000
3 2875111.000000 15.000000
0 2875566.000000 15.000000
0 2876057.000000 15.000000
6 2876545.000000 10.000000
3 2877899.000000 15.000000
3 2878484.000000 15.000000
2 2878969.000000 15.000000
2 2879505.000000 15.000000
1 2880062.000000 15.000000
3 2880486.000000 15.000000
2 2881104.000000 15.000000
5 2881607.000000 33.000000
5 2882180.000000 52.000000
3 2882655.000000 15.000000
6 2883230.000000 10.000000
4 2884561.000000 15.000000
3 2885100.000000 15.000000
3 2885693.000000 15.000000
2 2886143.000000 15.000000
3 2886749.000000 15.000000
5 2887285.000000 73.000000
5 2887861.000000 72.000000
1 2888435.000000 15.000000
3 2888948.000000 15.000000
1 2889557.000000 15.000000
6 2890032.000000 10.000000
1 2891280.000000 15.000000
0 2891804.000000 15.000000
5 2892389.000000 83.000000
5 2892895.000000 33.000000
0 2893488.000000 15.000000
1 2893996.000000 15.000000
0 2894605.000000 15.000000
0 2895139.000000 15.000000
2 2895635.000000 15.000000
0 2896108.000000 15.000000
6 2896678.000000 10.000000
1 2897933.000000 15.000000
4 2898439.000000 15.000000
3 2899041.000000 15.000000
5 2899651.000000 77.000000
5 2900174.000000 52.000000
5 2900810.000000 71.000000
1 2901361.000000 15.000000
0 2901925.000000 15.000000
3 2902400.000000 15.000000
2 2902895.000000 15.000000
6 2903328.000000 10.000000
5 2904557.000000 69.000000
0 2905096.000000 15.000000
2 2905557.000000 15.000000
3 2906160.000000 15.000000
4 2906696.000000 15.000000
5 2907185.000000 79.000000
5 2907634.000000 32.000000
3 2908267.000000 15.000000
4 2908716.000000 15.000000
0 2909231.000000 15.000000
6 2909753.000000 10.000000
1 2911095.000000 15.000000
2 2911646.000000 15.000000
5 2912099.000000 65.000000
5 2912567.000000 64.000000
2 2913114.000000 15.000000
5 2913587.000000 35.000000
2 2914142.000000 15.000000
0 2914613.000000 15.000000
4 2915060.000000 15.000000
2 2915562.000000 15.000000
6 2915980.000000 10.000000
4 2917242.000000 15.000000
0 2917749.000000 15.000000
0 2918205.000000 15.000000
0 2918727.000000 15.000000
5 2919174.000000 36.000000
3 2919779.000000 15.000000
0 2920252.000000 15.000000
1 2920833.000000 15.000000
5 2921342.000000 33.000000
5 2921904.000000 40.000000
6 2922386.000000 10.000000
0 2923606.000000 15.000000
5 2924212.000000 21.000000
0 2924719.000000 15.000000
0 2925156.000000 15.000000
2 2925646.000000 15.000000
4 2926196.000000 15.000000
5 2926732.000000 69.000000
3 2927193.000000 15.000000
5 2927728.000000 50.000000
2 2928282.000000 15.000000
6 2928739.000000 10.000000
2 2929982.000000 15.000000
2 2930437.000000 15.000000
0 2931017.000000 15.000000
2 2931512.000000 15.000000
4 2932012.000000 15.000000
5 2932599.000000 74.000000
3 2933096.000000 15.000000
5 2933719.000000 60.000000
3 2934203.000000 15.000000
4 2934817.000000 15.000000
6 2935432.000000 10.000000
5 2936646.000000 70.000000
5 2937245.000000 58.000000
5 2937822.000000 24.000000
3 2938374.000000 15.000000
3 2938977.000000 15.000000
4 2939443.000000 15.000000
5 2940102.000000 42.000000
3 2940673.000000 15.000000
0 2941245.000000 15.000000
2 2941726.000000 15.000000
6 2942210.000000 10.000000
0 2943427.000000 15.000000
1 2943954.000000 15.000000
0 2944465.000000 15.000000
4 2945004.000000 15.000000
4 2945617.000000 15.000000
4 2946219.000000 15.000000
1 2946891.000000 15.000000
2 2947315.000000 15.000000
3 2947759.000000 15.000000
0 2948388.000000 15.000000
6 2949003.000000 10.000000
2 2950309.000000 15.000000
2 2950863.000000 15.000000
1 2951290.000000 15.000000
5 2951870.000000 58.000000
5 2952434.000000 65.000000
3 2953037.000000 15.000000
0 2953546.000000 15.000000
1 2954077.000000 15.000000
3 2954531.000000 15.000000
3 2955154.000000 15.000000
6 2955645.000000 10.000000
1 2956886.000000 15.000000
4 2957337.000000 15.000000
3 2957856.000000 15.000000
0 2958437.000000 15.000000
0 2959063.000000 15.000000
1 2959684.000000 15.000000
1 2960292.000000 15.000000
0 2960828.000000 15.000000
3 2961330.000000 15.000000
5 2961960.000000 40.000000
6 2962463.000000 10.000000
4 2963762.000000 15.000000
2 2964261.000000 15.000000
4 2964808.000000 15.000000
1 2965312.000000 15.000000
1 2965766.000000 15.000000
4 2966250.000000 15.000000
1 2966836.000000 15.000000
2 2967318.000000 15.000000
1 2967928.000000 15.000000
1 2968404.000000 15.000000
6 2968915.000000 10.000000
5 2970267.000000 34.000000
1 2970854.000000 15.000000
1 2971439.000000 15.000000
3 2971939.000000 15.000000
5 2972505.000000 80.000000
3 2973073.000000 15.000000
2 2973672.000000 15.000000
5 2974255.000000 46.000000
4 2974699.000000 15.000000
2 2975269.000000 15.000000
6 2975762.000000 10.000000
2 2977153.000000 15.000000
3 2977757.000000 15.000000
0 2978290.000000 15.000000
4 2978799.000000 15.000000
4 2979334.000000 15.000000
0 2979896.000000 15.000000
1 2980378.000000 15.000000
5 2980875.000000 22.000000
5 2981473.000000 56.000000
4 2982057.000000 15.000000
6 2982676.000000 10.000000
1 2984011.000000 15.000000
5 2984510.000000 58.000000
2 2985108.000000 15.000000
1 2985589.000000 15.000000
3 2986193.000000 15.000000
5 2986650.000000 60.000000
4 2987238.000000 15.000000
4 2987847.000000 15.000000
1 2988479.000000 15.000000
4 2989057.000000 15.000000
6 2989666.000000 10.000000
1 2990945.000000 15.000000
1 2991532.000000 15.000000
4 2992097.000000 15.000000
0 2992638.000000 15.000000
3 2993116.000000 15.000000
4 2993678.000000 15.000000
4 2994294.000000 15.000000
3 2994774.000000 15.000000
0 2995364.000000 15.000000
2 2995851.000000 15.000000
6 2996441.000000 10.000000
4 2997751.000000 15.000000
3 2998317.000000 15.000000
4 2998906.000000 15.000000
1 2999476.000000 15.000000
4 2999968.000000 15.000000
1 3000631.000000 15.000000
5 3001130.000000 36.000000
4 3001683.000000 15.000000
1 3002214.000000 15.000000
4 3002767.000000 15.000000
6 3003327.000000 10.000000
3 3004581.000000 15.000000
0 3005080.000000 15.000000
4 3005580.000000 15.000000
3 3006166.000000 15.000000
0 3006724.000000 15.000000
5 3007172.000000 20.000000
4 3007740.000000 15.000000
0 3008265.000000 15.000000
5 3008740.000000 73.000000
5 3009197.000000 77.000000
6 3009724.000000 10.000000
1 3011015.000000 15.000000
1 3011571.000000 15.000000
2 3012014.000000 15.000000
1 3012437.000000 15.000000
3 3013033.000000 15.000000
2 3013635.000000 15.000000
3 3014223.000000 15.000000
1 3014792.000000 15.000000
5 3015413.000000 68.000000
2 3015980.000000 15.000000
6 3016506.000000 10.000000
3 3017772.000000 15.000000
0 3018330.000000 15.000000
5 3018824.000000 38.000000
5 3019402.000000 42.000000
0 3019878.000000 15.000000
4 3020465.000000 15.000000
0 3021054.000000 15.000000
1 3021527.000000 15.000000
5 3022068.000000 78.000000
1 3022660.000000 15.000000
6 3023112.000000 10.000000
4 3024411.000000 15.000000
0 3025062.000000 15.000000
2 3025682.000000 15.000000
0 3026137.000000 15.000000
5 3026705.000000 69.000000
3 3027213.000000 15.000000
5 3027846.000000 67.000000
4 3028370.000000 15.000000
5 3028957.000000 66.000000
3 3029465.000000 15.000000
6 3030034.000000 10.000000
3 3031262.000000 15.000000
2 3031775.000000 15.000000
2 3032220.000000 15.000000
1 3032820.000000 15.000000
3 3033327.000000 15.000000
3 3033840.000000 15.000000
2 3034318.000000 15.000000
2 3034902.000000 15.000000
5 3035441.000000 50.000000
2 3035940.000000 15.000000
6 3036421.000000 10.000000
0 3037661.000000 15.000000
1 3038130.000000 15.000000
5 3038626.000000 64.000000
2 3039183.000000 15.000000
5 3039740.000000 43.000000
0 3040248.000000 15.000000
5 3040877.000000 61.000000
4 3041361.000000 15.000000
4 3041867.000000 15.000000
5 3042488.000000 36.000000
6 3042943.000000 10.000000
2 3044306.000000 15.000000
4 3044919.000000 15.000000
0 3045459.000000 15.000000
4 3046084.000000 15.000000
2 3046670.000000 15.000000
2 3047137.000000 15.000000
4 3047689.000000 15.000000
3 3048172.000000 15.000000
2 3048722.000000 15.000000
0 3049176.000000 15.000000
6 3049765.000000 10.000000
5 3051071.000000 77.000000
1 3051682.000000 15.000000
1 3052207.000000 15.000000
4 3052663.000000 15.000000
4 3053299.000000 15.000000
2 3053845.000000 15.000000
4 3054288.000000 15.000000
2 3054928.000000 15.000000
5 3055472.000000 24.000000
3 3056024.000000 15.000000
6 3056497.000000 10.000000
1 3057744.000000 15.000000
2 3058359.000000 15.000000
2 3058846.000000 15.000000
3 3059379.000000 15.000000
5 3060019.000000 21.000000
0 3060494.000000 15.000000
0 3060928.000000 15.000000
0 3061506.000000 15.000000
0 3061972.000000 15.000000
5 3062595.000000 70.000000
6 3063093.000000 10.000000
0 3064364.000000 15.000000
1 3064817.000000 15.000000
5 3065331.000000 32.000000
1 3065895.000000 15.000000
4 3066411.000000 15.000000
1 3066921.000000 15.000000
2 3067402.000000 15.000000
0 3067830.000000 15.000000
3 3068271.000000 15.000000
4 3068824.000000 15.000000
6 3069445.000000 10.000000
3 3070805.000000 15.000000
2 3071297.000000 15.000000
1 3071871.000000 15.000000
4 3072467.000000 15.000000
2 3072944.000000 15.000000
2 3073435.000000 15.000000
3 3074042.000000 15.000000
2 3074651.000000 15.000000
0 3075177.000000 15.000000
4 3075677.000000 15.000000
6 3076239.000000 10.000000
4 3077538.000000 15.000000
1 3078059.000000 15.000000
1 3078493.000000 15.000000
3 3078982.000000 15.000000
5 3079433.000000 55.000000
2 3079934.000000 15.000000
4 3080443.000000 15.000000
2 3080959.000000 15.000000
0 3081410.000000 15.000000
2 3081927.000000 15.000000
6 3082531.000000 10.000000
2 3083765.000000 15.000000
2 3084368.000000 15.000000
4 3084947.000000 15.000000
2 3085428.000000 15.000000
4 3085965.000000 15.000000
5 3086569.000000 80.000000
0 3087132.000000 15.000000
4 3087602.000000 15.000000
5 3088195.000000 61.000000
2 3088780.000000 15.000000
6 3089350.000000 10.000000
4 3090579.000000 15.000000
0 3091138.000000 15.000000
1 3091587.000000 15.000000
3 3092091.000000 15.000000
4 3092613.000000 15.000000
5 3093248.000000 61.000000
4 3093877.000000 15.000000
0 3094434.000000 15.000000
4 3094897.000000 15.000000
5 3095518.000000 41.000000
6 3095989.000000 10.000000
2 3097287.000000 15.000000
4 3097756.000000 15.000000
3 3098247.000000 15.000000
4 3098858.000000 15.000000
1 3099514.000000 15.000000
5 3100133.000000 52.000000
3 3100694.000000 15.000000
0 3101272.000000 15.000000
4 3101726.000000 15.000000
3 3102271.000000 15.000000
6 3102839.000000 10.000000
3 3104126.000000 15.000000
0 3104772.000000 15.000000
4 3105308.000000 15.000000
2 3105810.000000 15.000000
1 3106404.000000 15.000000
2 3106873.000000 15.000000
4 3107466.000000 15.000000
3 3108058.000000 15.000000
1 3108688.000000 15.000000
2 3109125.000000 15.000000
6 3109610.000000 10.000000
4 3110982.000000 15.000000
2 3111546.000000 15.000000
0 3112039.000000 15.000000
1 3112534.000000 15.000000
2 3113028.000000 15.000000
5 3113557.000000 43.000000
4 3114107.000000 15.000000
1 3114617.000000 15.000000
1 3115203.000000 15.000000
2 3115817.000000 15.000000
6 3116253.000000 10.000000
2 3117576.000000 15.000000
2 3118157.000000 15.000000
3 3118722.000000 15.000000
3 3119337.000000 15.000000
1 3119965.000000 15.000000
5 3120582.000000 53.000000
4 3121175.000000 15.000000
4 3121713.000000 15.000000
2 3122204.000000 15.000000
0 3122656.000000 15.000000
6 3123271.000000 10.000000
4 3124524.000000 15.000000
3 3125151.000000 15.000000
5 3125718.000000 56.000000
5 3126224.000000 65.000000
0 3126795.000000 15.000000
2 3127277.000000 15.000000
4 3127878.000000 15.000000
1 3128509.000000 15.000000
0 3128967.000000 15.000000
2 3129552.000000 15.000000
6 3130028.000000 10.000000
0 3131384.000000 15.000000
5 3131830.000000 28.000000
5 3132393.000000 39.000000
5 3132867.000000 41.000000
4 3133448.000000 15.000000
1 3134065.000000 15.000000
4 3134650.000000 15.000000
2 3135139.000000 15.000000
5 3135691.000000 36.000000
5 3136256.000000 36.000000
6 3136748.000000 10.000000
0 3138037.000000 15.000000
2 3138613.000000 15.000000
4 3139048.000000 15.000000
1 3139607.000000 15.000000
4 3140204.000000 15.000000
4 3140806.000000 15.000000
2 3141317.000000 15.000000
5 3141907.000000 54.000000
2 3142358.000000 15.000000
2 3142970.000000 15.000000
6 3143410.000000 10.000000
0 3144726.000000 15.000000
4 3145226.000000 15.000000
5 3145842.000000 57.000000
0 3146471.000000 15.000000
0 3146963.000000 15.000000
1 3147534.000000 15.000000
5 3148034.000000 70.000000
2 3148551.000000 15.000000
1 3149001.000000 15.000000
5 3149500.000000 21.000000
6 3150012.000000 10.000000
0 3151288.000000 15.000000
3 3151827.000000 15.000000
4 3152363.000000 15.000000
3 3152991.000000 15.000000
0 3153522.000000 15.000000
0 3154140.000000 15.000000
4 3154630.000000 15.000000
2 3155132.000000 15.000000
4 3155604.000000 15.000000
2 3156179.000000 15.000000
6 3156756.000000 10.000000
5 3158000.000000 53.000000
5 3158587.000000 31.000000
5 3159201.000000 42.000000
4 3159677.000000 15.000000
1 3160182.000000 15.000000
3 3160684.000000 15.000000
4 3161247.000000 15.000000
5 3161764.000000 46.000000
1 3162236.000000 15.000000
5 3162727.000000 51.000000
6 3163341.000000 10.000000
5 3164618.000000 37.000000
0 3165236.000000 15.000000
4 3165715.000000 15.000000
4 3166310.000000 15.000000
1 3166840.000000 15.000000
4 3167405.000000 15.000000
1 3167951.000000 15.000000
1 3168538.000000 15.000000
3 3169091.000000 15.000000
0 3169669.000000 15.000000
6 3170298.000000 10.000000
3 3171651.000000 15.000000
0 3172205.000000 15.000000
4 3172669.000000 15.000000
1 3173172.000000 15.000000
3 3173708.000000 15.000000
4 3174248.000000 15.000000
0 3174741.000000 15.000000
0 3175310.000000 15.000000
4 3175783.000000 15.000000
4 3176393.000000 15.000000
6 3176900.000000 10.000000
1 3178212.000000 15.000000
0 3178822.000000 15.000000
4 3179344.000000 15.000000
3 3179824.000000 15.000000
4 3180330.000000 15.000000
2 3180968.000000 15.000000
0 3181458.000000 15.000000
5 3182071.000000 55.000000
4 3182658.000000 15.000000
3 3183167.000000 15.000000
6 3183765.000000 10.000000
1 3184995.000000 15.000000
3 3185548.000000 15.000000
2 3186190.000000 15.000000
0 3186646.000000 15.000000
2 3187203.000000 15.000000
4 3187636.000000 15.000000
0 3188268.000000 15.000000
0 3188817.000000 15.000000
0 3189392.000000 15.000000
2 3189839.000000 15.000000
6 3190387.000000 10.000000
1 3191729.000000 15.000000
4 3192277.000000 15.000000
1 3192826.000000 15.000000
2 3193302.000000 15.000000
0 3193904.000000 15.000000
0 3194460.000000 15.000000
5 3194979.000000 49.000000
2 3195543.000000 15.000000
5 3196071.000000 51.000000
1 3196598.000000 15.000000
6 3197062.000000 10.000000
3 3198374.000000 15.000000
1 3198940.000000 15.000000
3 3199405.000000 15.000000
4 3199896.000000 15.000000
5 3200498.000000 61.000000
5 3200965.000000 53.000000
4 3201439.000000 15.000000
3 3201945.000000 15.000000
5 3202489.000000 38.000000
5 3203002.000000 66.000000
6 3203482.000000 10.000000
0 3204695.000000 15.000000
4 3205227.000000 15.000000
2 3205726.000000 15.000000
4 3206175.000000 15.000000
1 3206683.000000 15.000000
5 3207232.000000 61.000000
3 3207805.000000 15.000000
4 3208320.000000 15.000000
2 3208793.000000 15.000000
0 3209311.000000 15.000000
6 3209775.000000 10.000000
0 3211030.000000 15.000000
4 3211479.000000 15.000000
5 3212027.000000 83.000000
4 3212483.000000 15.000000
5 3213025.000000 54.000000
3 3213567.000000 15.000000
4 3214092.000000 15.000000
5 3214731.000000 63.000000
2 3215216.000000 15.000000
0 3215666.000000 15.000000
6 3216269.000000 10.000000
3 3217658.000000 15.000000
5 3218151.000000 30.000000
3 3218647.000000 15.000000
0 3219208.000000 15.000000
2 3219649.000000 15.000000
5 3220228.000000 64.000000
5 3220692.000000 41.000000
0 3221270.000000 15.000000
0 3221848.000000 15.000000
1 3222468.000000 15.000000
6 3222996.000000 10.000000
0 3224236.000000 15.000000
5 3224678.000000 22.000000
4 3225200.000000 15.000000
4 3225865.000000 15.000000
5 3226370.000000 64.000000
0 3226885.000000 15.000000
3 3227322.000000 15.000000
2 3227811.000000 15.000000
0 3228373.000000 15.000000
5 3228950.000000 48.000000
6 3229421.000000 10.000000
4 3230761.000000 15.000000
2 3231335.000000 15.000000
3 3231944.000000 15.000000
5 3232491.000000 31.000000
1 3232996.000000 15.000000
1 3233599.000000 15.000000
5 3234151.000000 72.000000
2 3234718.000000 15.000000
2 3235237.000000 15.000000
4 3235719.000000 15.000000
6 3236194.000000 10.000000
5 3237443.000000 28.000000
0 3237905.000000 15.000000
4 3238361.000000 15.000000
0 3238943.000000 15.000000
4 3239488.000000 15.000000
5 3240027.000000 26.000000
5 3240628.000000 77.000000
0 3241195.000000 15.000000
3 3241760.000000 15.000000
2 3242241.000000 15.000000
6 3242685.000000 10.000000
3 3244058.000000 15.000000
2 3244683.000000 15.000000
1 3245218.000000 15.000000
1 3245745.000000 15.000000
3 3246283.000000 15.000000
1 3246793.000000 15.000000
5 3247333.000000 39.000000
0 3247799.000000 15.000000
5 3248401.000000 64.000000
1 3248934.000000 15.000000
6 3249468.000000 10.000000
5 3250847.000000 67.000000
5 3251335.000000 27.000000
5 3251819.000000 40.000000
4 3252358.000000 15.000000
1 3252933.000000 15.000000
1 3253425.000000 15.000000
4 3253979.000000 15.000000
2 3254466.000000 15.000000
2 3255030.000000 15.000000
4 3255532.000000 15.000000
6 3256028.000000 10.000000
4 3257251.000000 15.000000
1 3257914.000000 15.000000
3 3258456.000000 15.000000
1 3259102.000000 15.000000
0 3259620.000000 15.000000
3 3260073.000000 15.000000
0 3260543.000000 15.000000
4 3261149.000000 15.000000
5 3261780.000000 48.000000
3 3262359.000000 15.000000
6 3262837.000000 10.000000
3 3264102.000000 15.000000
2 3264749.000000 15.000000
0 3265360.000000 15.000000
2 3265828.000000 15.000000
2 3266401.000000 15.000000
4 3266948.000000 15.000000
1 3267521.000000 15.000000
5 3267952.000000 37.000000
5 3268552.000000 60.000000
4 3269102.000000 15.000000
6 3269652.000000 10.000000
2 3271022.000000 15.000000
0 3271457.000000 15.000000
1 3272072.000000 15.000000
2 3272598.000000 15.000000
5 3273049.000000 65.000000
4 3273604.000000 15.000000
5 3274265.000000 43.000000
5 3274849.000000 23.000000
2 3275480.000000 15.000000
1 3276068.000000 15.000000
6 3276534.000000 10.000000
1 3277783.000000 15.000000
2 3278380.000000 15.000000
4 3278825.000000 15.000000
2 3279347.000000 15.000000
5 3279910.000000 77.000000
4 3280498.000000 15.000000
3 3281020.000000 15.000000
1 3281565.000000 15.000000
4 3281990.000000 15.000000
3 3282507.000000 15.000000
6 3282970.000000 10.000000
3 3284249.000000 15.000000
5 3284860.000000 61.000000
2 3285373.000000 15.000000
1 3285940.000000 15.000000
1 3286451.000000 15.000000
1 3287030.000000 15.000000
5 3287620.000000 26.000000
0 3288148.000000 15.000000
0 3288623.000000 15.000000
4 3289081.000000 15.000000
6 3289603.000000 10.000000
5 3290973.000000 71.000000
2 3291493.000000 15.000000
2 3291938.000000 15.000000
2 3292489.000000 15.000000
1 3293039.000000 15.000000
2 3293582.000000 15.000000
3 3294132.000000 15.000000
0 3294689.000000 15.000000
4 3295237.000000 15.000000
1 3295791.000000 15.000000
6 3296270.000000 10.000000
1 3297613.000000 15.000000
5 3298065.000000 83.000000
3 3298627.000000 15.000000
4 3299230.000000 15.000000
2 3299815.000000 15.000000
3 3300420.000000 15.000000
5 3300882.000000 48.000000
3 3301445.000000 15.000000
0 3301959.000000 15.000000
3 3302469.000000 15.000000
6 3302956.000000 10.000000
5 3304314.000000 76.000000
2 3304931.000000 15.000000
1 3305439.000000 15.000000
3 3306058.000000 15.000000
3 3306586.000000 15.000000
4 3307106.000000 15.000000
3 3307730.000000 15.000000
0 3308277.000000 15.000000
1 3308774.000000 15.000000
5 3309240.000000 67.000000
6 3309806.000000 10.000000
5 3311155.000000 28.000000
2 3311625.000000 15.000000
4 3312093.000000 15.000000
5 3312611.000000 78.000000
5 3313242.000000 25.000000
0 3313730.000000 15.000000
1 3314305.000000 15.000000
1 3314874.000000 15.000000
5 3315315.000000 59.000000
3 3315954.000000 15.000000
6 3316499.000000 10.000000
5 3317721.000000 27.000000
4 3318242.000000 15.000000
2 3318822.000000 15.000000
0 3319378.000000 15.000000
1 3319993.000000 15.000000
2 3320463.000000 15.000000
2 3320940.000000 15.000000
5 3321533.000000 73.000000
0 3322113.000000 15.000000
1 3322557.000000 15.000000
6 3323161.000000 10.000000
3 3324557.000000 15.000000
4 3325077.000000 15.000000
1 3325605.000000 15.000000
2 3326145.000000 15.000000
1 3326622.000000 15.000000
5 3327055.000000 53.000000
5 3327676.000000 45.000000
2 3328177.000000 15.000000
1 3328730.000000 15.000000
3 3329324.000000 15.000000
6 3329874.000000 10.000000
5 3331145.000000 50.000000
1 3331736.000000 15.000000
2 3332255.000000 15.000000
0 3332838.000000 15.000000
1 3333274.000000 15.000000
1 3333846.000000 15.000000
4 3334435.000000 15.000000
3 3335098.000000 15.000000
5 3335721.000000 61.000000
1 3336203.000000 15.000000
6 3336651.000000 10.000000
0 3337887.000000 15.000000
0 3338339.000000 15.000000
0 3338840.000000 15.000000
1 3339295.000000 15.000000
0 3339879.000000 15.000000
5 3340508.000000 68.000000
4 3341047.000000 15.000000
4 3341576.000000 15.000000
2 3342215.000000 15.000000
2 3342790.000000 15.000000
6 3343380.000000 10.000000
4 3344768.000000 15.000000
5 3345401.000000 62.000000
4 3345846.000000 15.000000
2 3346367.000000 15.000000
2 3346840.000000 15.000000
3 3347335.000000 15.000000
0 3347841.000000 15.000000
0 3348363.000000 15.000000
0 3348993.000000 15.000000
5 3349482.000000 40.000000
6 3349972.000000 10.000000
0 3351197.000000 15.000000
2 3351699.000000 15.000000
3 3352255.000000 15.000000
4 3352890.000000 15.000000
3 3353447.000000 15.000000
4 3354087.000000 15.000000
3 3354618.000000 15.000000
4 3355098.000000 15.000000
2 3355722.000000 15.000000
4 3356216.000000 15.000000
6 3356791.000000 10.000000
2 3358026.000000 15.000000
4 3358572.000000 15.000000
3 3359223.000000 15.000000
2 3359713.000000 15.000000
0 3360262.000000 15.000000
4 3360823.000000 15.000000
2 3361408.000000 15.000000
1 3361850.000000 15.000000
4 3362458.000000 15.000000
0 3363106.000000 15.000000
6 3363554.000000 10.000000
1 3364843.000000 15.000000
3 3365370.000000 15.000000
5 3365897.000000 26.000000
1 3366373.000000 15.000000
3 3366929.000000 15.000000
1 3367550.000000 15.000000
3 3368011.000000 15.000000
4 3368492.000000 15.000000
4 3369046.000000 15.000000
0 3369650.000000 15.000000
6 3370210.000000 10.000000
5 3371446.000000 55.000000
2 3371930.000000 15.000000
3 3372538.000000 15.000000
5 3373129.000000 57.000000
0 3373740.000000 15.000000
2 3374176.000000 15.000000
4 3374775.000000 15.000000
1 3375413.000000 15.000000
3 3375924.000000 15.000000
2 3376569.000000 15.000000
6 3377124.000000 10.000000
4 3378408.000000 15.000000
0 3378927.000000 15.000000
1 3379468.000000 15.000000
0 3380016.000000 15.000000
5 3380566.000000 50.000000
5 3381164.000000 82.000000
3 3381647.000000 15.000000
5 3382200.000000 68.000000
2 3382776.000000 15.000000
0 3383347.000000 15.000000
6 3383875.000000 10.000000
1 3385225.000000 15.000000
4 3385822.000000 15.000000
0 3386434.000000 15.000000
3 3386905.000000 15.000000
0 3387383.000000 15.000000
1 3387900.000000 15.000000
4 3388474.000000 15.000000
0 3389128.000000 15.000000
3 3389568.000000 15.000000
5 3390208.000000 38.000000
6 3390743.000000 10.000000
2 3391954.000000 15.000000
4 3392519.000000 15.000000
0 3393169.000000 15.000000
5 3393618.000000 45.000000
2 3394234.000000 15.000000
2 3394763.000000 15.000000
0 3395307.000000 15.000000
5 3395871.000000 37.000000
3 3396329.000000 15.000000
5 3396791.000000 35.000000
6 3397295.000000 10.000000
0 3398692.000000 15.000000
1 3399191.000000 15.000000
2 3399623.000000 15.000000
4 3400135.000000 15.000000
2 3400680.000000 15.000000
5 3401240.000000 59.000000
4 3401785.000000 15.000000
5 3402372.000000 32.000000
1 3402956.000000 15.000000
5 3403567.000000 24.000000
6 3404095.000000 10.000000
2 3405368.000000 15.000000
3 3405843.000000 15.000000
5 3406465.000000 82.000000
3 3407074.000000 15.000000
2 3407683.000000 15.000000
5 3408262.000000 33.000000
0 3408773.000000 15.000000
2 3409380.000000 15.000000
5 3409834.000000 83.000000
3 3410318.000000 15.000000
6 3410962.000000 10.000000
1 3412222.000000 15.000000
0 3412800.000000 15.000000
5 3413233.000000 45.000000
1 3413866.000000 15.000000
1 3414298.000000 15.000000
5 3414878.000000 51.000000
1 3415362.000000 15.000000
5 3415904.000000 34.000000
5 3416361.000000 57.000000
1 3416842.000000 15.000000
6 3417307.000000 10.000000
0 3418627.000000 15.000000
2 3419234.000000 15.000000
3 3419809.000000 15.000000
1 3420318.000000 15.000000
5 3420858.000000 42.000000
0 3421393.000000 15.000000
4 3421869.000000 15.000000
1 3422532.000000 15.000000
4 3423078.000000 15.000000
1 3423639.000000 15.000000
6 3424197.000000 10.000000
0 3425511.000000 15.000000
5 3426118.000000 50.000000
4 3426647.000000 15.000000
2 3427192.000000 15.000000
0 3427731.000000 15.000000
3 3428163.000000 15.000000
4 3428724.000000 15.000000
5 3429286.000000 24.000000
1 3429731.000000 15.000000
3 3430284.000000 15.000000
6 3430852.000000 10.000000
2 3432094.000000 15.000000
0 3432640.000000 15.000000
2 3433111.000000 15.000000
4 3433688.000000 15.000000
1 3434340.000000 15.000000
2 3434868.000000 15.000000
0 3435346.000000 15.000000
4 3435965.000000 15.000000
5 3436439.000000 27.000000
3 3437025.000000 15.000000
6 3437485.000000 10.000000
2 3438720.000000 15.000000
4 3439324.000000 15.000000
3 3439888.000000 15.000000
1 3440346.000000 15.000000
3 3440849.000000 15.000000
2 3441433.000000 15.000000
5 3442027.000000 79.000000
2 3442648.000000 15.000000
0 3443149.000000 15.000000
3 3443745.000000 15.000000
6 3444245.000000 10.000000
0 3445476.000000 15.000000
1 3446102.000000 15.000000
5 3446646.000000 61.000000
2 3447088.000000 15.000000
4 3447614.000000 15.000000
3 3448095.000000 15.000000
3 3448651.000000 15.000000
4 3449166.000000 15.000000
1 3449716.000000 15.000000
1 3450328.000000 15.000000
6 3450832.000000 10.000000
5 3452225.000000 77.000000
0 3452814.000000 15.000000
3 3453385.000000 15.000000
4 3453849.000000 15.000000
0 3454376.000000 15.000000
3 3454869.000000 15.000000
5 3455369.000000 47.000000
3 3455886.000000 15.000000
0 3456388.000000 15.000000
3 3456934.000000 15.000000
6 3457439.000000 10.000000
3 3458826.000000 15.000000
1 3459309.000000 15.000000
3 3459896.000000 15.000000
3 3460379.000000 15.000000
3 3460998.000000 15.000000
2 3461500.000000 15.000000
2 3462061.000000 15.000000
5 3462643.000000 32.000000
5 3463227.000000 69.000000
5 3463670.000000 25.000000
6 3464309.000000 10.000000
1 3465676.000000 15.000000
5 3466149.000000 75.000000
0 3466784.000000 15.000000
3 3467257.000000 15.000000
3 3467843.000000 15.000000
5 3468401.000000 41.000000
5 3468999.000000 62.000000
4 3469498.000000 15.000000
4 3470065.000000 15.000000
0 3470673.000000 15.000000
6 3471154.000000 10.000000
4 3472548.000000 15.000000
2 3473132.000000 15.000000
1 3473554.000000 15.000000
4 3473993.000000 15.000000
2 3474555.000000 15.000000
1 3475063.000000 15.000000
3 3475534.000000 15.000000
4 3476044.000000 15.000000
0 3476674.000000 15.000000
1 3477294.000000 15.000000
6 3477723.000000 10.000000
2 3479065.000000 15.000000
0 3479634.000000 15.000000
3 3480242.000000 15.000000
3 3480813.000000 15.000000
5 3481402.000000 73.000000
2 3481945.000000 15.000000
0 3482526.000000 15.000000
3 3482981.000000 15.000000
5 3483473.000000 84.000000
4 3484105.000000 15.000000
6 3484620.000000 10.000000
2 3485868.000000 15.000000
4 3486390.000000 15.000000
4 3487033.000000 15.000000
1 3487608.000000 15.000000
4 3488112.000000 15.000000
1 3488773.000000 15.000000
0 3489264.000000 15.000000
2 3489829.000000 15.000000
4 3490273.000000 15.000000
4 3490841.000000 15.000000
6 3491369.000000 10.000000
0 3492584.000000 15.000000
3 3493082.000000 15.000000
3 3493606.000000 15.000000
2 3494175.000000 15.000000
4 3494631.000000 15.000000
4 3495137.000000 15.000000
5 3495651.000000 64.000000
5 3496233.000000 34.000000
2 3496707.000000 15.000000
1 3497128.000000 15.000000
6 3497737.000000 10.000000
2 3499085.000000 15.000000
2 3499695.000000 15.000000
0 3500289.000000 15.000000
3 3500733.000000 15.000000
4 3501193.000000 15.000000
0 3501669.000000 15.000000
2 3502153.000000 15.000000
1 3502737.000000 15.000000
4 3503215.000000 15.000000
3 3503879.000000 15.000000
6 3504368.000000 10.000000
4 3505740.000000 15.000000
1 3506343.000000 15.000000
0 3506880.000000 15.000000
2 3507403.000000 15.000000
4 3507902.000000 15.000000
5 3508509.000000 32.000000
5 3508980.000000 69.000000
3 3509596.000000 15.000000
3 3510174.000000 15.000000
1 3510632.000000 15.000000
6 3511143.000000 10.000000
3 3512370.000000 15.000000
0 3512880.000000 15.000000
1 3513494.000000 15.000000
1 3513948.000000 15.000000
3 3514544.000000 15.000000
0 3515029.000000 15.000000
4 3515483.000000 15.000000
2 3516004.000000 15.000000
3 3516518.000000 15.000000
5 3517075.000000 59.000000
6 3517568.000000 10.000000
4 3518831.000000 15.000000
3 3519495.000000 15.000000
1 3520048.000000 15.000000
4 3520515.000000 15.000000
2 3521153.000000 15.000000
5 3521760.000000 71.000000
3 3522221.000000 15.000000
2 3522829.000000 15.000000
3 3523390.000000 15.000000
4 3524009.000000 15.000000
6 3524590.000000 10.000000
4 3525862.000000 15.000000
0 3526431.000000 15.000000
0 3526977.000000 15.000000
1 3527432.000000 15.000000
0 3528037.000000 15.000000
4 3528544.000000 15.000000
1 3529198.000000 15.000000
1 3529621.000000 15.000000
2 3530154.000000 15.000000
2 3530626.000000 15.000000
6 3531169.000000 10.000000
5 3532447.000000 47.000000
4 3532959.000000 15.000000
0 3533460.000000 15.000000
4 3534070.000000 15.000000
5 3534580.000000 24.000000
1 3535143.000000 15.000000
4 3535580.000000 15.000000
5 3536172.000000 71.000000
4 3536662.000000 15.000000
4 3537269.000000 15.000000
6 3537873.000000 10.000000
0 3539096.000000 15.000000
4 3539610.000000 15.000000
0 3540190.000000 15.000000
0 3540736.000000 15.000000
2 3541252.000000 15.000000
0 3541668.000000 15.000000
2 3542285.000000 15.000000
0 3542857.000000 15.000000
0 3543486.000000 15.000000
5 3543931.000000 39.000000
6 3544489.000000 10.000000
2 3545844.000000 15.000000
3 3546347.000000 15.000000
4 3546931.000000 15.000000
4 3547486.000000 15.000000
2 3548055.000000 15.000000
2 3548628.000000 15.000000
0 3549117.000000 15.000000
1 3549647.000000 15.000000
1 3550245.000000 15.000000
2 3550772.000000 15.000000
6 3551379.000000 10.000000
4 3552709.000000 15.000000
3 3553284.000000 15.000000
2 3553740.000000 15.000000
3 3554211.000000 15.000000
2 3554776.000000 15.000000
1 3555352.000000 15.000000
4 3555849.000000 15.000000
4 3556357.000000 15.000000
1 3556893.000000 15.000000
5 3557503.000000 47.000000
6 3557950.000000 10.000000
1 3559324.000000 15.000000
5 3559906.000000 24.000000
1 3560498.000000 15.000000
5 3561070.000000 24.000000
0 3561534.000000 15.000000
5 3562027.000000 59.000000
5 3562582.000000 38.000000
1 3563039.000000 15.000000
5 3563604.000000 21.000000
4 3564092.000000 15.000000
6 3564580.000000 10.000000
1 3565915.000000 15.000000
5 3566504.000000 26.000000
3 3567075.000000 15.000000
1 3567541.000000 15.000000
2 3567964.000000 15.000000
4 3568409.000000 15.000000
1 3569032.000000 15.000000
1 3569541.000000 15.000000
4 3570028.000000 15.000000
3 3570560.000000 15.000000
6 3571203.000000 10.000000
0 3572545.000000 15.000000
0 3573145.000000 15.000000
2 3573639.000000 15.000000
3 3574106.000000 15.000000
4 3574675.000000 15.000000
5 3575262.000000 33.000000
2 3575749.000000 15.000000
0 3576191.000000 15.000000
2 3576631.000000 15.000000
2 3577221.000000 15.000000
6 3577799.000000 10.000000
1 3579097.000000 15.000000
2 3579553.000000 15.000000
0 3580025.000000 15.000000
5 3580496.000000 80.000000
4 3580978.000000 15.000000
3 3581595.000000 15.000000
3 3582123.000000 15.000000
1 3582756.000000 15.000000
2 3583264.000000 15.000000
1 3583799.000000 15.000000
6 3584235.000000 10.000000
5 3585592.000000 67.000000
3 3586128.000000 15.000000
0 3586749.000000 15.000000
1 3587273.000000 15.000000
4 3587774.000000 15.000000
0 3588317.000000 15.000000
3 3588758.000000 15.000000
3 3589341.000000 15.000000
4 3589941.000000 15.000000
5 3590504.000000 38.000000
6 3591032.000000 10.000000
1 3592324.000000 15.000000
4 3592900.000000 15.000000
1 3593572.000000 15.000000
3 3594043.000000 15.000000
2 3594544.000000 15.000000
3 3595054.000000 15.000000
3 3595585.000000 15.000000
4 3596175.000000 15.000000
4 3596822.000000 15.000000
4 3597300.000000 15.000000
6 3597807.000000 10.000000
2 3599167.000000 15.000000
4 3599630.000000 15.000000
2 3600197.000000 15.000000
3 3600733.000000 15.000000
1 3601209.000000 15.000000
2 3601829.000000 15.000000
2 3602413.000000 15.000000
2 3602863.000000 15.000000
5 3603363.000000 39.000000
1 3603886.000000 15.000000
6 3604490.000000 10.000000
3 3605855.000000 15.000000
0 3606312.000000 15.000000
5 3606904.000000 68.000000
4 3607400.000000 15.000000
3 3607953.000000 15.000000
5 3608404.000000 49.000000
0 3608866.000000 15.000000
2 3609330.000000 15.000000
5 3609856.000000 78.000000
3 3610470.000000 15.000000
6 3611046.000000 10.000000
1 3612430.000000 15.000000
4 3612996.000000 15.000000
0 3613622.000000 15.000000
0 3614105.000000 15.000000
0 3614640.000000 15.000000
5 3615240.000000 70.000000
5 3615838.000000 64.000000
5 3616402.000000 24.000000
2 3616876.000000 15.000000
2 3617442.000000 15.000000
6 3617996.000000 10.000000
0 3619376.000000 15.000000
1 3619981.000000 15.000000
1 3620493.000000 15.000000
5 3621019.000000 36.000000
5 3621464.000000 45.000000
5 3622034.000000 77.000000
1 3622641.000000 15.000000
3 3623224.000000 15.000000
1 3623751.000000 15.000000
1 3624365.000000 15.000000
6 3624927.000000 10.000000
5 3626318.000000 44.000000
1 3626782.000000 15.000000
3 3627305.000000 15.000000
5 3627912.000000 33.000000
3 3628368.000000 15.000000
1 3628936.000000 15.000000
4 3629458.000000 15.000000
3 3630081.000000 15.000000
5 3630690.000000 62.000000
0 3631177.000000 15.000000
6 3631686.000000 10.000000
2 3632982.000000 15.000000
4 3633505.000000 15.000000
3 3634016.000000 15.000000
4 3634592.000000 15.000000
4 3635187.000000 15.000000
3 3635663.000000 15.000000
3 3636151.000000 15.000000
4 3636636.000000 15.000000
2 3637217.000000 15.000000
4 3637818.000000 15.000000
6 3638468.000000 10.000000
3 3639765.000000 15.000000
4 3640391.000000 15.000000
0 3641002.000000 15.000000
3 3641448.000000 15.000000
4 3641985.000000 15.000000
2 3642529.000000 15.000000
4 3643092.000000 15.000000
2 3643635.000000 15.000000
5 3644200.000000 54.000000
5 3644666.000000 56.000000
6 3645152.000000 10.000000
1 3646384.000000 15.000000
4 3646918.000000 15.000000
4 3647489.000000 15.000000
4 3648041.000000 15.000000
5 3648521.000000 39.000000
0 3649137.000000 15.000000
5 3649708.000000 40.000000
1 3650299.000000 15.000000
1 3650806.000000 15.000000
4 3651362.000000 15.000000
6 3651974.000000 10.000000
5 3653285.000000 67.000000
0 3653741.000000 15.000000
5 3654326.000000 44.000000
4 3654898.000000 15.000000
2 3655570.000000 15.000000
5 3656083.000000 48.000000
4 3656724.000000 15.000000
0 3657280.000000 15.000000
0 3657794.000000 15.000000
1 3658255.000000 15.000000
6 3658712.000000 10.000000
2 3660056.000000 15.000000
3 3660488.000000 15.000000
0 3661018.000000 15.000000
4 3661516.000000 15.000000
1 3662039.000000 15.000000
0 3662561.000000 15.000000
2 3663177.000000 15.000000
3 3663693.000000 15.000000
5 3664210.000000 73.000000
4 3664781.000000 15.000000
6 3665301.000000 10.000000
4 3666520.000000 15.000000
1 3667081.000000 15.000000
0 3667567.000000 15.000000
3 3668170.000000 15.000000
1 3668652.000000 15.000000
0 3669226.000000 15.000000
2 3669801.000000 15.000000
1 3670303.000000 15.000000
3 3670769.000000 15.000000
4 3671325.000000 15.000000
6 3671830.000000 10.000000
0 3673194.000000 15.000000
1 3673713.000000 15.000000
0 3674318.000000 15.000000
5 3674794.000000 71.000000
3 3675291.000000 15.000000
2 3675864.000000 15.000000
4 3676302.000000 15.000000
3 3676871.000000 15.000000
3 3677482.000000 15.000000
1 3677976.000000 15.000000
6 3678469.000000 10.000000
0 3679791.000000 15.000000
3 3680331.000000 15.000000
2 3680977.000000 15.000000
3 3681452.000000 15.000000
0 3681996.000000 15.000000
1 3682535.000000 15.000000
5 3682979.000000 46.000000
2 3683482.000000 15.000000
2 3684096.000000 15.000000
5 3684570.000000 53.000000
6 3685024.000000 10.000000
2 3686322.000000 15.000000
5 3686747.000000 35.000000
2 3687230.000000 15.000000
1 3687744.000000 15.000000
5 3688350.000000 21.000000
1 3688977.000000 15.000000
0 3689556.000000 15.000000
5 3690001.000000 69.000000
1 3690614.000000 15.000000
1 3691178.000000 15.000000
6 3691627.000000 10.000000
3 3693025.000000 15.000000
5 3693603.000000 40.000000
0 3694143.000000 15.000000
1 3694684.000000 15.000000
1 3695293.000000 15.000000
0 3695862.000000 15.000000
0 3696391.000000 15.000000
4 3696915.000000 15.000000
1 3697464.000000 15.000000
2 3698064.000000 15.000000
6 3698662.000000 10.000000
0 3699894.000000 15.000000
2 3700468.000000 15.000000
2 3700931.000000 15.000000
5 3701428.000000 41.000000
4 3702001.000000 15.000000
4 3702485.000000 15.000000
0 3703074.000000 15.000000
0 3703530.000000 15.000000
2 3704131.000000 15.000000
5 3704575.000000 69.000000
6 3705177.000000 10.000000
1 3706569.000000 15.000000
1 3707161.000000 15.000000
2 3707600.000000 15.000000
0 3708138.000000 15.000000
0 3708598.000000 15.000000
0 3709070.000000 15.000000
4 3709566.000000 15.000000
1 3710081.000000 15.000000
2 3710657.000000 15.000000
3 3711246.000000 15.000000
6 3711711.000000 10.000000
3 3713108.000000 15.000000
2 3713734.000000 15.000000
3 3714228.000000 15.000000
1 3714723.000000 15.000000
4 3715301.000000 15.000000
0 3715907.000000 15.000000
5 3716445.000000 27.000000
0 3716914.000000 15.000000
2 3717389.000000 15.000000
0 3717914.000000 15.000000
6 3718525.000000 10.000000
4 3719862.000000 15.000000
4 3720335.000000 15.000000
4 3721004.000000 15.000000
0 3721619.000000 15.000000
2 3722167.000000 15.000000
1 3722665.000000 15.000000
1 3723093.000000 15.000000
5 3723613.000000 55.000000
5 3724074.000000 27.000000
3 3724551.000000 15.000000
6 3725066.000000 10.000000
1 3726316.000000 15.000000
4 3726776.000000 15.000000
5 3727384.000000 49.000000
4 3727833.000000 15.000000
2 3728361.000000 15.000000
2 3728777.000000 15.000000
2 3729248.000000 15.000000
3 3729833.000000 15.000000
1 3730298.000000 15.000000
5 3730908.000000 38.000000
6 3731460.000000 10.000000
0 3732798.000000 15.000000
1 3733366.000000 15.000000
3 3733858.000000 15.000000
5 3734354.000000 83.000000
3 3734959.000000 15.000000
0 3735517.000000 15.000000
4 3736079.000000 15.000000
5 3736561.000000 84.000000
5 3737015.000000 79.000000
4 3737612.000000 15.000000
6 3738203.000000 10.000000
2 3739445.000000 15.000000
5 3740006.000000 77.000000
5 3740643.000000 21.000000
2 3741240.000000 15.000000
4 3741798.000000 15.000000
0 3742312.000000 15.000000
4 3742793.000000 15.000000
1 3743352.000000 15.000000
1 3743776.000000 15.000000
1 3744253.000000 15.000000
6 3744693.000000 10.000000
5 3746001.000000 61.000000
5 3746489.000000 42.000000
4 3747050.000000 15.000000
2 3747635.000000 15.000000
3 3748116.000000 15.000000
2 3748657.000000 15.000000
2 3749149.000000 15.000000
3 3749655.000000 15.000000
1 3750181.000000 15.000000
0 3750660.000000 15.000000
6 3751122.000000 10.000000
1 3752469.000000 15.000000
4 3752971.000000 15.000000
0 3753586.000000 15.000000
5 3754166.000000 45.000000
5 3754780.000000 46.000000
4 3755331.000000 15.000000
3 3755847.000000 15.000000
2 3756344.000000 15.000000
1 3756900.000000 15.000000
0 3757407.000000 15.000000
6 3757907.000000 10.000000
2 3759300.000000 15.000000
2 3759794.000000 15.000000
0 3760391.000000 15.000000
5 3760912.000000 81.000000
1 3761441.000000 15.000000
2 3761967.000000 15.000000
5 3762387.000000 71.000000
5 3762869.000000 38.000000
3 3763409.000000 15.000000
0 3763907.000000 15.000000
6 3764362.000000 10.000000
1 3765665.000000 15.000000
0 3766203.000000 15.000000
3 3766718.000000 15.000000
4 3767255.000000 15.000000
1 3767771.000000 15.000000
1 3768272.000000 15.000000
3 3768761.000000 15.000000
3 3769328.000000 15.000000
3 3769858.000000 15.000000
1 3770409.000000 15.000000
6 3770910.000000 10.000000
0 3772207.000000 15.000000
0 3772705.000000 15.000000
4 3773165.000000 15.000000
3 3773662.000000 15.000000
2 3774257.000000 15.000000
2 3774822.000000 15.000000
1 3775375.000000 15.000000
3 3775930.000000 15.000000
5 3776470.000000 36.000000
4 3776992.000000 15.000000
6 3777599.000000 10.000000
2 3778831.000000 15.000000
1 3779337.000000 15.000000
0 3779951.000000 15.000000
5 3780444.000000 23.000000
2 3781044.000000 15.000000
0 3781513.000000 15.000000
3 3781966.000000 15.000000
4 3782605.000000 15.000000
5 3783134.000000 24.000000
2 3783775.000000 15.000000
6 3784239.000000 10.000000
4 3785638.000000 15.000000
3 3786155.000000 15.000000
0 3786771.000000 15.000000
0 3787314.000000 15.000000
5 3787876.000000 75.000000
2 3788333.000000 15.000000
3 3788775.000000 15.000000
0 3789310.000000 15.000000
2 3789868.000000 15.000000
0 3790392.000000 15.000000
6 3790856.000000 10.000000
3 3792177.000000 15.000000
0 3792816.000000 15.000000
3 3793256.000000 15.000000
2 3793711.000000 15.000000
3 3794207.000000 15.000000
3 3794792.000000 15.000000
5 3795402.000000 55.000000
5 3795947.000000 29.000000
0 3796426.000000 15.000000
5 3796964.000000 49.000000
6 3797473.000000 10.000000
2 3798688.000000 15.000000
0 3799194.000000 15.000000
0 3799677.000000 15.000000
2 3800117.000000 15.000000
0 3800658.000000 15.000000
2 3801208.000000 15.000000
2 3801670.000000 15.000000
0 3802212.000000 15.000000
3 3802757.000000 15.000000
1 3803324.000000 15.000000
6 3803888.000000 10.000000
3 3805259.000000 15.000000
5 3805847.000000 74.000000
3 3806325.000000 15.000000
0 3806925.000000 15.000000
0 3807537.000000 15.000000
4 3808145.000000 15.000000
2 3808739.000000 15.000000
1 3809201.000000 15.000000
0 3809767.000000 15.000000
4 3810354.000000 15.000000
6 3810896.000000 10.000000
4 3812161.000000 15.000000
2 3812636.000000 15.000000
1 3813089.000000 15.000000
3 3813535.000000 15.000000
1 3814160.000000 15.000000
5 3814739.000000 38.000000
3 3815263.000000 15.000000
4 3815767.000000 15.000000
2 3816430.000000 15.000000
3 3816966.000000 15.000000
6 3817510.000000 10.000000
0 3818851.000000 15.000000
0 3819291.000000 15.000000
0 3819835.000000 15.000000
3 3820396.000000 15.000000
1 3820968.000000 15.000000
4 3821559.000000 15.000000
3 3822068.000000 15.000000
4 3822571.000000 15.000000
5 3823220.000000 44.000000
5 3823825.000000 61.000000
6 3824322.000000 10.000000
1 3825714.000000 15.000000
2 3826279.000000 15.000000
4 3826694.000000 15.000000
5 3827306.000000 81.000000
1 3827943.000000 15.000000
1 3828539.000000 15.000000
0 3829143.000000 15.000000
4 3829626.000000 15.000000
1 3830260.000000 15.000000
0 3830701.000000 15.000000
6 3831278.000000 10.000000
4 3832552.000000 15.000000
3 3833214.000000 15.000000
2 3833808.000000 15.000000
1 3834256.000000 15.000000
3 3834749.000000 15.000000
4 3835345.000000 15.000000
5 3835914.000000 68.000000
5 3836510.000000 81.000000
2 3837004.000000 15.000000
0 3837526.000000 15.000000
6 3838024.000000 10.000000
1 3839430.000000 15.000000
5 3839886.000000 70.000000
4 3840413.000000 15.000000
4 3840935.000000 15.000000
3 3841508.000000 15.000000
0 3842104.000000 15.000000
1 3842677.000000 15.000000
0 3843292.000000 15.000000
0 3843732.000000 15.000000
3 3844261.000000 15.000000
6 3844824.000000 10.000000
0 3846143.000000 15.000000
0 3846580.000000 15.000000
0 3847196.000000 15.000000
0 3847635.000000 15.000000
4 3848096.000000 15.000000
5 3848744.000000 53.000000
0 3849269.000000 15.000000
0 3849730.000000 15.000000
3 3850217.000000 15.000000
1 3850692.000000 15.000000
6 3851122.000000 10.000000
5 3852354.000000 27.000000
3 3852883.000000 15.000000
5 3853505.000000 48.000000
5 3854083.000000 42.000000
5 3854567.000000 34.000000
1 3855096.000000 15.000000
5 3855624.000000 41.000000
0 3856257.000000 15.000000
5 3856730.000000 68.000000
5 3857368.000000 44.000000
6 3857836.000000 10.000000
4 3859143.000000 15.000000
4 3859781.000000 15.000000
5 3860428.000000 59.000000
1 3861013.000000 15.000000
5 3861473.000000 20.000000
0 3862052.000000 15.000000
3 3862577.000000 15.000000
3 3863118.000000 15.000000
3 3863582.000000 15.000000
5 3864177.000000 50.000000
6 3864633.000000 10.000000
2 3866041.000000 15.000000
3 3866552.000000 15.000000
3 3867132.000000 15.000000
0 3867643.000000 15.000000
0 3868080.000000 15.000000
3 3868633.000000 15.000000
4 3869123.000000 15.000000
0 3869667.000000 15.000000
0 3870262.000000 15.000000
5 3870708.000000 22.000000
6 3871317.000000 10.000000
2 3872615.000000 15.000000
2 3873168.000000 15.000000
3 3873679.000000 15.000000
1 3874193.000000 15.000000
2 3874645.000000 15.000000
1 3875133.000000 15.000000
2 3875680.000000 15.000000
1 3876121.000000 15.000000
5 3876570.000000 75.000000
4 3877186.000000 15.000000
6 3877845.000000 10.000000
3 3879245.000000 15.000000
4 3879802.000000 15.000000
0 3880354.000000 15.000000
2 3880985.000000 15.000000
4 3881456.000000 15.000000
0 3881937.000000 15.000000
3 3882401.000000 15.000000
4 3883005.000000 15.000000
4 3883516.000000 15.000000
0 3884023.000000 15.000000
6 3884559.000000 10.000000
2 3885806.000000 15.000000
2 3886318.000000 15.000000
0 3886877.000000 15.000000
5 3887388.000000 45.000000
3 3887991.000000 15.000000
5 3888621.000000 24.000000
3 3889158.000000 15.000000
3 3889779.000000 15.000000
0 3890377.000000 15.000000
2 3890952.000000 15.000000
6 3891419.000000 10.000000
1 3892788.000000 15.000000
2 3893347.000000 15.000000
5 3893859.000000 45.000000
1 3894368.000000 15.000000
4 3894841.000000 15.000000
1 3895511.000000 15.000000
5 3896108.000000 33.000000
1 3896573.000000 15.000000
4 3897065.000000 15.000000
2 3897552.000000 15.000000
6 3898166.000000 10.000000
1 3899479.000000 15.000000
1 3899965.000000 15.000000
0 3900535.000000 15.000000
2 3901020.000000 15.000000
1 3901530.000000 15.000000
4 3901972.000000 15.000000
2 3902630.000000 15.000000
0 3903170.000000 15.000000
4 3903797.000000 15.000000
2 3904387.000000 15.000000
6 3904984.000000 10.000000
3 3906216.000000 15.000000
2 3906676.000000 15.000000
5 3907186.000000 20.000000
2 3907760.000000 15.000000
5 3908368.000000 29.000000
0 3908985.000000 15.000000
5 3909520.000000 43.000000
0 3910144.000000 15.000000
5 3910677.000000 27.000000
4 3911189.000000 15.000000
6 3911694.000000 10.000000
5 3912970.000000 30.000000
5 3913516.000000 46.000000
4 3914148.000000 15.000000
5 3914623.000000 51.000000
3 3915149.000000 15.000000
3 3915669.000000 15.000000
2 3916188.000000 15.000000
0 3916636.000000 15.000000
0 3917163.000000 15.000000
5 3917714.000000 45.000000
6 3918260.000000 10.000000
0 3919643.000000 15.000000
4 3920183.000000 15.000000
3 3920823.000000 15.000000
4 3921286.000000 15.000000
3 3921831.000000 15.000000
2 3922467.000000 15.000000
0 3923040.000000 15.000000
1 3923492.000000 15.000000
2 3923940.000000 15.000000
4 3924442.000000 15.000000
6 3925076.000000 10.000000
0 3926481.000000 15.000000
5 3927018.000000 76.000000
3 3927539.000000 15.000000
2 3928169.000000 15.000000
4 3928781.000000 15.000000
3 3929281.000000 15.000000
0 3929826.000000 15.000000
4 3930268.000000 15.000000
2 3930862.000000 15.000000
2 3931427.000000 15.000000
6 3932007.000000 10.000000
3 3933352.000000 15.000000
4 3933854.000000 15.000000
4 3934356.000000 15.000000
1 3935016.000000 15.000000
2 3935501.000000 15.000000
5 3936046.000000 24.000000
5 3936559.000000 35.000000
4 3937183.000000 15.000000
0 3937753.000000 15.000000
2 3938353.000000 15.000000
6 3938950.000000 10.000000
0 3940253.000000 15.000000
4 3940884.000000 15.000000
5 3941552.000000 56.000000
0 3942168.000000 15.000000
3 3942758.000000 15.000000
3 3943363.000000 15.000000
4 3943967.000000 15.000000
5 3944537.000000 23.000000
1 3945162.000000 15.000000
5 3945779.000000 51.000000
6 3946226.000000 10.000000
3 3947600.000000 15.000000
3 3948179.000000 15.000000
0 3948802.000000 15.000000
0 3949416.000000 15.000000
1 3949891.000000 15.000000
1 3950335.000000 15.000000
0 3950816.000000 15.000000
5 3951301.000000 24.000000
1 3951762.000000 15.000000
4 3952305.000000 15.000000
6 3952803.000000 10.000000
4 3954015.000000 15.000000
2 3954660.000000 15.000000
1 3955224.000000 15.000000
3 3955758.000000 15.000000
4 3956294.000000 15.000000
2 3956816.000000 15.000000
1 3957278.000000 15.000000
2 3957853.000000 15.000000
0 3958278.000000 15.000000
3 3958768.000000 15.000000
6 3959285.000000 10.000000
2 3960644.000000 15.000000
5 3961119.000000 48.000000
5 3961663.000000 48.000000
2 3962155.000000 15.000000
2 3962655.000000 15.000000
5 3963116.000000 58.000000
0 3963750.000000 15.000000
1 3964285.000000 15.000000
1 3964791.000000 15.000000
1 3965371.000000 15.000000
6 3965867.000000 10.000000
2 3967137.000000 15.000000
0 3967732.000000 15.000000
5 3968351.000000 61.000000
1 3968839.000000 15.000000
0 3969321.000000 15.000000
4 3969952.000000 15.000000
5 3970554.000000 32.000000
0 3971005.000000 15.000000
1 3971583.000000 15.000000
1 3972125.000000 15.000000
6 3972634.000000 10.000000
0 3974037.000000 15.000000
5 3974533.000000 66.000000
1 3974991.000000 15.000000
4 3975425.000000 15.000000
1 3975998.000000 15.000000
0 3976509.000000 15.000000
0 3977063.000000 15.000000
3 3977685.000000 15.000000
4 3978149.000000 15.000000
4 3978768.000000 15.000000
6 3979367.000000 10.000000
3 3980752.000000 15.000000
4 3981358.000000 15.000000
4 3981949.000000 15.000000
0 3982614.000000 15.000000
3 3983076.000000 15.000000
3 3983653.000000 15.000000
2 3984242.000000 15.000000
4 3984723.000000 15.000000
1 3985230.000000 15.000000
3 3985794.000000 15.000000
6 3986361.000000 10.000000
4 3987770.000000 15.000000
0 3988246.000000 15.000000
3 3988808.000000 15.000000
1 3989321.000000 15.000000
2 3989758.000000 15.000000
1 3990289.000000 15.000000
3 3990820.000000 15.000000
2 3991292.000000 15.000000
0 3991886.000000 15.000000
3 3992344.000000 15.000000
6 3992837.000000 10.000000
0 3994139.000000 15.000000
0 3994628.000000 15.000000
4 3995122.000000 15.000000
5 3995670.000000 20.000000
0 3996194.000000 15.000000
1 3996676.000000 15.000000
5 3997177.000000 48.000000
5 3997709.000000 31.000000
0 3998182.000000 15.000000
3 3998668.000000 15.000000
6 3999184.000000 10.000000
2 4000593.000000 15.000000
4 4001197.000000 15.000000
5 4001853.000000 35.000000
3 4002324.000000 15.000000
0 4002840.000000 15.000000
1 4003338.000000 15.000000
2 4003820.000000 15.000000
5 4004274.000000 60.000000
0 4004779.000000 15.000000
2 4005343.000000 15.000000
6 4005801.000000 10.000000
5 4007108.000000 22.000000
3 4007707.000000 15.000000
0 4008173.000000 15.000000
0 4008623.000000 15.000000
4 4009164.000000 15.000000
5 4009778.000000 31.000000
5 4010283.000000 40.000000
4 4010810.000000 15.000000
4 4011286.000000 15.000000
5 4011779.000000 65.000000
6 4012392.000000 10.000000
4 4013793.000000 15.000000
2 4014324.000000 15.000000
1 4014926.000000 15.000000
1 4015511.000000 15.000000
3 4016025.000000 15.000000
5 4016617.000000 20.000000
4 4017220.000000 15.000000
2 4017732.000000 15.000000
2 4018303.000000 15.000000
0 4018781.000000 15.000000
6 4019325.000000 10.000000
1 4020554.000000 15.000000
4 4021138.000000 15.000000
1 4021674.000000 15.000000
0 4022233.000000 15.000000
4 4022722.000000 15.000000
5 4023388.000000 46.000000
2 4023977.000000 15.000000
1 4024413.000000 15.000000
4 4024951.000000 15.000000
3 4025608.000000 15.000000
6 4026224.000000 10.000000
5 4027596.000000 51.000000
0 4028121.000000 15.000000
3 4028732.000000 15.000000
0 4029328.000000 15.000000
0 4029909.000000 15.000000
3 4030510.000000 15.000000
2 4031115.000000 15.000000
1 4031721.000000 15.000000
0 4032289.000000 15.000000
5 4032766.000000 55.000000
6 4033404.000000 10.000000
1 4034740.000000 15.000000
2 4035276.000000 15.000000
2 4035722.000000 15.000000
2 4036267.000000 15.000000
5 4036729.000000 56.000000
1 4037355.000000 15.000000
5 4037814.000000 82.000000
3 4038414.000000 15.000000
0 4039025.000000 15.000000
0 4039639.000000 15.000000
6 4040115.000000 10.000000
3 4041426.000000 15.000000
1 4041945.000000 15.000000
0 4042507.000000 15.000000
2 4043031.000000 15.000000
0 4043560.000000 15.000000
0 4044173.000000 15.000000
0 4044773.000000 15.000000
0 4045372.000000 15.000000
0 4045901.000000 15.000000
4 4046530.000000 15.000000
6 4047025.000000 10.000000
2 4048418.000000 15.000000
5 4048842.000000 64.000000
5 4049310.000000 26.000000
2 4049900.000000 15.000000
3 4050340.000000 15.000000
0 4050987.000000 15.000000
1 4051615.000000 15.000000
1 4052200.000000 15.000000
4 4052729.000000 15.000000
5 4053377.000000 71.000000
6 4053932.000000 10.000000
4 4055291.000000 15.000000
0 4055828.000000 15.000000
3 4056286.000000 15.000000
2 4056746.000000 15.000000
4 4057240.000000 15.000000
4 4057769.000000 15.000000
1 4058407.000000 15.000000
1 4058924.000000 15.000000
2 4059455.000000 15.000000
0 4060005.000000 15.000000
6 4060480.000000 10.000000
4 4061864.000000 15.000000
2 4062378.000000 15.000000
1 4062927.000000 15.000000
2 4063481.000000 15.000000
5 4064070.000000 81.000000
2 4064616.000000 15.000000
5 4065076.000000 26.000000
1 4065616.000000 15.000000
2 4066162.000000 15.000000
2 4066717.000000 15.000000
6 4067232.000000 10.000000
1 4068554.000000 15.000000
3 4069118.000000 15.000000
2 4069707.000000 15.000000
5 4070149.000000 55.000000
2 4070645.000000 15.000000
4 4071167.000000 15.000000
4 4071726.000000 15.000000
0 4072349.000000 15.000000
0 4072950.000000 15.000000
4 4073414.000000 15.000000
6 4073990.000000 10.000000
0 4075332.000000 15.000000
3 4075897.000000 15.000000
0 4076427.000000 15.000000
3 4076887.000000 15.000000
5 4077454.000000 43.000000
0 4077993.000000 15.000000
3 4078460.000000 15.000000
0 4079016.000000 15.000000
4 4079553.000000 15.000000
0 4080107.000000 15.000000
6 4080562.000000 10.000000
0 4081791.000000 15.000000
0 4082418.000000 15.000000
5 4082958.000000 43.000000
4 4083453.000000 15.000000
2 4084083.000000 15.000000
1 4084623.000000 15.000000
3 4085175.000000 15.000000
5 4085790.000000 69.000000
5 4086341.000000 24.000000
5 4086841.000000 76.000000
6 4087430.000000 10.000000
0 4088671.000000 15.000000
1 4089218.000000 15.000000
4 4089727.000000 15.000000
0 4090340.000000 15.000000
2 4090841.000000 15.000000
2 4091424.000000 15.000000
4 4091859.000000 15.000000
2 4092511.000000 15.000000
5 4093097.000000 46.000000
5 4093689.000000 53.000000
6 4094164.000000 10.000000
5 4095378.000000 66.000000
5 4095871.000000 46.000000
3 4096498.000000 15.000000
1 4097051.000000 15.000000
0 4097584.000000 15.000000
3 4098176.000000 15.000000
0 4098774.000000 15.000000
2 4099266.000000 15.000000
0 4099710.000000 15.000000
1 4100169.000000 15.000000
6 4100749.000000 10.000000
0 4102033.000000 15.000000
0 4102643.000000 15.000000
0 4103243.000000 15.000000
2 4103709.000000 15.000000
1 4104154.000000 15.000000
4 4104646.000000 15.000000
0 4105162.000000 15.000000
5 4105679.000000 63.000000
1 4106197.000000 15.000000
1 4106732.000000 15.000000
6 4107273.000000 10.000000
3 4108539.000000 15.000000
1 4109012.000000 15.000000
4 4109526.000000 15.000000
3 4110145.000000 15.000000
2 4110596.000000 15.000000
1 4111173.000000 15.000000
1 4111671.000000 15.000000
5 4112100.000000 26.000000
3 4112696.000000 15.000000
4 4113264.000000 15.000000
6 4113771.000000 10.000000
3 4115176.000000 15.000000
5 4115745.000000 74.000000
5 4116347.000000 73.000000
5 4116811.000000 27.000000
1 4117281.000000 15.000000
3 4117768.000000 15.000000
3 4118310.000000 15.000000
2 4118808.000000 15.000000
4 4119343.000000 15.000000
3 4119956.000000 15.000000
6 4120586.000000 10.000000
3 4121919.000000 15.000000
4 4122510.000000 15.000000
5 4123153.000000 38.000000
1 4123752.000000 15.000000
1 4124348.000000 15.000000
3 4124881.000000 15.000000
1 4125382.000000 15.000000
1 4125863.000000 15.000000
3 4126313.000000 15.000000
3 4126903.000000 15.000000
6 4127465.000000 10.000000
4 4128849.000000 15.000000
1 4129415.000000 15.000000
2 4129856.000000 15.000000
4 4130300.000000 15.000000
1 4130949.000000 15.000000
4 4131409.000000 15.000000
1 4132016.000000 15.000000
4 4132488.000000 15.000000
2 4133009.000000 15.000000
1 4133563.000000 15.000000
6 4134185.000000 10.000000
5 4135581.000000 73.000000
0 4136171.000000 15.000000
2 4136664.000000 15.000000
2 4137110.000000 15.000000
3 4137666.000000 15.000000
5 4138143.000000 82.000000
2 4138727.000000 15.000000
3 4139240.000000 15.000000
4 4139715.000000 15.000000
2 4140289.000000 15.000000
6 4140822.000000 10.000000
2 4142164.000000 15.000000
2 4142637.000000 15.000000
3 4143148.000000 15.000000
1 4143769.000000 15.000000
0 4144235.000000 15.000000
2 4144810.000000 15.000000
5 4145346.000000 74.000000
4 4145931.000000 15.000000
5 4146562.000000 47.000000
3 4147196.000000 15.000000
6 4147647.000000 10.000000
0 4149023.000000 15.000000
1 4149553.000000 15.000000
4 4150136.000000 15.000000
5 4150744.000000 84.000000
2 4151299.000000 15.000000
2 4151865.000000 15.000000
0 4152347.000000 15.000000
1 4152951.000000 15.000000
2 4153486.000000 15.000000
0 4154088.000000 15.000000
6 4154568.000000 10.000000
4 4155802.000000 15.000000
3 4156314.000000 15.000000
4 4156842.000000 15.000000
4 4157461.000000 15.000000
5 4158050.000000 78.000000
1 4158669.000000 15.000000
2 4159173.000000 15.000000
4 4159761.000000 15.000000
2 4160371.000000 15.000000
3 4160983.000000 15.000000
6 4161572.000000 10.000000
3 4162785.000000 15.000000
2 4163301.000000 15.000000
1 4163727.000000 15.000000
3 4164193.000000 15.000000
0 4164826.000000 15.000000
0 4165344.000000 15.000000
3 4165866.000000 15.000000
4 4166451.000000 15.000000
4 4167055.000000 15.000000
0 4167687.000000 15.000000
6 4168226.000000 10.000000
5 4169597.000000 23.000000
0 4170169.000000 15.000000
3 4170646.000000 15.000000
0 4171284.000000 15.000000
0 4171801.000000 15.000000
4 4172382.000000 15.000000
3 4173016.000000 15.000000
1 4173581.000000 15.000000
3 4174036.000000 15.000000
2 4174550.000000 15.000000
6 4175087.000000 10.000000
1 4176493.000000 15.000000
0 4177084.000000 15.000000
2 4177620.000000 15.000000
2 4178119.000000 15.000000
3 4178544.000000 15.000000
2 4179191.000000 15.000000
4 4179661.000000 15.000000
0 4180137.000000 15.000000
5 4180678.000000 61.000000
3 4181129.000000 15.000000
6 4181722.000000 10.000000
1 4183071.000000 15.000000
1 4183580.000000 15.000000
0 4184020.000000 15.000000
1 4184601.000000 15.000000
1 4185093.000000 15.000000
3 4185647.000000 15.000000
2 4186103.000000 15.000000
4 4186708.000000 15.000000
1 4187292.000000 15.000000
1 4187721.000000 15.000000
6 4188166.000000 10.000000
2 4189449.000000 15.000000
2 4190039.000000 15.000000
2 4190614.000000 15.000000
4 4191072.000000 15.000000
0 4191564.000000 15.000000
3 4192017.000000 15.000000
1 4192577.000000 15.000000
5 4193085.000000 78.000000
2 4193548.000000 15.000000
3 4194089.000000 15.000000
6 4194637.000000 10.000000
2 4195882.000000 15.000000
3 4196455.000000 15.000000
2 4197017.000000 15.000000
1 4197608.000000 15.000000
3 4198104.000000 15.000000
4 4198718.000000 15.000000
5 4199372.000000 76.000000
0 4199863.000000 15.000000
2 4200347.000000 15.000000
4 4200831.000000 15.000000
6 4201483.000000 10.000000
4 4202810.000000 15.000000
5 4203304.000000 77.000000
4 4203868.000000 15.000000
1 4204426.000000 15.000000
2 4204992.000000 15.000000
3 4205532.000000 15.000000
3 4205981.000000 15.000000
0 4206537.000000 15.000000
4 4207106.000000 15.000000
5 4207604.000000 66.000000
6 4208066.000000 10.000000
2 4209371.000000 15.000000
2 4209830.000000 15.000000
4 4210261.000000 15.000000
4 4210738.000000 15.000000
5 4211302.000000 41.000000
0 4211917.000000 15.000000
4 4212375.000000 15.000000
2 4212909.000000 15.000000
1 4213509.000000 15.000000
2 4214028.000000 15.000000
6 4214590.000000 10.000000
4 4215948.000000 15.000000
5 4216490.000000 27.000000
5 4216960.000000 54.000000
3 4217465.000000 15.000000
2 4218074.000000 15.000000
5 4218510.000000 46.000000
1 4219032.000000 15.000000
2 4219596.000000 15.000000
5 4220149.000000 81.000000
1 4220744.000000 15.000000
6 4221198.000000 10.000000
5 4222506.000000 57.000000
5 4223031.000000 54.000000
0 4223616.000000 15.000000
3 4224096.000000 15.000000
4 4224709.000000 15.000000
1 4225248.000000 15.000000
3 4225789.000000 15.000000
0 4226298.000000 15.000000
2 4226736.000000 15.000000
4 4227331.000000 15.000000
6 4227888.000000 10.000000
2 4229245.000000 15.000000
5 4229811.000000 43.000000
2 4230274.000000 15.000000
2 4230810.000000 15.000000
3 4231280.000000 15.000000
1 4231893.000000 15.000000
4 4232360.000000 15.000000
0 4232988.000000 15.000000
0 4233569.000000 15.000000
3 4234018.000000 15.000000
6 4234488.000000 10.000000
3 4235839.000000 15.000000
1 4236482.000000 15.000000
1 4236970.000000 15.000000
0 4237498.000000 15.000000
3 4237998.000000 15.000000
3 4238554.000000 15.000000
3 4239166.000000 15.000000
1 4239698.000000 15.000000
4 4240269.000000 15.000000
2 4240767.000000 15.000000
6 4241252.000000 10.000000
4 4242498.000000 15.000000
0 4243136.000000 15.000000
4 4243583.000000 15.000000
3 4244061.000000 15.000000
1 4244588.000000 15.000000
5 4245143.000000 47.000000
4 4245658.000000 15.000000
5 4246242.000000 58.000000
2 4246827.000000 15.000000
1 4247254.000000 15.000000
6 4247860.000000 10.000000
2 4249248.000000 15.000000
0 4249739.000000 15.000000
0 4250337.000000 15.000000
4 4250880.000000 15.000000
1 4251481.000000 15.000000
2 4251957.000000 15.000000
2 4252467.000000 15.000000
3 4252995.000000 15.000000
4 4253547.000000 15.000000
1 4254045.000000 15.000000
6 4254514.000000 10.000000
0 4255887.000000 15.000000
2 4256485.000000 15.000000
1 4256955.000000 15.000000
4 4257448.000000 15.000000
4 4257949.000000 15.000000
3 4258479.000000 15.000000
5 4258956.000000 74.000000
5 4259423.000000 75.000000
4 4259951.000000 15.000000
4 4260467.000000 15.000000
6 4261016.000000 10.000000
4 4262244.000000 15.000000
5 4262741.000000 26.000000
5 4263324.000000 70.000000
4 4263768.000000 15.000000
5 4264394.000000 22.000000
1 4264837.000000 15.000000
3 4265334.000000 15.000000
3 4265814.000000 15.000000
3 4266326.000000 15.000000
5 4266847.000000 24.000000
6 4267451.000000 10.000000
0 4268753.000000 15.000000
3 4269360.000000 15.000000
0 4269954.000000 15.000000
0 4270476.000000 15.000000
2 4271096.000000 15.000000
0 4271613.000000 15.000000
4 4272195.000000 15.000000
3 4272698.000000 15.000000
1 4273336.000000 15.000000
5 4273857.000000 46.000000
6 4274473.000000 10.000000
5 4275703.000000 64.000000
3 4276180.000000 15.000000
0 4276722.000000 15.000000
3 4277297.000000 15.000000
5 4277906.000000 73.000000
2 4278437.000000 15.000000
1 4279003.000000 15.000000
5 4279452.000000 76.000000
1 4279993.000000 15.000000
3 4280564.000000 15.000000
6 4281198.000000 10.000000
4 4282516.000000 15.000000
2 4283139.000000 15.000000
1 4283637.000000 15.000000
3 4284074.000000 15.000000
2 4284711.000000 15.000000
4 4285274.000000 15.000000
1 4285787.000000 15.000000
4 4286338.000000 15.000000
1 4286994.000000 15.000000
1 4287559.000000 15.000000
6 4288153.000000 10.000000
5 4289460.000000 74.000000
1 4290098.000000 15.000000
1 4290608.000000 15.000000
1 4291038.000000 15.000000
4 4291546.000000 15.000000
2 4292112.000000 15.000000
2 4292552.000000 15.000000
3 4293072.000000 15.000000
5 4293715.000000 64.000000
4 4294250.000000 15.000000
6 4294863.000000 10.000000
3 4296243.000000 15.000000
3 4296847.000000 15.000000
4 4297398.000000 15.000000
4 4298004.000000 15.000000
3 4298548.000000 15.000000
1 4299181.000000 15.000000
4 4299748.000000 15.000000
3 4300346.000000 15.000000
2 4300795.000000 15.000000
2 4301333.000000 15.000000
6 4301762.000000 10.000000
4 4303157.000000 15.000000
0 4303694.000000 15.000000
2 4304309.000000 15.000000
5 4304803.000000 73.000000
3 4305262.000000 15.000000
3 4305818.000000 15.000000
3 4306351.000000 15.000000
1 4306916.000000 15.000000
4 4307510.000000 15.000000
3 4308130.000000 15.000000
6 4308606.000000 10.000000
2 4309848.000000 15.000000
1 4310312.000000 15.000000
5 4310772.000000 74.000000
1 4311271.000000 15.000000
3 4311714.000000 15.000000
0 4312224.000000 15.000000
2 4312740.000000 15.000000
0 4313166.000000 15.000000
1 4313773.000000 15.000000
2 4314326.000000 15.000000
6 4314833.000000 10.000000
0 4316146.000000 15.000000
1 4316639.000000 15.000000
2 4317252.000000 15.000000
4 4317780.000000 15.000000
2 4318417.000000 15.000000
3 4318924.000000 15.000000
0 4319409.000000 15.000000
1 4320039.000000 15.000000
5 4320584.000000 37.000000
1 4321187.000000 15.000000
6 4321793.000000 10.000000
3 4323176.000000 15.000000
4 4323820.000000 15.000000
0 4324446.000000 15.000000
4 4325009.000000 15.000000
0 4325482.000000 15.000000
5 4326061.000000 41.000000
0 4326519.000000 15.000000
5 4327023.000000 76.000000
0 4327500.000000 15.000000
5 4328006.000000 51.000000
6 4328617.000000 10.000000
2 4330025.000000 15.000000
0 4330495.000000 15.000000
1 4331051.000000 15.000000
5 4331591.000000 80.000000
4 4332179.000000 15.000000
2 4332757.000000 15.000000
1 4333247.000000 15.000000
4 4333840.000000 15.000000
5 4334441.000000 25.000000
3 4334883.000000 15.000000
6 4335394.000000 10.000000
5 4336676.000000 26.000000
5 4337317.000000 41.000000
3 4337855.000000 15.000000
3 4338431.000000 15.000000
0 4338968.000000 15.000000
5 4339517.000000 82.000000
2 4339967.000000 15.000000
1 4340485.000000 15.000000
4 4340962.000000 15.000000
4 4341454.000000 15.000000
6 4342061.000000 10.000000
4 4343463.000000 15.000000
5 4344013.000000 48.000000
0 4344561.000000 15.000000
5 4345038.000000 25.000000
5 4345652.000000 81.000000
3 4346273.000000 15.000000
3 4346885.000000 15.000000
0 4347482.000000 15.000000
5 4348040.000000 76.000000
5 4348496.000000 46.000000
6 4349060.000000 10.000000
2 4350425.000000 15.000000
3 4350845.000000 15.000000
3 4351469.000000 15.000000
1 4351992.000000 15.000000
0 4352519.000000 15.000000
1 4353040.000000 15.000000
1 4353624.000000 15.000000
3 4354131.000000 15.000000
5 4354593.000000 30.000000
0 4355162.000000 15.000000
6 4355750.000000 10.000000
0 4357006.000000 15.000000
2 4357551.000000 15.000000
5 4358052.000000 54.000000
3 4358593.000000 15.000000
1 4359175.000000 15.000000
3 4359765.000000 15.000000
0 4360299.000000 15.000000
1 4360763.000000 15.000000
1 4361304.000000 15.000000
5 4361756.000000 45.000000
6 4362291.000000 10.000000
4 4363619.000000 15.000000
1 4364178.000000 15.000000
4 4364710.000000 15.000000
3 4365332.000000 15.000000
4 4365829.000000 15.000000
0 4366364.000000 15.000000
4 4366872.000000 15.000000
1 4367384.000000 15.000000
1 4367931.000000 15.000000
2 4368532.000000 15.000000
6 4369034.000000 10.000000
3 4370298.000000 15.000000
3 4370892.000000 15.000000
0 4371513.000000 15.000000
5 4372029.000000 30.000000
0 4372502.000000 15.000000
1 4372934.000000 15.000000
2 4373483.000000 15.000000
2 4374090.000000 15.000000
4 4374535.000000 15.000000
4 4375138.000000 15.000000
6 4375809.000000 10.000000
4 4377024.000000 15.000000
2 4377502.000000 15.000000
4 4377979.000000 15.000000
5 4378614.000000 26.000000
3 4379142.000000 15.000000
1 4379630.000000 15.000000
1 4380123.000000 15.000000
2 4380553.000000 15.000000
1 4381020.000000 15.000000
0 4381492.000000 15.000000
6 4381947.000000 10.000000
0 4383157.000000 15.000000
4 4383672.000000 15.000000
2 4384193.000000 15.000000
4 4384610.000000 15.000000
5 4385202.000000 28.000000
5 4385812.000000 62.000000
4 4386444.000000 15.000000
4 4386961.000000 15.000000
3 4387609.000000 15.000000
4 4388174.000000 15.000000
6 4388676.000000 10.000000
5 4389917.000000 45.000000
0 4390497.000000 15.000000
0 4390982.000000 15.000000
1 4391506.000000 15.000000
5 4392055.000000 45.000000
0 4392679.000000 15.000000
3 4393195.000000 15.000000
4 4393666.000000 15.000000
1 4394258.000000 15.000000
0 4394746.000000 15.000000
6 4395283.000000 10.000000
0 4396583.000000 15.000000
2 4397207.000000 15.000000
0 4397688.000000 15.000000
5 4398268.000000 31.000000
5 4398909.000000 45.000000
5 4399470.000000 52.000000
5 4400053.000000 32.000000
0 4400521.000000 15.000000
5 4400964.000000 74.000000
0 4401480.000000 15.000000
6 4401927.000000 10.000000
2 4403218.000000 15.000000
0 4403661.000000 15.000000
2 4404249.000000 15.000000
3 4404745.000000 15.000000
1 4405344.000000 15.000000
1 4405929.000000 15.000000
0 4406520.000000 15.000000
2 4407100.000000 15.000000
3 4407583.000000 15.000000
0 4408116.000000 15.000000
6 4408672.000000 10.000000
2 4409945.000000 15.000000
0 4410548.000000 15.000000
1 4411070.000000 15.000000
4 4411591.000000 15.000000
2 4412083.000000 15.000000
1 4412670.000000 15.000000
2 4413204.000000 15.000000
5 4413638.000000 50.000000
4 4414084.000000 15.000000
4 4414596.000000 15.000000
6 4415166.000000 10.000000
0 4416455.000000 15.000000
0 4417075.000000 15.000000
0 4417628.000000 15.000000
5 4418171.000000 30.000000
5 4418812.000000 23.000000
2 4419423.000000 15.000000
0 4419961.000000 15.000000
0 4420409.000000 15.000000
3 4420990.000000 15.000000
2 4421458.000000 15.000000
6 4422045.000000 10.000000
2 4423275.000000 15.000000
1 4423722.000000 15.000000
5 4424268.000000 62.000000
2 4424762.000000 15.000000
4 4425252.000000 15.000000
4 4425880.000000 15.000000
1 4426502.000000 15.000000
4 4427081.000000 15.000000
3 4427648.000000 15.000000
3 4428173.000000 15.000000
6 4428666.000000 10.000000
4 4429897.000000 15.000000
4 4430383.000000 15.000000
2 4430884.000000 15.000000
0 4431452.000000 15.000000
4 4431954.000000 15.000000
5 4432544.000000 78.000000
0 4433184.000000 15.000000
4 4433774.000000 15.000000
0 4434295.000000 15.000000
2 4434872.000000 15.000000
6 4435397.000000 10.000000
3 4436697.000000 15.000000
4 4437269.000000 15.000000
3 4437831.000000 15.000000
0 4438384.000000 15.000000
2 4439008.000000 15.000000
0 4439514.000000 15.000000
3 4440102.000000 15.000000
2 4440661.000000 15.000000
4 4441260.000000 15.000000
0 4441910.000000 15.000000
6 4442504.000000 10.000000
2 4443779.000000 15.000000
1 4444217.000000 15.000000
4 4444755.000000 15.000000
2 4445305.000000 15.000000
3 4445776.000000 15.000000
2 4446283.000000 15.000000
4 4446817.000000 15.000000
4 4447354.000000 15.000000
5 4448017.000000 22.000000
0 4448622.000000 15.000000
6 4449184.000000 10.000000
1 4450568.000000 15.000000
1 4451076.000000 15.000000
5 4451684.000000 37.000000
1 4452185.000000 15.000000
2 4452766.000000 15.000000
0 4453224.000000 15.000000
3 4453838.000000 15.000000
1 4454329.000000 15.000000
0 4454881.000000 15.000000
5 4455395.000000 46.000000
6 4455938.000000 10.000000
4 4457174.000000 15.000000
5 4457678.000000 65.000000
1 4458291.000000 15.000000
1 4458746.000000 15.000000
3 4459269.000000 15.000000
4 4459831.000000 15.000000
4 4460371.000000 15.000000
3 4460924.000000 15.000000
4 4461558.000000 15.000000
5 4462141.000000 42.000000
6 4462725.000000 10.000000
1 4464090.000000 15.000000
4 4464636.000000 15.000000
0 4465208.000000 15.000000
4 4465817.000000 15.000000
5 4466341.000000 50.000000
1 4466931.000000 15.000000
5 4467413.000000 67.000000
2 4467855.000000 15.000000
2 4468324.000000 15.000000
4 4468831.000000 15.000000
6 4469432.000000 10.000000
0 4470801.000000 15.000000
0 4471251.000000 15.000000
3 4471789.000000 15.000000
2 4472242.000000 15.000000
2 4472672.000000 15.000000
5 4473268.000000 28.000000
1 4473765.000000 15.000000
0 4474354.000000 15.000000
1 4474953.000000 15.000000
3 4475454.000000 15.000000
6 4475911.000000 10.000000
3 4477252.000000 15.000000
4 4477802.000000 15.000000
2 4478372.000000 15.000000
4 4478942.000000 15.000000
5 4479526.000000 28.000000
1 4480106.000000 15.000000
4 4480638.000000 15.000000
0 4481249.000000 15.000000
2 4481702.000000 15.000000
0 4482305.000000 15.000000
6 4482823.000000 10.000000
1 4484142.000000 15.000000
1 4484703.000000 15.000000
1 4485207.000000 15.000000
5 4485712.000000 68.000000
1 4486172.000000 15.000000
3 4486621.000000 15.000000
5 4487070.000000 84.000000
3 4487679.000000 15.000000
3 4488158.000000 15.000000
4 4488660.000000 15.000000
6 4489272.000000 10.000000
2 4490607.000000 15.000000
2 4491156.000000 15.000000
0 4491718.000000 15.000000
2 4492310.000000 15.000000
3 4492804.000000 15.000000
1 4493377.000000 15.000000
1 4493994.000000 15.000000
1 4494548.000000 15.000000
1 4495044.000000 15.000000
3 4495592.000000 15.000000
6 4496229.000000 10.000000
3 4497513.000000 15.000000
1 4498107.000000 15.000000
1 4498621.000000 15.000000
5 4499184.000000 76.000000
5 4499824.000000 40.000000
1 4500408.000000 15.000000
3 4501026.000000 15.000000
5 4501558.000000 32.000000
5 4502019.000000 68.000000
2 4502501.000000 15.000000
6 4502924.000000 10.000000
3 4504200.000000 15.000000
5 4504752.000000 75.000000
1 4505287.000000 15.000000
2 4505786.000000 15.000000
3 4506220.000000 15.000000
0 4506854.000000 15.000000
2 4507311.000000 15.000000
2 4507808.000000 15.000000
0 4508394.000000 15.000000
1 4508990.000000 15.000000
6 4509492.000000 10.000000
5 4510704.000000 24.000000
1 4511281.000000 15.000000
1 4511765.000000 15.000000
5 4512372.000000 67.000000
2 4512935.000000 15.000000
5 4513446.000000 84.000000
3 4514027.000000 15.000000
2 4514658.000000 15.000000
5 4515220.000000 28.000000
5 4515800.000000 63.000000
6 4516265.000000 10.000000
4 4517584.000000 15.000000
2 4518242.000000 15.000000
4 4518844.000000 15.000000
4 4519457.000000 15.000000
4 4520113.000000 15.000000
3 4520751.000000 15.000000
3 4521243.000000 15.000000
5 4521725.000000 83.000000
5 4522344.000000 43.000000
4 4522912.000000 15.000000
6 4523543.000000 10.000000
5 4524929.000000 59.000000
4 4525501.000000 15.000000
0 4526019.000000 15.000000
3 4526451.000000 15.000000
3 4527084.000000 15.000000
1 4527627.000000 15.000000
2 4528136.000000 15.000000
5 4528697.000000 66.000000
1 4529273.000000 15.000000
4 4529733.000000 15.000000
6 4530318.000000 10.000000
1 4531706.000000 15.000000
0 4532138.000000 15.000000
5 4532613.000000 35.000000
2 4533230.000000 15.000000
2 4533743.000000 15.000000
3 4534173.000000 15.000000
0 4534796.000000 15.000000
5 4535240.000000 82.000000
2 4535783.000000 15.000000
0 4536335.000000 15.000000
6 4536841.000000 10.000000
5 4538238.000000 31.000000
1 4538799.000000 15.000000
3 4539249.000000 15.000000
0 4539825.000000 15.000000
1 4540354.000000 15.000000
3 4540900.000000 15.000000
0 4541434.000000 15.000000
1 4541959.000000 15.000000
5 4542409.000000 26.000000
1 4542981.000000 15.000000
6 4543535.000000 10.000000
0 4544814.000000 15.000000
1 4545422.000000 15.000000
4 4545986.000000 15.000000
2 4546615.000000 15.000000
4 4547145.000000 15.000000
3 4547700.000000 15.000000
4 4548267.000000 15.000000
4 4548888.000000 15.000000
4 4549416.000000 15.000000
4 4549919.000000 15.000000
6 4550474.000000 10.000000
5 4551751.000000 20.000000
3 4552392.000000 15.000000
2 4552887.000000 15.000000
1 4553329.000000 15.000000
5 4553795.000000 81.000000
2 4554309.000000 15.000000
0 4554915.000000 15.000000
2 4555385.000000 15.000000
4 4555857.000000 15.000000
3 4556526.000000 15.000000
6 4557019.000000 10.000000
0 4558335.000000 15.000000
0 4558845.000000 15.000000
1 4559430.000000 15.000000
2 4559855.000000 15.000000
2 4560312.000000 15.000000
4 4560874.000000 15.000000
3 4561414.000000 15.000000
4 4561896.000000 15.000000
4 4562409.000000 15.000000
5 4562995.000000 57.000000
6 4563624.000000 10.000000
1 4564979.000000 15.000000
5 4565552.000000 66.000000
3 4566018.000000 15.000000
0 4566665.000000 15.000000
0 4567277.000000 15.000000
0 4567740.000000 15.000000
3 4568227.000000 15.000000
1 4568744.000000 15.000000
3 4569208.000000 15.000000
4 4569827.000000 15.000000
6 4570315.000000 10.000000
3 4571528.000000 15.000000
0 4572013.000000 15.000000
3 4572450.000000 15.000000
1 4573030.000000 15.000000
5 4573520.000000 58.000000
4 4574056.000000 15.000000
3 4574541.000000 15.000000
1 4575177.000000 15.000000
5 4575769.000000 39.000000
0 4576234.000000 15.000000
6 4576834.000000 10.000000
5 4578057.000000 84.000000
3 4578589.000000 15.000000
1 4579082.000000 15.000000
0 4579606.000000 15.000000
2 4580077.000000 15.000000
1 4580676.000000 15.000000
0 4581198.000000 15.000000
5 4581689.000000 37.000000
4 4582220.000000 15.000000
4 4582765.000000 15.000000
6 4583270.000000 10.000000
5 4584590.000000 47.000000
4 4585054.000000 15.000000
1 4585559.000000 15.000000
4 4586128.000000 15.000000
0 4586690.000000 15.000000
3 4587303.000000 15.000000
4 4587919.000000 15.000000
5 4588402.000000 72.000000
1 4589043.000000 15.000000
1 4589653.000000 15.000000
6 4590100.000000 10.000000
0 4591374.000000 15.000000
2 4591924.000000 15.000000
0 4592459.000000 15.000000
4 4593054.000000 15.000000
5 4593713.000000 21.000000
0 4594171.000000 15.000000
0 4594736.000000 15.000000
1 4595270.000000 15.000000
5 4595781.000000 72.000000
5 4596370.000000 72.000000
6 4596987.000000 10.000000
2 4598202.000000 15.000000
5 4598681.000000 45.000000
1 4599161.000000 15.000000
1 4599745.000000 15.000000
5 4600241.000000 78.000000
2 4600706.000000 15.000000
5 4601266.000000 44.000000
0 4601725.000000 15.000000
5 4602229.000000 64.000000
4 4602785.000000 15.000000
6 4603434.000000 10.000000
4 4604715.000000 15.000000
2 4605247.000000 15.000000
0 4605811.000000 15.000000
2 4606323.000000 15.000000
2 4606829.000000 15.000000
5 4607396.000000 71.000000
2 4607959.000000 15.000000
3 4608566.000000 15.000000
2 4609136.000000 15.000000
0 4609675.000000 15.000000
6 4610274.000000 10.000000
1 4611683.000000 15.000000
2 4612176.000000 15.000000
3 4612766.000000 15.000000
4 4613237.000000 15.000000
4 4613766.000000 15.000000
3 4614351.000000 15.000000
3 4614894.000000 15.000000
2 4615380.000000 15.000000
1 4615953.000000 15.000000
1 4616502.000000 15.000000
6 4616986.000000 10.000000
0 4618359.000000 15.000000
5 4618952.000000 82.000000
3 4619502.000000 15.000000
0 4620082.000000 15.000000
5 4620615.000000 27.000000
5 4621060.000000 25.000000
5 4621516.000000 24.000000
4 4621995.000000 15.000000
1 4622479.000000 15.000000
1 4623092.000000 15.000000
6 4623646.000000 10.000000
2 4625051.000000 15.000000
1 4625517.000000 15.000000
1 4626000.000000 15.000000
0 4626575.000000 15.000000
0 4627072.000000 15.000000
1 4627554.000000 15.000000
1 4628110.000000 15.000000
0 4628721.000000 15.000000
1 4629317.000000 15.000000
1 4629783.000000 15.000000
6 4630369.000000 10.000000
1 4631584.000000 15.000000
2 4632096.000000 15.000000
3 4632678.000000 15.000000
1 4633248.000000 15.000000
1 4633752.000000 15.000000
0 4634194.000000 15.000000
5 4634746.000000 61.000000
4 4635377.000000 15.000000
0 4635899.000000 15.000000
5 4636495.000000 29.000000
6 4636957.000000 10.000000
1 4638234.000000 15.000000
3 4638795.000000 15.000000
1 4639290.000000 15.000000
4 4639829.000000 15.000000
2 4640387.000000 15.000000
3 4640876.000000 15.000000
2 4641419.000000 15.000000
0 4641906.000000 15.000000
5 4642361.000000 24.000000
4 4642860.000000 15.000000
6 4643429.000000 10.000000
2 4644664.000000 15.000000
1 4645160.000000 15.000000
1 4645749.000000 15.000000
1 4646356.000000 15.000000
2 4646953.000000 15.000000
4 4647430.000000 15.000000
1 4648069.000000 15.000000
0 4648678.000000 15.000000
5 4649191.000000 20.000000
5 4649685.000000 73.000000
6 4650243.000000 10.000000
0 4651533.000000 15.000000
5 4651993.000000 81.000000
2 4652479.000000 15.000000
0 4652910.000000 15.000000
5 4653367.000000 58.000000
2 4653851.000000 15.000000
2 4654459.000000 15.000000
4 4655010.000000 15.000000
2 4655566.000000 15.000000
0 4656074.000000 15.000000
6 4656586.000000 10.000000
4 4657932.000000 15.000000
5 4658509.000000 78.000000
1 4659095.000000 15.000000
1 4659537.000000 15.000000
5 4660015.000000 76.000000
5 4660634.000000 74.000000
1 4661139.000000 15.000000
2 4661609.000000 15.000000
1 4662152.000000 15.000000
0 4662669.000000 15.000000
6 4663215.000000 10.000000
4 4664569.000000 15.000000
3 4665069.000000 15.000000
0 4665689.000000 15.000000
0 4666200.000000 15.000000
1 4666632.000000 15.000000
3 4667216.000000 15.000000
5 4667780.000000 35.000000
0 4668274.000000 15.000000
4 4668731.000000 15.000000
0 4669324.000000 15.000000
6 4669948.000000 10.000000
0 4671330.000000 15.000000
1 4671797.000000 15.000000
2 4672267.000000 15.000000
5 4672705.000000 80.000000
1 4673255.000000 15.000000
1 4673788.000000 15.000000
3 4674214.000000 15.000000
3 4674699.000000 15.000000
5 4675308.000000 75.000000
5 4675787.000000 73.000000
6 4676358.000000 10.000000
4 4677766.000000 15.000000
0 4678424.000000 15.000000
4 4678920.000000 15.000000
2 4679400.000000 15.000000
2 4679873.000000 15.000000
1 4680293.000000 15.000000
0 4680783.000000 15.000000
2 4681270.000000 15.000000
5 4681881.000000 44.000000
3 4682399.000000 15.000000
6 4683011.000000 10.000000
5 4684241.000000 82.000000
3 4684835.000000 15.000000
3 4685345.000000 15.000000
4 4685936.000000 15.000000
4 4686445.000000 15.000000
2 4687023.000000 15.000000
0 4687590.000000 15.000000
4 4688212.000000 15.000000
0 4688871.000000 15.000000
4 4689401.000000 15.000000
6 4689983.000000 10.000000
4 4691231.000000 15.000000
4 4691858.000000 15.000000
0 4692470.000000 15.000000
4 4693041.000000 15.000000
5 4693594.000000 65.000000
2 4694098.000000 15.000000
3 4694705.000000 15.000000
5 4695175.000000 23.000000
1 4695755.000000 15.000000
5 4696367.000000 77.000000
6 4696940.000000 10.000000
0 4698194.000000 15.000000
4 4698756.000000 15.000000
5 4699256.000000 43.000000
5 4699757.000000 62.000000
2 4700216.000000 15.000000
3 4700764.000000 15.000000
3 4701268.000000 15.000000
3 4701866.000000 15.000000
0 4702405.000000 15.000000
3 4703023.000000 15.000000
6 4703590.000000 10.000000
3 4704967.000000 15.000000
3 4705508.000000 15.000000
5 4706026.000000 76.000000
1 4706506.000000 15.000000
5 4707090.000000 80.000000
1 4707629.000000 15.000000
4 4708173.000000 15.000000
5 4708695.000000 80.000000
5 4709267.000000 30.000000
3 4709903.000000 15.000000
6 4710483.000000 10.000000
5 4711776.000000 74.000000
0 4712318.000000 15.000000
5 4712786.000000 53.000000
0 4713379.000000 15.000000
4 4713834.000000 15.000000
4 4714365.000000 15.000000
2 4714931.000000 15.000000
2 4715540.000000 15.000000
3 4716100.000000 15.000000
2 4716616.000000 15.000000
6 4717169.000000 10.000000
2 4718423.000000 15.000000
0 4718901.000000 15.000000
3 4719484.000000 15.000000
4 4720018.000000 15.000000
0 4720536.000000 15.000000
4 4721075.000000 15.000000
0 4721704.000000 15.000000
5 4722314.000000 67.000000
1 4722764.000000 15.000000
2 4723331.000000 15.000000
6 4723811.000000 10.000000
4 4725152.000000 15.000000
2 4725766.000000 15.000000
4 4726258.000000 15.000000
4 4726734.000000 15.000000
1 4727261.000000 15.000000
4 4727841.000000 15.000000
1 4728440.000000 15.000000
0 4728914.000000 15.000000
3 4729399.000000 15.000000
2 4730003.000000 15.000000
6 4730491.000000 10.000000
1 4731881.000000 15.000000
1 4732459.000000 15.000000
5 4732972.000000 48.000000
4 4733502.000000 15.000000
2 4734075.000000 15.000000
4 4734655.000000 15.000000
3 4735154.000000 15.000000
4 4735623.000000 15.000000
4 4736099.000000 15.000000
5 4736665.000000 82.000000
6 4737159.000000 10.000000
3 4738378.000000 15.000000
3 4738848.000000 15.000000
3 4739307.000000 15.000000
2 4739773.000000 15.000000
0 4740248.000000 15.000000
0 4740711.000000 15.000000
3 4741274.000000 15.000000
5 4741890.000000 32.000000
4 4742347.000000 15.000000
5 4742875.000000 42.000000
6 4743384.000000 10.000000
0 4744643.000000 15.000000
0 4745262.000000 15.000000
4 4745768.000000 15.000000
0 4746294.000000 15.000000
1 4746783.000000 15.000000
3 4747220.000000 15.000000
5 4747818.000000 21.000000
1 4748450.000000 15.000000
1 4748907.000000 15.000000
1 4749483.000000 15.000000
6 4750058.000000 10.000000
2 4751338.000000 15.000000
4 4751939.000000 15.000000
5 4752417.000000 61.000000
4 4752911.000000 15.000000
4 4753502.000000 15.000000
2 4754113.000000 15.000000
5 4754722.000000 73.000000
2 4755220.000000 15.000000
3 4755653.000000 15.000000
5 4756213.000000 61.000000
6 4756731.000000 10.000000
5 4758014.000000 36.000000
1 4758622.000000 15.000000
4 4759241.000000 15.000000
1 4759906.000000 15.000000
2 4760431.000000 15.000000
3 4760892.000000 15.000000
0 4761464.000000 15.000000
4 4762002.000000 15.000000
2 4762498.000000 15.000000
1 4763073.000000 15.000000
6 4763565.000000 10.000000
3 4764776.000000 15.000000
5 4765250.000000 77.000000
5 4765865.000000 58.000000
2 4766362.000000 15.000000
2 4766830.000000 15.000000
5 4767280.000000 47.000000
5 4767859.000000 79.000000
2 4768406.000000 15.000000
3 4768928.000000 15.000000
0 4769431.000000 15.000000
6 4770056.000000 10.000000
4 4771267.000000 15.000000
1 4771767.000000 15.000000
3 4772207.000000 15.000000
3 4772676.000000 15.000000
5 4773273.000000 33.000000
0 4773866.000000 15.000000
4 4774444.000000 15.000000
4 4775003.000000 15.000000
3 4775574.000000 15.000000
0 4776092.000000 15.000000
6 4776550.000000 10.000000
1 4777813.000000 15.000000
4 4778400.000000 15.000000
0 4778942.000000 15.000000
1 4779559.000000 15.000000
4 4780095.000000 15.000000
3 4780609.000000 15.000000
1 4781236.000000 15.000000
4 4781671.000000 15.000000
4 4782173.000000 15.000000
3 4782793.000000 15.000000
6 4783246.000000 10.000000
2 4784540.000000 15.000000
3 4785071.000000 15.000000
5 4785648.000000 71.000000
3 4786100.000000 15.000000
5 4786670.000000 70.000000
1 4787292.000000 15.000000
0 4787736.000000 15.000000
5 4788270.000000 62.000000
4 4788908.000000 15.000000
0 4789472.000000 15.000000
6 4789952.000000 10.000000
2 4791306.000000 15.000000
5 4791760.000000 79.000000
0 4792273.000000 15.000000
3 4792825.000000 15.000000
3 4793418.000000 15.000000
5 4794032.000000 20.000000
4 4794565.000000 15.000000
3 4795112.000000 15.000000
1 4795599.000000 15.000000
4 4796167.000000 15.000000
6 4796732.000000 10.000000
4 4798056.000000 15.000000
4 4798599.000000 15.000000
4 4799130.000000 15.000000
5 4799712.000000 22.000000
1 4800172.000000 15.000000
1 4800599.000000 15.000000
2 4801073.000000 15.000000
5 4801496.000000 84.000000
1 4801947.000000 15.000000
3 4802425.000000 15.000000
6 4802969.000000 10.000000
5 4804211.000000 84.000000
2 4804791.000000 15.000000
5 4805279.000000 21.000000
5 4805882.000000 32.000000
0 4806408.000000 15.000000
2 4806891.000000 15.000000
1 4807492.000000 15.000000
2 4807988.000000 15.000000
1 4808510.000000 15.000000
3 4809016.000000 15.000000
6 4809496.000000 10.000000
1 4810897.000000 15.000000
3 4811473.000000 15.000000
3 4812062.000000 15.000000
4 4812635.000000 15.000000
3 4813265.000000 15.000000
3 4813900.000000 15.000000
2 4814370.000000 15.000000
3 4814948.000000 15.000000
4 4815479.000000 15.000000
5 4816094.000000 64.000000
6 4816590.000000 10.000000
3 4817888.000000 15.000000
5 4818505.000000 47.000000
0 4819042.000000 15.000000
4 4819576.000000 15.000000
3 4820149.000000 15.000000
4 4820766.000000 15.000000
4 4821352.000000 15.000000
2 4821889.000000 15.000000
5 4822322.000000 77.000000
1 4822962.000000 15.000000
6 4823534.000000 10.000000
2 4824770.000000 15.000000
1 4825328.000000 15.000000
5 4825879.000000 66.000000
0 4826382.000000 15.000000
3 4826900.000000 15.000000
4 4827373.000000 15.000000
2 4827962.000000 15.000000
4 4828548.000000 15.000000
0 4829145.000000 15.000000
1 4829761.000000 15.000000
6 4830233.000000 10.000000
3 4831515.000000 15.000000
5 4832131.000000 28.000000
5 4832756.000000 71.000000
2 4833354.000000 15.000000
0 4833853.000000 15.000000
4 4834458.000000 15.000000
0 4835094.000000 15.000000
1 4835528.000000 15.000000
4 4836037.000000 15.000000
4 4836596.000000 15.000000
6 4837192.000000 10.000000
5 4838595.000000 38.000000
3 4839057.000000 15.000000
5 4839698.000000 27.000000
4 4840253.000000 15.000000
0 4840749.000000 15.000000
1 4841253.000000 15.000000
4 4841743.000000 15.000000
4 4842361.000000 15.000000
3 4843024.000000 15.000000
1 4843542.000000 15.000000
6 4844094.000000 10.000000
1 4845368.000000 15.000000
5 4845897.000000 80.000000
3 4846458.000000 15.000000
4 4847030.000000 15.000000
4 4847505.000000 15.000000
4 4848098.000000 15.000000
4 4848738.000000 15.000000
5 4849291.000000 39.000000
2 4849870.000000 15.000000
5 4850302.000000 29.000000
6 4850914.000000 10.000000
1 4852194.000000 15.000000
0 4852765.000000 15.000000
2 4853199.000000 15.000000
3 4853787.000000 15.000000
0 4854379.000000 15.000000
2 4854917.000000 15.000000
5 4855365.000000 77.000000
5 4855807.000000 25.000000
4 4856401.000000 15.000000
0 4856911.000000 15.000000
6 4857466.000000 10.000000
0 4858801.000000 15.000000
3 4859382.000000 15.000000
1 4859888.000000 15.000000
2 4860329.000000 15.000000
2 4860870.000000 15.000000
3 4861300.000000 15.000000
0 4861932.000000 15.000000
0 4862427.000000 15.000000
4 4862977.000000 15.000000
1 4863563.000000 15.000000
6 4864061.000000 10.000000
4 4865458.000000 15.000000
2 4865954.000000 15.000000
2 4866541.000000 15.000000
4 4867068.000000 15.000000
1 4867565.000000 15.000000
5 4868107.000000 72.000000
3 4868689.000000 15.000000
5 4869329.000000 41.000000
0 4869815.000000 15.000000
1 4870379.000000 15.000000
6 4870832.000000 10.000000
0 4872118.000000 15.000000
3 4872630.000000 15.000000
0 4873138.000000 15.000000
1 4873637.000000 15.000000
1 4874076.000000 15.000000
0 4874580.000000 15.000000
2 4875024.000000 15.000000
2 4875472.000000 15.000000
0 4875998.000000 15.000000
3 4876438.000000 15.000000
6 4877055.000000 10.000000
4 4878278.000000 15.000000
4 4878816.000000 15.000000
1 4879472.000000 15.000000
2 4880032.000000 15.000000
4 4880566.000000 15.000000
0 4881083.000000 15.000000
0 4881556.000000 15.000000
3 4882120.000000 15.000000
1 4882726.000000 15.000000
5 4883186.000000 68.000000
6 4883787.000000 10.000000
2 4885008.000000 15.000000
0 4885451.000000 15.000000
0 4885993.000000 15.000000
0 4886463.000000 15.000000
1 4887076.000000 15.000000
0 4887612.000000 15.000000
3 4888133.000000 15.000000
3 4888717.000000 15.000000
3 4889305.000000 15.000000
3 4889787.000000 15.000000
6 4890355.000000 10.000000
3 4891577.000000 15.000000
0 4892133.000000 15.000000
3 4892593.000000 15.000000
3 4893112.000000 15.000000
2 4893706.000000 15.000000
5 4894303.000000 59.000000
2 4894746.000000 15.000000
0 4895310.000000 15.000000
4 4895806.000000 15.000000
3 4896371.000000 15.000000
6 4896843.000000 10.000000
1 4898191.000000 15.000000
5 4898791.000000 59.000000
0 4899372.000000 15.000000
3 4899824.000000 15.000000
2 4900285.000000 15.000000
2 4900747.000000 15.000000
1 4901311.000000 15.000000
0 4901737.000000 15.000000
0 4902337.000000 15.000000
0 4902775.000000 15.000000
6 4903215.000000 10.000000
0 4904482.000000 15.000000
3 4904986.000000 15.000000
2 4905594.000000 15.000000
1 4906160.000000 15.000000
5 4906650.000000 49.000000
0 4907162.000000 15.000000
1 4907669.000000 15.000000
3 4908244.000000 15.000000
0 4908803.000000 15.000000
0 4909296.000000 15.000000
6 4909785.000000 10.000000
2 4911048.000000 15.000000
3 4911493.000000 15.000000
4 4912082.000000 15.000000
0 4912738.000000 15.000000
0 4913275.000000 15.000000
5 4913768.000000 49.000000
5 4914235.000000 78.000000
3 4914762.000000 15.000000
0 4915216.000000 15.000000
2 4915781.000000 15.000000
6 4916352.000000 10.000000
2 4917729.000000 15.000000
5 4918266.000000 64.000000
4 4918768.000000 15.000000
3 4919295.000000 15.000000
5 4919762.000000 23.000000
3 4920339.000000 15.000000
3 4920984.000000 15.000000
0 4921441.000000 15.000000
2 4921884.000000 15.000000
4 4922484.000000 15.000000
6 4922964.000000 10.000000
3 4924227.000000 15.000000
5 4924743.000000 84.000000
3 4925292.000000 15.000000
4 4925802.000000 15.000000
2 4926405.000000 15.000000
4 4926942.000000 15.000000
3 4927569.000000 15.000000
3 4928148.000000 15.000000
1 4928664.000000 15.000000
1 4929129.000000 15.000000
6 4929751.000000 10.000000
2 4931085.000000 15.000000
3 4931540.000000 15.000000
0 4932023.000000 15.000000
4 4932537.000000 15.000000
1 4933067.000000 15.000000
1 4933563.000000 15.000000
0 4934070.000000 15.000000
0 4934512.000000 15.000000
2 4935025.000000 15.000000
3 4935443.000000 15.000000
6 4936016.000000 10.000000
4 4937313.000000 15.000000
3 4937886.000000 15.000000
5 4938422.000000 35.000000
5 4938877.000000 21.000000
3 4939426.000000 15.000000
4 4939909.000000 15.000000
0 4940580.000000 15.000000
0 4941211.000000 15.000000
5 4941665.000000 26.000000
0 4942129.000000 15.000000
6 4942627.000000 10.000000
4 4944017.000000 15.000000
0 4944653.000000 15.000000
3 4945234.000000 15.000000
5 4945695.000000 77.000000
3 4946271.000000 15.000000
1 4946807.000000 15.000000
3 4947260.000000 15.000000
5 4947896.000000 23.000000
3 4948526.000000 15.000000
0 4949132.000000 15.000000
6 4949674.000000 10.000000
1 4950950.000000 15.000000
3 4951477.000000 15.000000
2 4952001.000000 15.000000
4 4952453.000000 15.000000
5 4953120.000000 59.000000
0 4953634.000000 15.000000
0 4954150.000000 15.000000
2 4954746.000000 15.000000
5 4955314.000000 40.000000
1 4955815.000000 15.000000
6 4956424.000000 10.000000
2 4957823.000000 15.000000
5 4958406.000000 33.000000
1 4958951.000000 15.000000
1 4959446.000000 15.000000
5 4959942.000000 77.000000
0 4960435.000000 15.000000
1 4960960.000000 15.000000
1 4961580.000000 15.000000
1 4962066.000000 15.000000
0 4962683.000000 15.000000
6 4963212.000000 10.000000
4 4964428.000000 15.000000
2 4965004.000000 15.000000
0 4965469.000000 15.000000
4 4966005.000000 15.000000
5 4966509.000000 77.000000
0 4967059.000000 15.000000
5 4967582.000000 46.000000
5 4968025.000000 46.000000
5 4968486.000000 33.000000
5 4968991.000000 41.000000
6 4969558.000000 10.000000
4 4970910.000000 15.000000
3 4971549.000000 15.000000
4 4971999.000000 15.000000
4 4972613.000000 15.000000
1 4973270.000000 15.000000
0 4973725.000000 15.000000
1 4974195.000000 15.000000
4 4974757.000000 15.000000
4 4975308.000000 15.000000
3 4975884.000000 15.000000
6 4976366.000000 10.000000
5 4977769.000000 64.000000
3 4978296.000000 15.000000
3 4978871.000000 15.000000
1 4979440.000000 15.000000
0 4979894.000000 15.000000
1 4980372.000000 15.000000
4 4980813.000000 15.000000
2 4981461.000000 15.000000
1 4981947.000000 15.000000
5 4982399.000000 71.000000
6 4982999.000000 10.000000
3 4984365.000000 15.000000
2 4984899.000000 15.000000
5 4985364.000000 67.000000
1 4985975.000000 15.000000
1 4986460.000000 15.000000
1 4987076.000000 15.000000
1 4987599.000000 15.000000
1 4988080.000000 15.000000
2 4988615.000000 15.000000
4 4989147.000000 15.000000
6 4989660.000000 10.000000
1 4990899.000000 15.000000
4 4991502.000000 15.000000
3 4992099.000000 15.000000
0 4992705.000000 15.000000
2 4993149.000000 15.000000
0 4993719.000000 15.000000
4 4994298.000000 15.000000
1 4994951.000000 15.000000
0 4995556.000000 15.000000
5 4996161.000000 47.000000
6 4996800.000000 10.000000
4 4998083.000000 15.000000
0 4998616.000000 15.000000
4 4999104.000000 15.000000
0 4999695.000000 15.000000
2 5000267.000000 15.000000
3 5000871.000000 15.000000
0 5001504.000000 15.000000
3 5002061.000000 15.000000
3 5002656.000000 15.000000
3 5003131.000000 15.000000
6 5003646.000000 10.000000
2 5004989.000000 15.000000
2 5005579.000000 15.000000
3 5006061.000000 15.000000
4 5006660.000000 15.000000
0 5007181.000000 15.000000
0 5007795.000000 15.000000
3 5008405.000000 15.000000
3 5009027.000000 15.000000
3 5009575.000000 15.000000
2 5010192.000000 15.000000
6 5010792.000000 10.000000
0 5012173.000000 15.000000
1 5012631.000000 15.000000
1 5013150.000000 15.000000
3 5013766.000000 15.000000
4 5014263.000000 15.000000
2 5014906.000000 15.000000
5 5015520.000000 34.000000
2 5016093.000000 15.000000
2 5016680.000000 15.000000
1 5017260.000000 15.000000
6 5017873.000000 10.000000
4 5019157.000000 15.000000
3 5019736.000000 15.000000
0 5020267.000000 15.000000
2 5020771.000000 15.000000
5 5021225.000000 26.000000
0 5021790.000000 15.000000
0 5022256.000000 15.000000
5 5022726.000000 22.000000
3 5023342.000000 15.000000
2 5023946.000000 15.000000
6 5024465.000000 10.000000
0 5025765.000000 15.000000
1 5026279.000000 15.000000
3 5026713.000000 15.000000
4 5027205.000000 15.000000
1 5027844.000000 15.000000
2 5028457.000000 15.000000
0 5028911.000000 15.000000
2 5029446.000000 15.000000
5 5029907.000000 70.000000
5 5030359.000000 79.000000
6 5030803.000000 10.000000
3 5032125.000000 15.000000
0 5032657.000000 15.000000
3 5033141.000000 15.000000
0 5033682.000000 15.000000
4 5034265.000000 15.000000
5 5034925.000000 28.000000
1 5035523.000000 15.000000
1 5036003.000000 15.000000
5 5036556.000000 62.000000
3 5037135.000000 15.000000
6 5037622.000000 10.000000
0 5039016.000000 15.000000
5 5039472.000000 26.000000
0 5040005.000000 15.000000
1 5040556.000000 15.000000
4 5041144.000000 15.000000
5 5041663.000000 24.000000
4 5042179.000000 15.000000
5 5042777.000000 20.000000
5 5043283.000000 32.000000
0 5043740.000000 15.000000
6 5044367.000000 10.000000
0 5045677.000000 15.000000
3 5046306.000000 15.000000
4 5046801.000000 15.000000
0 5047337.000000 15.000000
2 5047922.000000 15.000000
0 5048453.000000 15.000000
1 5048926.000000 15.000000
1 5049433.000000 15.000000
2 5049965.000000 15.000000
1 5050552.000000 15.000000
6 5051168.000000 10.000000
1 5052451.000000 15.000000
0 5052935.000000 15.000000
5 5053524.000000 63.000000
4 5053992.000000 15.000000
5 5054583.000000 59.000000
4 5055084.000000 15.000000
5 5055722.000000 75.000000
3 5056336.000000 15.000000
4 5056788.000000 15.000000
5 5057414.000000 58.000000
6 5058038.000000 10.000000
2 5059318.000000 15.000000
4 5059828.000000 15.000000
1 5060450.000000 15.000000
3 5060888.000000 15.000000
3 5061395.000000 15.000000
2 5061977.000000 15.000000
3 5062396.000000 15.000000
5 5063038.000000 68.000000
5 5063502.000000 84.000000
4 5064082.000000 15.000000
6 5064680.000000 10.000000
3 5065931.000000 15.000000
0 5066399.000000 15.000000
2 5066947.000000 15.000000
0 5067526.000000 15.000000
3 5068130.000000 15.000000
0 5068773.000000 15.000000
5 5069365.000000 81.000000
2 5069941.000000 15.000000
4 5070402.000000 15.000000
4 5071055.000000 15.000000
6 5071681.000000 10.000000
4 5072952.000000 15.000000
2 5073443.000000 15.000000
1 5073863.000000 15.000000
4 5074414.000000 15.000000
0 5075037.000000 15.000000
4 5075612.000000 15.000000
1 5076106.000000 15.000000
2 5076579.000000 15.000000
0 5077077.000000 15.000000
1 5077641.000000 15.000000
6 5078096.000000 10.000000
4 5079440.000000 15.000000
2 5079932.000000 15.000000
3 5080511.000000 15.000000
5 5081066.000000 71.000000
3 5081700.000000 15.000000
2 5082293.000000 15.000000
1 5082784.000000 15.000000
3 5083300.000000 15.000000
3 5083751.000000 15.000000
3 5084376.000000 15.000000
6 5085005.000000 10.000000
4 5086391.000000 15.000000
2 5086968.000000 15.000000
4 5087552.000000 15.000000
3 5088081.000000 15.000000
0 5088728.000000 15.000000
3 5089178.000000 15.000000
3 5089730.000000 15.000000
1 5090230.000000 15.000000
5 5090699.000000 71.000000
2 5091196.000000 15.000000
6 5091786.000000 10.000000
0 5093133.000000 15.000000
4 5093663.000000 15.000000
5 5094267.000000 36.000000
2 5094776.000000 15.000000
4 5095357.000000 15.000000
2 5095856.000000 15.000000
0 5096290.000000 15.000000
4 5096740.000000 15.000000
3 5097315.000000 15.000000
4 5097887.000000 15.000000
6 5098369.000000 10.000000
0 5099770.000000 15.000000
2 5100380.000000 15.000000
0 5100974.000000 15.000000
4 5101508.000000 15.000000
4 5102011.000000 15.000000
0 5102492.000000 15.000000
2 5103005.000000 15.000000
5 5103459.000000 63.000000
4 5104085.000000 15.000000
1 5104629.000000 15.000000
6 5105152.000000 10.000000
1 5106424.000000 15.000000
3 5106920.000000 15.000000
3 5107553.000000 15.000000
0 5108073.000000 15.000000
2 5108628.000000 15.000000
5 5109061.000000 73.000000
0 5109681.000000 15.000000
5 5110274.000000 36.000000
5 5110838.000000 60.000000
1 5111301.000000 15.000000
6 5111759.000000 10.000000
2 5113122.000000 15.000000
4 5113671.000000 15.000000
3 5114341.000000 15.000000
5 5114875.000000 32.000000
4 5115365.000000 15.000000
3 5115988.000000 15.000000
3 5116476.000000 15.000000
5 5117019.000000 26.000000
2 5117478.000000 15.000000
5 5118084.000000 32.000000
6 5118573.000000 10.000000
4 5119785.000000 15.000000
5 5120358.000000 56.000000
0 5120927.000000 15.000000
1 5121374.000000 15.000000
1 5121949.000000 15.000000
0 5122410.000000 15.000000
3 5122912.000000 15.000000
4 5123519.000000 15.000000
0 5124085.000000 15.000000
5 5124522.000000 58.000000
6 5125064.000000 10.000000
2 5126332.000000 15.000000
2 5126857.000000 15.000000
1 5127390.000000 15.000000
4 5127995.000000 15.000000
5 5128476.000000 36.000000
4 5128954.000000 15.000000
2 5129605.000000 15.000000
0 5130083.000000 15.000000
0 5130567.000000 15.000000
0 5131028.000000 15.000000
6 5131563.000000 10.000000
1 5132840.000000 15.000000
2 5133317.000000 15.000000
5 5133908.000000 68.000000
2 5134355.000000 15.000000
2 5134796.000000 15.000000
2 5135254.000000 15.000000
5 5135702.000000 28.000000
1 5136212.000000 15.000000
1 5136644.000000 15.000000
1 5137149.000000 15.000000
6 5137597.000000 10.000000
1 5138888.000000 15.000000
5 5139455.000000 71.000000
2 5140052.000000 15.000000
4 5140612.000000 15.000000
1 5141192.000000 15.000000
3 5141688.000000 15.000000
0 5142248.000000 15.000000
5 5142734.000000 50.000000
0 5143215.000000 15.000000
5 5143737.000000 53.000000
6 5144310.000000 10.000000
0 5145692.000000 15.000000
3 5146232.000000 15.000000
2 5146713.000000 15.000000
3 5147284.000000 15.000000
5 5147927.000000 69.000000
0 5148517.000000 15.000000
0 5149102.000000 15.000000
0 5149667.000000 15.000000
3 5150211.000000 15.000000
4 5150690.000000 15.000000
6 5151318.000000 10.000000
1 5152640.000000 15.000000
3 5153193.000000 15.000000
3 5153702.000000 15.000000
2 5154162.000000 15.000000
3 5154737.000000 15.000000
1 5155205.000000 15.000000
5 5155713.000000 69.000000
5 5156231.000000 42.000000
5 5156838.000000 65.000000
1 5157430.000000 15.000000
6 5158037.000000 10.000000
4 5159383.000000 15.000000
4 5160011.000000 15.000000
2 5160634.000000 15.000000
2 5161146.000000 15.000000
2 5161647.000000 15.000000
1 5162103.000000 15.000000
2 5162701.000000 15.000000
5 5163195.000000 59.000000
5 5163829.000000 23.000000
2 5164453.000000 15.000000
6 5164909.000000 10.000000
2 5166121.000000 15.000000
2 5166630.000000 15.000000
3 5167157.000000 15.000000
0 5167638.000000 15.000000
3 5168116.000000 15.000000
0 5168749.000000 15.000000
3 5169265.000000 15.000000
4 5169890.000000 15.000000
2 5170484.000000 15.000000
1 5171054.000000 15.000000
6 5171652.000000 10.000000
0 5172983.000000 15.000000
5 5173550.000000 35.000000
3 5174018.000000 15.000000
3 5174492.000000 15.000000
1 5175120.000000 15.000000
5 5175585.000000 37.000000
2 5176085.000000 15.000000
5 5176676.000000 66.000000
5 5177170.000000 57.000000
1 5177719.000000 15.000000
6 5178330.000000 10.000000
5 5179560.000000 65.000000
0 5180024.000000 15.000000
4 5180610.000000 15.000000
2 5181116.000000 15.000000
5 5181548.000000 65.000000
3 5182071.000000 15.000000
0 5182678.000000 15.000000
3 5183129.000000 15.000000
4 5183683.000000 15.000000
4 5184202.000000 15.000000
6 5184863.000000 10.000000
3 5186096.000000 15.000000
0 5186661.000000 15.000000
2 5187172.000000 15.000000
4 5187656.000000 15.000000
4 5188273.000000 15.000000
2 5188931.000000 15.000000
1 5189531.000000 15.000000
4 5190102.000000 15.000000
4 5190703.000000 15.000000
5 5191207.000000 51.000000
6 5191713.000000 10.000000
1 5193067.000000 15.000000
4 5193686.000000 15.000000
2 5194272.000000 15.000000
2 5194868.000000 15.000000
5 5195442.000000 58.000000
4 5196006.000000 15.000000
2 5196521.000000 15.000000
4 5197122.000000 15.000000
0 5197610.000000 15.000000
2 5198093.000000 15.000000
6 5198559.000000 10.000000
3 5199886.000000 15.000000
2 5200442.000000 15.000000
4 5200982.000000 15.000000
4 5201599.000000 15.000000
1 5202175.000000 15.000000
5 5202709.000000 28.000000
5 5203302.000000 50.000000
0 5203905.000000 15.000000
5 5204406.000000 61.000000
3 5204925.000000 15.000000
6 5205462.000000 10.000000
3 5206791.000000 15.000000
3 5207390.000000 15.000000
3 5207879.000000 15.000000
2 5208487.000000 15.000000
4 5208929.000000 15.000000
1 5209403.000000 15.000000
5 5210011.000000 47.000000
5 5210600.000000 37.000000
2 5211176.000000 15.000000
1 5211626.000000 15.000000
6 5212059.000000 10.000000
5 5213411.000000 84.000000
1 5214041.000000 15.000000
0 5214602.000000 15.000000
0 5215146.000000 15.000000
0 5215717.000000 15.000000
2 5216202.000000 15.000000
2 5216716.000000 15.000000
4 5217278.000000 15.000000
0 5217866.000000 15.000000
1 5218479.000000 15.000000
6 5218974.000000 10.000000
5 5220272.000000 33.000000
3 5220754.000000 15.000000
4 5221209.000000 15.000000
3 5221841.000000 15.000000
2 5222307.000000 15.000000
5 5222916.000000 38.000000
4 5223411.000000 15.000000
2 5223994.000000 15.000000
5 5224592.000000 42.000000
0 5225081.000000 15.000000
6 5225582.000000 10.000000
5 5226979.000000 65.000000
4 5227593.000000 15.000000
5 5228144.000000 63.000000
4 5228646.000000 15.000000
0 5229197.000000 15.000000
5 5229825.000000 75.000000
1 5230359.000000 15.000000
2 5230964.000000 15.000000
5 5231409.000000 40.000000
2 5232039.000000 15.000000
6 5232500.000000 10.000000
1 5233819.000000 15.000000
2 5234394.000000 15.000000
5 5234839.000000 83.000000
5 5235406.000000 43.000000
2 5235926.000000 15.000000
5 5236515.000000 52.000000
0 5237113.000000 15.000000
3 5237651.000000 15.000000
0 5238159.000000 15.000000
1 5238646.000000 15.000000
6 5239126.000000 10.000000
4 5240480.000000 15.000000
0 5241114.000000 15.000000
2 5241626.000000 15.000000
1 5242148.000000 15.000000
4 5242718.000000 15.000000
3 5243353.000000 15.000000
4 5243818.000000 15.000000
0 5244475.000000 15.000000
0 5245009.000000 15.000000
2 5245547.000000 15.000000
6 5246114.000000 10.000000
2 5247461.000000 15.000000
2 5248004.000000 15.000000
5 5248455.000000 32.000000
3 5249054.000000 15.000000
2 5249654.000000 15.000000
4 5250092.000000 15.000000
5 5250669.000000 36.000000
4 5251151.000000 15.000000
2 5251677.000000 15.000000
1 5252154.000000 15.000000
6 5252748.000000 10.000000
2 5254061.000000 15.000000
2 5254665.000000 15.000000
4 5255127.000000 15.000000
1 5255720.000000 15.000000
1 5256175.000000 15.000000
4 5256764.000000 15.000000
2 5257281.000000 15.000000
2 5257835.000000 15.000000
3 5258430.000000 15.000000
2 5258957.000000 15.000000
6 5259501.000000 10.000000
3 5260844.000000 15.000000
2 5261352.000000 15.000000
2 5261931.000000 15.000000
5 5262397.000000 60.000000
3 5262867.000000 15.000000
3 5263318.000000 15.000000
1 5263958.000000 15.000000
3 5264533.000000 15.000000
2 5265085.000000 15.000000
0 5265670.000000 15.000000
6 5266178.000000 10.000000
0 5267529.000000 15.000000
4 5267975.000000 15.000000
5 5268576.000000 62.000000
1 5269199.000000 15.000000
0 5269722.000000 15.000000
3 5270307.000000 15.000000
4 5270930.000000 15.000000
4 5271415.000000 15.000000
1 5272038.000000 15.000000
2 5272538.000000 15.000000
6 5273115.000000 10.000000
3 5274514.000000 15.000000
5 5275008.000000 20.000000
1 5275586.000000 15.000000
0 5276131.000000 15.000000
1 5276670.000000 15.000000
0 5277128.000000 15.000000
5 5277599.000000 43.000000
0 5278149.000000 15.000000
1 5278735.000000 15.000000
2 5279251.000000 15.000000
6 5279843.000000 10.000000
3 5281065.000000 15.000000
1 5281630.000000 15.000000
1 5282196.000000 15.000000
3 5282736.000000 15.000000
0 5283213.000000 15.000000
5 5283725.000000 79.000000
1 5284323.000000 15.000000
2 5284884.000000 15.000000
4 5285306.000000 15.000000
2 5285903.000000 15.000000
6 5286341.000000 10.000000
5 5287637.000000 79.000000
2 5288173.000000 15.000000
3 5288763.000000 15.000000
5 5289273.000000 64.000000
5 5289911.000000 74.000000
3 5290494.000000 15.000000
4 5290949.000000 15.000000
1 5291445.000000 15.000000
4 5291944.000000 15.000000
2 5292595.000000 15.000000
6 5293085.000000 10.000000
3 5294301.000000 15.000000
2 5294907.000000 15.000000
3 5295381.000000 15.000000
3 5295885.000000 15.000000
3 5296526.000000 15.000000
0 5297123.000000 15.000000
1 5297561.000000 15.000000
3 5297998.000000 15.000000
3 5298474.000000 15.000000
5 5299001.000000 62.000000
6 5299631.000000 10.000000
2 5300937.000000 15.000000
3 5301468.000000 15.000000
5 5302050.000000 55.000000
0 5302512.000000 15.000000
1 5303106.000000 15.000000
4 5303691.000000 15.000000
5 5304340.000000 33.000000
5 5304967.000000 34.000000
2 5305601.000000 15.000000
4 5306075.000000 15.000000
6 5306555.000000 10.000000
2 5307824.000000 15.000000
5 5308324.000000 76.000000
3 5308964.000000 15.000000
0 5309561.000000 15.000000
3 5310192.000000 15.000000
3 5310778.000000 15.000000
5 5311406.000000 68.000000
5 5311952.000000 70.000000
3 5312430.000000 15.000000
5 5312945.000000 71.000000
6 5313537.000000 10.000000
0 5314816.000000 15.000000
2 5315298.000000 15.000000
4 5315727.000000 15.000000
1 5316287.000000 15.000000
5 5316763.000000 61.000000
1 5317214.000000 15.000000
3 5317779.000000 15.000000
3 5318409.000000 15.000000
3 5318860.000000 15.000000
2 5319421.000000 15.000000
6 5319896.000000 10.000000
2 5321146.000000 15.000000
0 5321715.000000 15.000000
5 5322188.000000 75.000000
5 5322757.000000 41.000000
5 5323317.000000 79.000000
3 5323915.000000 15.000000
2 5324488.000000 15.000000
2 5324948.000000 15.000000
1 5325515.000000 15.000000
3 5325940.000000 15.000000
6 5326555.000000 10.000000
3 5327936.000000 15.000000
2 5328572.000000 15.000000
4 5329164.000000 15.000000
5 5329718.000000 47.000000
1 5330249.000000 15.000000
3 5330814.000000 15.000000
3 5331329.000000 15.000000
2 5331794.000000 15.000000
1 5332323.000000 15.000000
4 5332896.000000 15.000000
6 5333510.000000 10.000000
3 5334889.000000 15.000000
5 5335493.000000 50.000000
4 5336073.000000 15.000000
1 5336726.000000 15.000000
1 5337288.000000 15.000000
5 5337725.000000 36.000000
3 5338181.000000 15.000000
2 5338752.000000 15.000000
4 5339251.000000 15.000000
1 5339882.000000 15.000000
6 5340354.000000 10.000000
4 5341593.000000 15.000000
5 5342226.000000 84.000000
1 5342713.000000 15.000000
0 5343302.000000 15.000000
5 5343833.000000 59.000000
0 5344454.000000 15.000000
5 5345079.000000 62.000000
5 5345647.000000 84.000000
0 5346138.000000 15.000000
4 5346660.000000 15.000000
6 5347330.000000 10.000000
5 5348690.000000 49.000000
4 5349170.000000 15.000000
3 5349826.000000 15.000000
5 5350328.000000 82.000000
4 5350924.000000 15.000000
1 5351447.000000 15.000000
0 5352035.000000 15.000000
3 5352615.000000 15.000000
1 5353176.000000 15.000000
0 5353793.000000 15.000000
6 5354423.000000 10.000000
1 5355752.000000 15.000000
1 5356256.000000 15.000000
2 5356810.000000 15.000000
4 5357392.000000 15.000000
4 5357902.000000 15.000000
1 5358451.000000 15.000000
4 5358900.000000 15.000000
5 5359410.000000 24.000000
0 5359916.000000 15.000000
1 5360470.000000 15.000000
6 5360908.000000 10.000000
1 5362228.000000 15.000000
5 5362681.000000 84.000000
1 5363188.000000 15.000000
5 5363684.000000 70.000000
3 5364142.000000 15.000000
3 5364727.000000 15.000000
5 5365324.000000 31.000000
3 5365837.000000 15.000000
4 5366457.000000 15.000000
4 5366983.000000 15.000000
6 5367632.000000 10.000000
3 5368904.000000 15.000000
4 5369529.000000 15.000000
5 5370032.000000 41.000000
1 5370532.000000 15.000000
1 5371093.000000 15.000000
2 5371667.000000 15.000000
5 5372113.000000 64.000000
3 5372724.000000 15.000000
3 5373176.000000 15.000000
0 5373755.000000 15.000000
6 5374266.000000 10.000000
3 5375650.000000 15.000000
3 5376117.000000 15.000000
0 5376729.000000 15.000000
1 5377354.000000 15.000000
2 5377800.000000 15.000000
4 5378401.000000 15.000000
5 5379057.000000 20.000000
5 5379573.000000 22.000000
1 5380112.000000 15.000000
3 5380591.000000 15.000000
6 5381151.000000 10.000000
2 5382477.000000 15.000000
4 5382907.000000 15.000000
0 5383483.000000 15.000000
4 5384073.000000 15.000000
0 5384598.000000 15.000000
3 5385177.000000 15.000000
5 5385721.000000 57.000000
4 5386339.000000 15.000000
1 5386887.000000 15.000000
1 5387484.000000 15.000000
6 5388071.000000 10.000000
3 5389346.000000 15.000000
0 5389859.000000 15.000000
5 5390401.000000 82.000000
1 5390931.000000 15.000000
1 5391521.000000 15.000000
1 5392092.000000 15.000000
4 5392668.000000 15.000000
2 5393295.000000 15.000000
3 5393721.000000 15.000000
0 5394332.000000 15.000000
6 5394930.000000 10.000000
2 5396271.000000 15.000000
2 5396846.000000 15.000000
0 5397291.000000 15.000000
0 5397907.000000 15.000000
5 5398486.000000 27.000000
0 5399061.000000 15.000000
5 5399537.000000 67.000000
4 5400083.000000 15.000000
1 5400592.000000 15.000000
5 5401206.000000 70.000000
6 5401659.000000 10.000000
1 5402988.000000 15.000000
3 5403585.000000 15.000000
3 5404218.000000 15.000000
2 5404779.000000 15.000000
5 5405325.000000 57.000000
0 5405892.000000 15.000000
3 5406494.000000 15.000000
5 5407007.000000 35.000000
4 5407511.000000 15.000000
3 5408157.000000 15.000000
6 5408640.000000 10.000000
1 5409975.000000 15.000000
5 5410455.000000 41.000000
1 5411053.000000 15.000000
4 5411598.000000 15.000000
0 5412265.000000 15.000000
3 5412755.000000 15.000000
3 5413345.000000 15.000000
1 5413948.000000 15.000000
0 5414529.000000 15.000000
5 5415098.000000 47.000000
6 5415550.000000 10.000000
1 5416927.000000 15.000000
2 5417385.000000 15.000000
0 5417970.000000 15.000000
0 5418486.000000 15.000000
2 5419068.000000 15.000000
1 5419564.000000 15.000000
3 5420095.000000 15.000000
5 5420670.000000 58.000000
2 5421202.000000 15.000000
3 5421671.000000 15.000000
6 5422121.000000 10.000000
4 5423451.000000 15.000000
4 5424040.000000 15.000000
5 5424639.000000 44.000000
4 5425093.000000 15.000000
2 5425587.000000 15.000000
1 5426073.000000 15.000000
0 5426521.000000 15.000000
5 5426964.000000 84.000000
0 5427584.000000 15.000000
0 5428026.000000 15.000000
6 5428563.000000 10.000000
4 5429928.000000 15.000000
3 5430516.000000 15.000000
1 5431113.000000 15.000000
0 5431619.000000 15.000000
0 5432057.000000 15.000000
3 5432572.000000 15.000000
1 5433197.000000 15.000000
0 5433727.000000 15.000000
4 5434349.000000 15.000000
4 5434991.000000 15.000000
6 5435564.000000 10.000000
5 5436785.000000 75.000000
0 5437384.000000 15.000000
3 5437823.000000 15.000000
2 5438272.000000 15.000000
3 5438880.000000 15.000000
2 5439439.000000 15.000000
0 5439927.000000 15.000000
2 5440524.000000 15.000000
0 5441013.000000 15.000000
2 5441542.000000 15.000000
6 5441978.000000 10.000000
0 5443346.000000 15.000000
0 5443876.000000 15.000000
5 5444441.000000 37.000000
2 5445037.000000 15.000000
5 5445575.000000 32.000000
5 5446087.000000 28.000000
2 5446529.000000 15.000000
2 5447124.000000 15.000000
0 5447667.000000 15.000000
5 5448266.000000 46.000000
6 5448859.000000 10.000000
1 5450075.000000 15.000000
3 5450653.000000 15.000000
0 5451179.000000 15.000000
1 5451739.000000 15.000000
0 5452252.000000 15.000000
0 5452808.000000 15.000000
4 5453242.000000 15.000000
3 5453811.000000 15.000000
0 5454394.000000 15.000000
2 5454900.000000 15.000000
6 5455423.000000 10.000000
5 5456680.000000 34.000000
3 5457295.000000 15.000000
1 5457800.000000 15.000000
2 5458269.000000 15.000000
3 5458707.000000 15.000000
5 5459217.000000 22.000000
0 5459720.000000 15.000000
3 5460245.000000 15.000000
5 5460812.000000 33.000000
4 5461276.000000 15.000000
6 5461841.000000 10.000000
4 5463058.000000 15.000000
1 5463603.000000 15.000000
3 5464207.000000 15.000000
0 5464777.000000 15.000000
4 5465254.000000 15.000000
0 5465742.000000 15.000000
4 5466292.000000 15.000000
3 5466874.000000 15.000000
2 5467352.000000 15.000000
5 5467892.000000 22.000000
6 5468342.000000 10.000000
2 5469688.000000 15.000000
0 5470195.000000 15.000000
5 5470729.000000 36.000000
2 5471255.000000 15.000000
2 5471862.000000 15.000000
2 5472456.000000 15.000000
1 5472877.000000 15.000000
0 5473352.000000 15.000000
3 5473930.000000 15.000000
5 5474425.000000 59.000000
6 5474875.000000 10.000000
1 5476219.000000 15.000000
2 5476722.000000 15.000000
5 5477281.000000 42.000000
1 5477908.000000 15.000000
2 5478441.000000 15.000000
5 5478954.000000 31.000000
3 5479518.000000 15.000000
1 5480053.000000 15.000000
3 5480602.000000 15.000000
2 5481058.000000 15.000000
6 5481486.000000 10.000000
1 5482810.000000 15.000000
4 5483248.000000 15.000000
2 5483788.000000 15.000000
1 5484370.000000 15.000000
3 5484850.000000 15.000000
1 5485471.000000 15.000000
2 5486025.000000 15.000000
0 5486637.000000 15.000000
1 5487105.000000 15.000000
4 5487686.000000 15.000000
6 5488343.000000 10.000000
3 5489733.000000 15.000000
1 5490363.000000 15.000000
5 5490814.000000 25.000000
4 5491349.000000 15.000000
2 5491959.000000 15.000000
4 5492443.000000 15.000000
0 5492964.000000 15.000000
2 5493463.000000 15.000000
3 5494035.000000 15.000000
3 5494590.000000 15.000000
6 5495154.000000 10.000000
5 5496503.000000 81.000000
2 5497079.000000 15.000000
5 5497664.000000 38.000000
5 5498295.000000 83.000000
5 5498906.000000 44.000000
5 5499473.000000 27.000000
3 5499996.000000 15.000000
0 5500525.000000 15.000000
5 5500972.000000 43.000000
5 5501493.000000 82.000000
6 5502088.000000 10.000000
4 5503413.000000 15.000000
1 5504024.000000 15.000000
4 5504593.000000 15.000000
5 5505186.000000 62.000000
4 5505742.000000 15.000000
2 5506270.000000 15.000000
1 5506876.000000 15.000000
5 5507474.000000 30.000000
0 5507999.000000 15.000000
0 5508517.000000 15.000000
6 5508987.000000 10.000000
1 5510317.000000 15.000000
0 5510859.000000 15.000000
4 5511312.000000 15.000000
2 5511948.000000 15.000000
4 5512517.000000 15.000000
4 5513059.000000 15.000000
4 5513616.000000 15.000000
3 5514155.000000 15.000000
0 5514668.000000 15.000000
1 5515175.000000 15.000000
6 5515609.000000 10.000000
5 5517004.000000 24.000000
5 5517586.000000 51.000000
2 5518152.000000 15.000000
1 5518629.000000 15.000000
2 5519213.000000 15.000000
1 5519676.000000 15.000000
4 5520212.000000 15.000000
0 5520762.000000 15.000000
0 5521325.000000 15.000000
0 5521767.000000 15.000000
6 5522213.000000 10.000000
2 5523489.000000 15.000000
1 5524067.000000 15.000000
1 5524547.000000 15.000000
0 5524985.000000 15.000000
0 5525467.000000 15.000000
0 5526005.000000 15.000000
4 5526454.000000 15.000000
5 5527103.000000 32.000000
1 5527688.000000 15.000000
4 5528221.000000 15.000000
6 5528802.000000 10.000000
0 5530164.000000 15.000000
2 5530713.000000 15.000000
2 5531312.000000 15.000000
2 5531901.000000 15.000000
4 5532348.000000 15.000000
2 5532918.000000 15.000000
3 5533351.000000 15.000000
5 5533919.000000 53.000000
5 5534452.000000 37.000000
0 5534905.000000 15.000000
6 5535448.000000 10.000000
1 5536752.000000 15.000000
5 5537256.000000 58.000000
5 5537878.000000 60.000000
2 5538463.000000 15.000000
2 5539059.000000 15.000000
4 5539494.000000 15.000000
3 5540054.000000 15.000000
1 5540606.000000 15.000000
1 5541031.000000 15.000000
0 5541643.000000 15.000000
6 5542257.000000 10.000000
2 5543479.000000 15.000000
0 5543931.000000 15.000000
4 5544482.000000 15.000000
3 5545085.000000 15.000000
1 5545655.000000 15.000000
1 5546196.000000 15.000000
2 5546683.000000 15.000000
0 5547192.000000 15.000000
1 5547815.000000 15.000000
5 5548296.000000 54.000000
6 5548744.000000 10.000000
0 5550147.000000 15.000000
4 5550595.000000 15.000000
3 5551119.000000 15.000000
3 5551568.000000 15.000000
5 5552192.000000 60.000000
2 5552639.000000 15.000000
3 5553193.000000 15.000000
3 5553719.000000 15.000000
4 5554250.000000 15.000000
1 5554904.000000 15.000000
6 5555381.000000 10.000000
4 5556758.000000 15.000000
0 5557359.000000 15.000000
4 5557877.000000 15.000000
3 5558470.000000 15.000000
1 5559044.000000 15.000000
3 5559609.000000 15.000000
3 5560224.000000 15.000000
3 5560686.000000 15.000000
3 5561208.000000 15.000000
2 5561702.000000 15.000000
6 5562243.000000 10.000000
5 5563506.000000 44.000000
2 5564098.000000 15.000000
4 5564591.000000 15.000000
4 5565208.000000 15.000000
2 5565716.000000 15.000000
5 5566286.000000 74.000000
0 5566880.000000 15.000000
5 5567509.000000 41.000000
3 5568025.000000 15.000000
2 5568544.000000 15.000000
6 5569145.000000 10.000000
4 5570397.000000 15.000000
3 5570992.000000 15.000000
2 5571500.000000 15.000000
0 5571994.000000 15.000000
0 5572575.000000 15.000000
5 5573121.000000 67.000000
0 5573662.000000 15.000000
5 5574121.000000 72.000000
4 5574694.000000 15.000000
5 5575362.000000 29.000000
6 5575856.000000 10.000000
2 5577246.000000 15.000000
4 5577768.000000 15.000000
4 5578360.000000 15.000000
1 5578868.000000 15.000000
3 5579291.000000 15.000000
4 5579883.000000 15.000000
0 5580369.000000 15.000000
5 5580970.000000 36.000000
1 5581469.000000 15.000000
2 5582012.000000 15.000000
6 5582496.000000 10.000000
4 5583706.000000 15.000000
1 5584267.000000 15.000000
5 5584833.000000 75.000000
2 5585393.000000 15.000000
2 5585847.000000 15.000000
1 5586356.000000 15.000000
3 5586971.000000 15.000000
0 5587531.000000 15.000000
4 5588161.000000 15.000000
1 5588756.000000 15.000000
6 5589374.000000 10.000000
4 5590701.000000 15.000000
4 5591354.000000 15.000000
5 5591836.000000 57.000000
4 5592466.000000 15.000000
1 5592972.000000 15.000000
2 5593458.000000 15.000000
4 5594067.000000 15.000000
4 5594710.000000 15.000000
0 5595276.000000 15.000000
2 5595888.000000 15.000000
6 5596465.000000 10.000000
4 5597736.000000 15.000000
1 5598395.000000 15.000000
1 5598963.000000 15.000000
3 5599478.000000 15.000000
2 5599983.000000 15.000000
1 5600529.000000 15.000000
2 5601047.000000 15.000000
1 5601469.000000 15.000000
3 5601898.000000 15.000000
4 5602425.000000 15.000000
6 5602933.000000 10.000000
1 5604231.000000 15.000000
2 5604837.000000 15.000000
4 5605364.000000 15.000000
0 5605850.000000 15.000000
1 5606478.000000 15.000000
4 5607022.000000 15.000000
5 5607576.000000 50.000000
3 5608089.000000 15.000000
5 5608564.000000 53.000000
0 5609178.000000 15.000000
6 5609737.000000 10.000000
5 5610983.000000 51.000000
4 5611543.000000 15.000000
1 5612029.000000 15.000000
1 5612600.000000 15.000000
1 5613160.000000 15.000000
2 5613759.000000 15.000000
5 5614209.000000 39.000000
4 5614738.000000 15.000000
5 5615408.000000 24.000000
2 5615937.000000 15.000000
6 5616478.000000 10.000000
2 5617699.000000 15.000000
1 5618168.000000 15.000000
0 5618592.000000 15.000000
4 5619178.000000 15.000000
0 5619812.000000 15.000000
3 5620260.000000 15.000000
4 5620860.000000 15.000000
2 5621454.000000 15.000000
0 5621871.000000 15.000000
3 5622412.000000 15.000000
6 5622906.000000 10.000000
4 5624222.000000 15.000000
4 5624695.000000 15.000000
5 5625200.000000 54.000000
1 5625642.000000 15.000000
3 5626104.000000 15.000000
1 5626743.000000 15.000000
0 5627197.000000 15.000000
3 5627762.000000 15.000000
1 5628350.000000 15.000000
1 5628836.000000 15.000000
6 5629448.000000 10.000000
5 5630834.000000 27.000000
5 5631303.000000 69.000000
2 5631922.000000 15.000000
5 5632383.000000 63.000000
4 5632908.000000 15.000000
1 5633474.000000 15.000000
0 5633911.000000 15.000000
4 5634366.000000 15.000000
2 5634891.000000 15.000000
0 5635306.000000 15.000000
6 5635835.000000 10.000000
5 5637162.000000 39.000000
0 5637758.000000 15.000000
2 5638364.000000 15.000000
5 5638929.000000 54.000000
3 5639485.000000 15.000000
5 5640015.000000 34.000000
5 5640508.000000 70.000000
4 5641084.000000 15.000000
4 5641652.000000 15.000000
3 5642174.000000 15.000000
6 5642666.000000 10.000000
0 5643992.000000 15.000000
2 5644557.000000 15.000000
3 5645109.000000 15.000000
1 5645742.000000 15.000000
3 5646321.000000 15.000000
5 5646786.000000 76.000000
5 5647230.000000 31.000000
5 5647774.000000 50.000000
3 5648246.000000 15.000000
5 5648831.000000 47.000000
6 5649414.000000 10.000000
0 5650787.000000 15.000000
4 5651231.000000 15.000000
4 5651713.000000 15.000000
2 5652243.000000 15.000000
2 5652818.000000 15.000000
3 5653298.000000 15.000000
2 5653892.000000 15.000000
1 5654308.000000 15.000000
3 5654801.000000 15.000000
0 5655386.000000 15.000000
6 5655880.000000 10.000000
3 5657091.000000 15.000000
2 5657594.000000 15.000000
5 5658075.000000 70.000000
1 5658628.000000 15.000000
1 5659205.000000 15.000000
5 5659712.000000 79.000000
4 5660208.000000 15.000000
0 5660753.000000 15.000000
2 5661352.000000 15.000000
5 5661964.000000 66.000000
6 5662492.000000 10.000000
3 5663781.000000 15.000000
4 5664393.000000 15.000000
0 5664968.000000 15.000000
4 5665447.000000 15.000000
2 5665978.000000 15.000000
3 5666546.000000 15.000000
2 5667120.000000 15.000000
5 5667537.000000 81.000000
4 5668087.000000 15.000000
5 5668730.000000 36.000000
6 5669341.000000 10.000000
5 5670707.000000 61.000000
4 5671170.000000 15.000000
1 5671782.000000 15.000000
1 5672313.000000 15.000000
2 5672858.000000 15.000000
2 5673471.000000 15.000000
2 5674036.000000 15.000000
3 5674580.000000 15.000000
0 5675206.000000 15.000000
3 5675739.000000 15.000000
6 5676253.000000 10.000000
4 5677487.000000 15.000000
3 5678091.000000 15.000000
5 5678573.000000 79.000000
1 5679149.000000 15.000000
2 5679680.000000 15.000000
2 5680217.000000 15.000000
3 5680801.000000 15.000000
3 5681320.000000 15.000000
2 5681936.000000 15.000000
0 5682378.000000 15.000000
6 5682875.000000 10.000000
3 5684168.000000 15.000000
5 5684674.000000 53.000000
0 5685277.000000 15.000000
2 5685760.000000 15.000000
0 5686187.000000 15.000000
3 5686647.000000 15.000000
0 5687174.000000 15.000000
1 5687690.000000 15.000000
0 5688160.000000 15.000000
5 5688594.000000 36.000000
6 5689196.000000 10.000000
2 5690481.000000 15.000000
3 5691045.000000 15.000000
2 5691640.000000 15.000000
4 5692232.000000 15.000000
4 5692836.000000 15.000000
2 5693415.000000 15.000000
4 5693902.000000 15.000000
3 5694478.000000 15.000000
5 5694970.000000 53.000000
4 5695510.000000 15.000000
6 5696140.000000 10.000000
5 5697411.000000 49.000000
4 5698013.000000 15.000000
4 5698547.000000 15.000000
2 5699113.000000 15.000000
3 5699625.000000 15.000000
3 5700102.000000 15.000000
2 5700640.000000 15.000000
4 5701135.000000 15.000000
0 5701742.000000 15.000000
2 5702251.000000 15.000000
6 5702840.000000 10.000000
0 5704183.000000 15.000000
4 5704708.000000 15.000000
4 5705354.000000 15.000000
0 5705959.000000 15.000000
3 5706496.000000 15.000000
0 5707127.000000 15.000000
0 5707634.000000 15.000000
0 5708098.000000 15.000000
3 5708664.000000 15.000000
3 5709302.000000 15.000000
6 5709775.000000 10.000000
3 5711173.000000 15.000000
3 5711773.000000 15.000000
4 5712261.000000 15.000000
3 5712783.000000 15.000000
4 5713246.000000 15.000000
0 5713726.000000 15.000000
0 5714199.000000 15.000000
2 5714722.000000 15.000000
4 5715267.000000 15.000000
1 5715908.000000 15.000000
6 5716491.000000 10.000000
2 5717829.000000 15.000000
2 5718305.000000 15.000000
1 5718784.000000 15.000000
0 5719353.000000 15.000000
2 5719870.000000 15.000000
3 5720425.000000 15.000000
2 5721029.000000 15.000000
2 5721591.000000 15.000000
0 5722073.000000 15.000000
4 5722651.000000 15.000000
6 5723261.000000 10.000000
2 5724530.000000 15.000000
4 5725024.000000 15.000000
1 5725523.000000 15.000000
0 5726036.000000 15.000000
4 5726585.000000 15.000000
1 5727100.000000 15.000000
0 5727581.000000 15.000000
4 5728155.000000 15.000000
0 5728783.000000 15.000000
4 5729234.000000 15.000000
6 5729867.000000 10.000000
2 5731154.000000 15.000000
1 5731572.000000 15.000000
4 5732132.000000 15.000000
5 5732675.000000 61.000000
0 5733128.000000 15.000000
4 5733620.000000 15.000000
3 5734135.000000 15.000000
5 5734619.000000 60.000000
1 5735208.000000 15.000000
4 5735773.000000 15.000000
6 5736259.000000 10.000000
1 5737485.000000 15.000000
1 5738048.000000 15.000000
0 5738657.000000 15.000000
0 5739186.000000 15.000000
1 5739683.000000 15.000000
3 5740260.000000 15.000000
4 5740728.000000 15.000000
4 5741260.000000 15.000000
2 5741862.000000 15.000000
0 5742292.000000 15.000000
6 5742783.000000 10.000000
0 5744112.000000 15.000000
5 5744742.000000 67.000000
4 5745267.000000 15.000000
1 5745874.000000 15.000000
1 5746417.000000 15.000000
3 5746985.000000 15.000000
5 5747465.000000 47.000000
4 5748024.000000 15.000000
4 5748665.000000 15.000000
0 5749195.000000 15.000000
6 5749663.000000 10.000000
4 5750911.000000 15.000000
2 5751544.000000 15.000000
4 5752131.000000 15.000000
5 5752734.000000 46.000000
3 5753343.000000 15.000000
4 5753792.000000 15.000000
4 5754458.000000 15.000000
3 5755090.000000 15.000000
2 5755690.000000 15.000000
4 5756136.000000 15.000000
6 5756648.000000 10.000000
0 5757944.000000 15.000000
1 5758522.000000 15.000000
3 5759113.000000 15.000000
4 5759624.000000 15.000000
0 5760182.000000 15.000000
5 5760617.000000 59.000000
1 5761074.000000 15.000000
0 5761546.000000 15.000000
3 5761986.000000 15.000000
2 5762444.000000 15.000000
6 5763033.000000 10.000000
4 5764366.000000 15.000000
3 5764925.000000 15.000000
1 5765408.000000 15.000000
4 5765883.000000 15.000000
1 5766462.000000 15.000000
0 5766967.000000 15.000000
0 5767435.000000 15.000000
2 5767885.000000 15.000000
0 5768445.000000 15.000000
1 5769065.000000 15.000000
6 5769671.000000 10.000000
3 5771071.000000 15.000000
2 5771520.000000 15.000000
1 5772025.000000 15.000000
2 5772623.000000 15.000000
3 5773089.000000 15.000000
2 5773605.000000 15.000000
0 5774167.000000 15.000000
5 5774723.000000 61.000000
1 5775242.000000 15.000000
1 5775761.000000 15.000000
6 5776188.000000 10.000000
4 5777558.000000 15.000000
3 5778195.000000 15.000000
4 5778686.000000 15.000000
4 5779186.000000 15.000000
4 5779839.000000 15.000000
5 5780494.000000 64.000000
2 5781102.000000 15.000000
3 5781598.000000 15.000000
3 5782077.000000 15.000000
2 5782590.000000 15.000000
6 5783136.000000 10.000000
4 5784526.000000 15.000000
3 5785089.000000 15.000000
3 5785576.000000 15.000000
0 5786142.000000 15.000000
2 5786638.000000 15.000000
5 5787229.000000 26.000000
2 5787682.000000 15.000000
3 5788179.000000 15.000000
1 5788730.000000 15.000000
2 5789230.000000 15.000000
6 5789786.000000 10.000000
4 5791069.000000 15.000000
1 5791738.000000 15.000000
5 5792347.000000 25.000000
2 5792802.000000 15.000000
1 5793254.000000 15.000000
0 5793819.000000 15.000000
2 5794301.000000 15.000000
1 5794875.000000 15.000000
2 5795490.000000 15.000000
4 5795969.000000 15.000000
6 5796453.000000 10.000000
4 5797749.000000 15.000000
4 5798337.000000 15.000000
5 5798939.000000 51.000000
3 5799572.000000 15.000000
2 5800142.000000 15.000000
5 5800681.000000 43.000000
4 5801271.000000 15.000000
4 5801847.000000 15.000000
1 5802426.000000 15.000000
5 5802859.000000 47.000000
6 5803438.000000 10.000000
2 5804747.000000 15.000000
5 5805178.000000 63.000000
5 5805762.000000 69.000000
5 5806394.000000 42.000000
5 5806983.000000 49.000000
4 5807464.000000 15.000000
2 5808088.000000 15.000000
4 5808582.000000 15.000000
4 5809172.000000 15.000000
3 5809674.000000 15.000000
6 5810127.000000 10.000000
0 5811456.000000 15.000000
2 5811982.000000 15.000000
1 5812447.000000 15.000000
3 5813020.000000 15.000000
0 5813644.000000 15.000000
3 5814261.000000 15.000000
1 5814734.000000 15.000000
4 5815355.000000 15.000000
1 5815856.000000 15.000000
4 5816364.000000 15.000000
6 5816995.000000 10.000000
4 5818251.000000 15.000000
1 5818758.000000 15.000000
5 5819319.000000 22.000000
1 5819878.000000 15.000000
2 5820359.000000 15.000000
4 5820803.000000 15.000000
2 5821334.000000 15.000000
1 5821753.000000 15.000000
3 5822290.000000 15.000000
2 5822849.000000 15.000000
6 5823336.000000 10.000000
3 5824584.000000 15.000000
3 5825193.000000 15.000000
2 5825654.000000 15.000000
5 5826123.000000 66.000000
4 5826741.000000 15.000000
4 5827388.000000 15.000000
0 5827954.000000 15.000000
2 5828441.000000 15.000000
1 5828973.000000 15.000000
0 5829490.000000 15.000000
6 5830059.000000 10.000000
2 5831408.000000 15.000000
4 5831831.000000 15.000000
1 5832369.000000 15.000000
5 5832797.000000 47.000000
4 5833289.000000 15.000000
5 5833885.000000 73.000000
3 5834378.000000 15.000000
4 5835000.000000 15.000000
2 5835604.000000 15.000000
3 5836156.000000 15.000000
6 5836625.000000 10.000000
5 5838006.000000 58.000000
0 5838589.000000 15.000000
2 5839083.000000 15.000000
5 5839627.000000 59.000000
1 5840213.000000 15.000000
1 5840812.000000 15.000000
4 5841411.000000 15.000000
4 5841927.000000 15.000000
5 5842596.000000 57.000000
5 5843072.000000 38.000000
6 5843560.000000 10.000000
3 5844826.000000 15.000000
2 5845309.000000 15.000000
1 5845785.000000 15.000000
1 5846245.000000 15.000000
4 5846855.000000 15.000000
2 5847469.000000 15.000000
1 5847940.000000 15.000000
5 5848525.000000 27.000000
0 5849129.000000 15.000000
0 5849755.000000 15.000000
6 5850206.000000 10.000000
3 5851502.000000 15.000000
5 5852009.000000 79.000000
2 5852499.000000 15.000000
2 5853079.000000 15.000000
2 5853585.000000 15.000000
4 5854032.000000 15.000000
4 5854684.000000 15.000000
3 5855326.000000 15.000000
4 5855775.000000 15.000000
1 5856433.000000 15.000000
6 5856980.000000 10.000000
5 5858287.000000 52.000000
2 5858788.000000 15.000000
5 5859368.000000 64.000000
3 5860006.000000 15.000000
0 5860646.000000 15.000000
3 5861102.000000 15.000000
4 5861647.000000 15.000000
3 5862133.000000 15.000000
4 5862737.000000 15.000000
0 5863394.000000 15.000000
6 5863874.000000 10.000000
1 5865103.000000 15.000000
4 5865694.000000 15.000000
3 5866176.000000 15.000000
3 5866734.000000 15.000000
4 5867259.000000 15.000000
3 5867804.000000 15.000000
2 5868361.000000 15.000000
5 5868851.000000 67.000000
4 5869323.000000 15.000000
1 5869927.000000 15.000000
6 5870370.000000 10.000000
5 5871624.000000 52.000000
3 5872252.000000 15.000000
5 5872746.000000 35.000000
1 5873234.000000 15.000000
4 5873796.000000 15.000000
4 5874367.000000 15.000000
1 5874917.000000 15.000000
3 5875477.000000 15.000000
5 5875965.000000 49.000000
1 5876560.000000 15.000000
6 5877026.000000 10.000000
5 5878264.000000 63.000000
1 5878794.000000 15.000000
4 5879395.000000 15.000000
2 5879915.000000 15.000000
3 5880331.000000 15.000000
3 5880853.000000 15.000000
0 5881386.000000 15.000000
2 5881999.000000 15.000000
4 5882486.000000 15.000000
0 5882959.000000 15.000000
6 5883414.000000 10.000000
2 5884732.000000 15.000000
4 5885168.000000 15.000000
0 5885716.000000 15.000000
0 5886195.000000 15.000000
1 5886715.000000 15.000000
0 5887312.000000 15.000000
0 5887867.000000 15.000000
0 5888416.000000 15.000000
3 5888893.000000 15.000000
5 5889516.000000 80.000000
6 5890142.000000 10.000000
2 5891366.000000 15.000000
1 5891824.000000 15.000000
0 5892403.000000 15.000000
0 5892904.000000 15.000000
1 5893471.000000 15.000000
4 5894061.000000 15.000000
1 5894631.000000 15.000000
4 5895061.000000 15.000000
0 5895732.000000 15.000000
0 5896254.000000 15.000000
6 5896784.000000 10.000000
2 5898006.000000 15.000000
4 5898610.000000 15.000000
2 5899178.000000 15.000000
0 5899677.000000 15.000000
3 5900125.000000 15.000000
2 5900612.000000 15.000000
0 5901154.000000 15.000000
3 5901697.000000 15.000000
2 5902320.000000 15.000000
4 5902750.000000 15.000000
6 5903386.000000 10.000000
5 5904698.000000 77.000000
1 5905291.000000 15.000000
4 5905860.000000 15.000000
5 5906437.000000 58.000000
1 5906943.000000 15.000000
1 5907497.000000 15.000000
2 5907934.000000 15.000000
4 5908369.000000 15.000000
3 5908850.000000 15.000000
2 5909455.000000 15.000000
6 5909939.000000 10.000000
4 5911185.000000 15.000000
0 5911675.000000 15.000000
2 5912240.000000 15.000000
1 5912704.000000 15.000000
1 5913257.000000 15.000000
2 5913788.000000 15.000000
5 5914248.000000 32.000000
4 5914886.000000 15.000000
4 5915558.000000 15.000000
0 5916055.000000 15.000000
6 5916572.000000 10.000000
3 5917833.000000 15.000000
1 5918330.000000 15.000000
5 5918808.000000 50.000000
3 5919315.000000 15.000000
3 5919927.000000 15.000000
4 5920559.000000 15.000000
1 5921127.000000 15.000000
3 5921679.000000 15.000000
3 5922154.000000 15.000000
5 5922768.000000 63.000000
6 5923255.000000 10.000000
4 5924520.000000 15.000000
5 5925060.000000 68.000000
0 5925508.000000 15.000000
1 5925948.000000 15.000000
1 5926441.000000 15.000000
1 5926949.000000 15.000000
3 5927530.000000 15.000000
0 5928079.000000 15.000000
4 5928519.000000 15.000000
5 5929085.000000 35.000000
6 5929638.000000 10.000000
1 5931014.000000 15.000000
0 5931543.000000 15.000000
3 5932029.000000 15.000000
5 5932586.000000 35.000000
4 5933042.000000 15.000000
4 5933569.000000 15.000000
5 5934196.000000 73.000000
5 5934723.000000 67.000000
4 5935201.000000 15.000000
4 5935813.000000 15.000000
6 5936452.000000 10.000000
2 5937699.000000 15.000000
0 5938119.000000 15.000000
0 5938679.000000 15.000000
2 5939306.000000 15.000000
4 5939864.000000 15.000000
3 5940434.000000 15.000000
0 5941045.000000 15.000000
3 5941666.000000 15.000000
5 5942162.000000 76.000000
3 5942771.000000 15.000000
6 5943298.000000 10.000000
4 5944516.000000 15.000000
2 5944993.000000 15.000000
3 5945462.000000 15.000000
0 5946046.000000 15.000000
1 5946518.000000 15.000000
3 5946943.000000 15.000000
0 5947445.000000 15.000000
2 5947933.000000 15.000000
2 5948543.000000 15.000000
0 5949076.000000 15.000000
6 5949565.000000 10.000000
4 5950896.000000 15.000000
0 5951501.000000 15.000000
2 5952078.000000 15.000000
5 5952665.000000 38.000000
0 5953171.000000 15.000000
2 5953743.000000 15.000000
4 5954299.000000 15.000000
1 5954895.000000 15.000000
5 5955490.000000 54.000000
3 5955988.000000 15.000000
6 5956631.000000 10.000000
5 5958015.000000 48.000000
5 5958516.000000 20.000000
3 5959001.000000 15.000000
1 5959494.000000 15.000000
5 5959963.000000 78.000000
1 5960435.000000 15.000000
4 5960910.000000 15.000000
3 5961486.000000 15.000000
2 5961964.000000 15.000000
3 5962428.000000 15.000000
6 5962901.000000 10.000000
2 5964295.000000 15.000000
3 5964882.000000 15.000000
3 5965379.000000 15.000000
2 5965931.000000 15.000000
0 5966349.000000 15.000000
4 5966844.000000 15.000000
0 5967320.000000 15.000000
1 5967773.000000 15.000000
0 5968300.000000 15.000000
5 5968922.000000 23.000000
6 5969553.000000 10.000000
4 5970939.000000 15.000000
5 5971431.000000 82.000000
3 5971996.000000 15.000000
0 5972459.000000 15.000000
2 5972918.000000 15.000000
5 5973499.000000 35.000000
1 5973954.000000 15.000000
1 5974544.000000 15.000000
4 5975152.000000 15.000000
1 5975783.000000 15.000000
6 5976296.000000 10.000000
3 5977698.000000 15.000000
2 5978278.000000 15.000000
0 5978712.000000 15.000000
3 5979242.000000 15.000000
2 5979882.000000 15.000000
1 5980464.000000 15.000000
2 5981082.000000 15.000000
2 5981633.000000 15.000000
4 5982164.000000 15.000000
1 5982686.000000 15.000000
6 5983263.000000 10.000000
1 5984549.000000 15.000000
5 5985016.000000 84.000000
3 5985587.000000 15.000000
0 5986129.000000 15.000000
1 5986665.000000 15.000000
3 5987191.000000 15.000000
2 5987713.000000 15.000000
4 5988306.000000 15.000000
3 5988796.000000 15.000000
5 5989344.000000 83.000000
6 5989810.000000 10.000000
4 5991161.000000 15.000000
2 5991819.000000 15.000000
3 5992247.000000 15.000000
3 5992793.000000 15.000000
2 5993424.000000 15.000000
4 5994029.000000 15.000000
3 5994700.000000 15.000000
4 5995191.000000 15.000000
3 5995809.000000 15.000000
2 5996386.000000 15.000000
6 5996970.000000 10.000000
4 5998204.000000 15.000000
4 5998802.000000 15.000000
0 5999371.000000 15.000000
5 6000000.000000 28.000000
0 6000485.000000 15.000000
2 6001097.000000 15.000000
4 6001529.000000 15.000000
0 6002178.000000 15.000000
3 6002622.000000 15.000000
4 6003120.000000 15.000000
6 6003640.000000 10.000000
5 6004928.000000 36.000000
0 6005434.000000 15.000000
4 6006039.000000 15.000000
3 6006697.000000 15.000000
4 6007209.000000 15.000000
0 6007771.000000 15.000000
0 6008236.000000 15.000000
0 6008845.000000 15.000000
2 6009282.000000 15.000000
5 6009799.000000 56.000000
6 6010321.000000 10.000000
5 6011560.000000 68.000000
5 6012178.000000 76.000000
4 6012638.000000 15.000000
3 6013243.000000 15.000000
3 6013861.000000 15.000000
3 6014504.000000 15.000000
0 6015116.000000 15.000000
5 6015568.000000 33.000000
4 6016179.000000 15.000000
5 6016824.000000 57.000000
6 6017416.000000 10.000000
2 6018743.000000 15.000000
3 6019165.000000 15.000000
1 6019645.000000 15.000000
1 6020078.000000 15.000000
2 6020554.000000 15.000000
4 6021127.000000 15.000000
1 6021771.000000 15.000000
3 6022392.000000 15.000000
4 6022854.000000 15.000000
5 6023480.000000 33.000000
6 6024030.000000 10.000000
3 6025320.000000 15.000000
0 6025838.000000 15.000000
1 6026413.000000 15.000000
1 6026846.000000 15.000000
2 6027452.000000 15.000000
1 6027951.000000 15.000000
4 6028561.000000 15.000000
4 6029075.000000 15.000000
5 6029742.000000 20.000000
1 6030349.000000 15.000000
6 6030841.000000 10.000000
0 6032189.000000 15.000000
0 6032663.000000 15.000000
3 6033146.000000 15.000000
1 6033667.000000 15.000000
2 6034090.000000 15.000000
1 6034588.000000 15.000000
4 6035053.000000 15.000000
0 6035616.000000 15.000000
4 6036052.000000 15.000000
4 6036644.000000 15.000000
6 6037196.000000 10.000000
2 6038449.000000 15.000000
5 6038866.000000 59.000000
4 6039439.000000 15.000000
3 6040049.000000 15.000000
0 6040560.000000 15.000000
3 6041017.000000 15.000000
1 6041562.000000 15.000000
0 6042115.000000 15.000000
5 6042630.000000 40.000000
1 6043209.000000 15.000000
6 6043772.000000 10.000000
3 6045064.000000 15.000000
5 6045620.000000 75.000000
4 6046257.000000 15.000000
2 6046885.000000 15.000000
0 6047324.000000 15.000000
1 6047859.000000 15.000000
0 6048477.000000 15.000000
1 6048950.000000 15.000000
0 6049546.000000 15.000000
1 6050099.000000 15.000000
6 6050627.000000 10.000000
1 6051927.000000 15.000000
1 6052504.000000 15.000000
1 6052944.000000 15.000000
5 6053430.000000 58.000000
1 6053934.000000 15.000000
4 6054429.000000 15.000000
4 6055009.000000 15.000000
5 6055602.000000 63.000000
1 6056176.000000 15.000000
3 6056749.000000 15.000000
6 6057219.000000 10.000000
3 6058557.000000 15.000000
0 6059079.000000 15.000000
2 6059651.000000 15.000000
2 6060173.000000 15.000000
0 6060640.000000 15.000000
0 6061142.000000 15.000000
3 6061695.000000 15.000000
2 6062234.000000 15.000000
3 6062687.000000 15.000000
3 6063216.000000 15.000000
6 6063854.000000 10.000000
3 6065263.000000 15.000000
3 6065788.000000 15.000000
5 6066325.000000 35.000000
5 6066929.000000 82.000000
2 6067404.000000 15.000000
2 6067822.000000 15.000000
4 6068339.000000 15.000000
0 6069001.000000 15.000000
2 6069522.000000 15.000000
3 6070125.000000 15.000000
6 6070711.000000 10.000000
0 6072086.000000 15.000000
2 6072702.000000 15.000000
2 6073271.000000 15.000000
4 6073874.000000 15.000000
5 6074448.000000 78.000000
2 6074993.000000 15.000000
2 6075539.000000 15.000000
1 6076102.000000 15.000000
1 6076722.000000 15.000000
5 6077171.000000 84.000000
6 6077620.000000 10.000000
5 6078831.000000 37.000000
3 6079328.000000 15.000000
5 6079811.000000 34.000000
3 6080399.000000 15.000000
5 6080892.000000 28.000000
0 6081397.000000 15.000000
5 6081895.000000 81.000000
4 6082522.000000 15.000000
4 6083010.000000 15.000000
3 6083625.000000 15.000000
6 6084265.000000 10.000000
1 6085671.000000 15.000000
4 6086104.000000 15.000000
2 6086719.000000 15.000000
4 6087195.000000 15.000000
2 6087827.000000 15.000000
5 6088323.000000 60.000000
2 6088928.000000 15.000000
2 6089415.000000 15.000000
1 6089984.000000 15.000000
1 6090409.000000 15.000000
6 6090973.000000 10.000000
4 6092368.000000 15.000000
4 6092931.000000 15.000000
5 6093528.000000 83.000000
0 6094064.000000 15.000000
3 6094648.000000 15.000000
3 6095124.000000 15.000000
2 6095582.000000 15.000000
2 6096191.000000 15.000000
2 6096619.000000 15.000000
2 6097157.000000 15.000000
6 6097681.000000 10.000000
3 6098952.000000 15.000000
4 6099556.000000 15.000000
1 6100046.000000 15.000000
2 6100593.000000 15.000000
1 6101172.000000 15.000000
5 6101701.000000 37.000000
3 6102258.000000 15.000000
3 6102734.000000 15.000000
1 6103253.000000 15.000000
0 6103751.000000 15.000000
6 6104214.000000 10.000000
5 6105491.000000 78.000000
2 6105942.000000 15.000000
0 6106499.000000 15.000000
2 6106996.000000 15.000000
2 6107440.000000 15.000000
0 6107907.000000 15.000000
3 6108354.000000 15.000000
2 6108900.000000 15.000000
4 6109328.000000 15.000000
2 6109982.000000 15.000000
6 6110545.000000 10.000000
0 6111858.000000 15.000000
5 6112422.000000 51.000000
4 6113013.000000 15.000000
5 6113537.000000 45.000000
0 6114079.000000 15.000000
0 6114681.000000 15.000000
2 6115251.000000 15.000000
1 6115813.000000 15.000000
3 6116314.000000 15.000000
4 6116896.000000 15.000000
6 6117546.000000 10.000000
4 6118764.000000 15.000000
0 6119256.000000 15.000000
0 6119711.000000 15.000000
5 6120235.000000 30.000000
3 6120711.000000 15.000000
1 6121222.000000 15.000000
5 6121825.000000 58.000000
0 6122363.000000 15.000000
5 6122925.000000 64.000000
0 6123378.000000 15.000000
6 6123859.000000 10.000000
4 6125107.000000 15.000000
5 6125582.000000 24.000000
4 6126179.000000 15.000000
3 6126668.000000 15.000000
3 6127152.000000 15.000000
0 6127642.000000 15.000000
2 6128242.000000 15.000000
4 6128846.000000 15.000000
1 6129507.000000 15.000000
4 6129992.000000 15.000000
6 6130527.000000 10.000000
0 6131767.000000 15.000000
0 6132257.000000 15.000000
1 6132797.000000 15.000000
2 6133293.000000 15.000000
5 6133766.000000 76.000000
3 6134257.000000 15.000000
5 6134723.000000 74.000000
4 6135216.000000 15.000000
4 6135848.000000 15.000000
1 6136466.000000 15.000000
6 6137072.000000 10.000000
0 6138349.000000 15.000000
2 6138961.000000 15.000000
5 6139540.000000 55.000000
3 6139998.000000 15.000000
4 6140624.000000 15.000000
3 6141203.000000 15.000000
2 6141810.000000 15.000000
5 6142336.000000 45.000000
4 6142948.000000 15.000000
1 6143447.000000 15.000000
6 6143928.000000 10.000000
2 6145216.000000 15.000000
1 6145816.000000 15.000000
3 6146267.000000 15.000000
2 6146905.000000 15.000000
3 6147432.000000 15.000000
5 6147942.000000 46.000000
2 6148394.000000 15.000000
2 6148868.000000 15.000000
0 6149382.000000 15.000000
1 6149888.000000 15.000000
6 6150454.000000 10.000000
4 6151768.000000 15.000000
0 6152420.000000 15.000000
5 6152986.000000 66.000000
5 6153586.000000 33.000000
4 6154149.000000 15.000000
4 6154663.000000 15.000000
1 6155195.000000 15.000000
4 6155800.000000 15.000000
2 6156395.000000 15.000000
1 6156858.000000 15.000000
6 6157456.000000 10.000000
2 6158856.000000 15.000000
3 6159366.000000 15.000000
2 6159896.000000 15.000000
4 6160352.000000 15.000000
5 6161017.000000 58.000000
2 6161537.000000 15.000000
2 6162090.000000 15.000000
0 6162551.000000 15.000000
0 6163129.000000 15.000000
4 6163605.000000 15.000000
6 6164193.000000 10.000000
2 6165403.000000 15.000000
1 6165863.000000 15.000000
4 6166465.000000 15.000000
1 6167109.000000 15.000000
2 6167711.000000 15.000000
3 6168142.000000 15.000000
0 6168609.000000 15.000000
0 6169195.000000 15.000000
3 6169758.000000 15.000000
4 6170276.000000 15.000000
6 6170920.000000 10.000000
5 6172320.000000 42.000000
0 6172854.000000 15.000000
4 6173338.000000 15.000000
1 6173936.000000 15.000000
4 6174371.000000 15.000000
4 6174867.000000 15.000000
2 6175538.000000 15.000000
3 6176132.000000 15.000000
0 6176584.000000 15.000000
2 6177056.000000 15.000000
6 6177635.000000 10.000000
4 6178945.000000 15.000000
5 6179515.000000 78.000000
5 6180014.000000 60.000000
3 6180492.000000 15.000000
2 6180947.000000 15.000000
2 6181397.000000 15.000000
1 6181985.000000 15.000000
4 6182601.000000 15.000000
3 6183198.000000 15.000000
1 6183713.000000 15.000000
6 6184150.000000 10.000000
2 6185547.000000 15.000000
1 6186033.000000 15.000000
1 6186532.000000 15.000000
5 6187090.000000 82.000000
4 6187696.000000 15.000000
3 6188289.000000 15.000000
5 6188936.000000 51.000000
2 6189379.000000 15.000000
3 6189988.000000 15.000000
5 6190443.000000 20.000000
6 6190952.000000 10.000000
2 6192188.000000 15.000000
1 6192762.000000 15.000000
4 6193326.000000 15.000000
0 6193939.000000 15.000000
2 6194559.000000 15.000000
3 6195134.000000 15.000000
5 6195740.000000 77.000000
5 6196210.000000 72.000000
2 6196741.000000 15.000000
0 6197252.000000 15.000000
6 6197870.000000 10.000000
0 6199191.000000 15.000000
3 6199668.000000 15.000000
4 6200124.000000 15.000000
3 6200717.000000 15.000000
5 6201264.000000 76.000000
1 6201905.000000 15.000000
4 6202451.000000 15.000000
0 6203014.000000 15.000000
3 6203606.000000 15.000000
2 6204181.000000 15.000000
6 6204629.000000 10.000000
0 6205841.000000 15.000000
5 6206342.000000 80.000000
0 6206830.000000 15.000000
3 6207371.000000 15.000000
3 6207932.000000 15.000000
4 6208522.000000 15.000000
0 6209010.000000 15.000000
1 6209527.000000 15.000000
2 6210143.000000 15.000000
2 6210679.000000 15.000000
6 6211287.000000 10.000000
4 6212546.000000 15.000000
3 6213120.000000 15.000000
3 6213711.000000 15.000000
5 6214290.000000 73.000000
1 6214792.000000 15.000000
5 6215267.000000 35.000000
4 6215757.000000 15.000000
4 6216253.000000 15.000000
5 6216892.000000 63.000000
4 6217361.000000 15.000000
6 6217904.000000 10.000000
0 6219291.000000 15.000000
5 6219747.000000 82.000000
4 6220232.000000 15.000000
2 6220785.000000 15.000000
5 6221326.000000 28.000000
0 6221782.000000 15.000000
5 6222251.000000 37.000000
5 6222702.000000 41.000000
1 6223240.000000 15.000000
3 6223854.000000 15.000000
6 6224395.000000 10.000000
4 6225742.000000 15.000000
0 6226355.000000 15.000000
4 6226836.000000 15.000000
5 6227323.000000 81.000000
3 6227870.000000 15.000000
5 6228403.000000 79.000000
4 6228950.000000 15.000000
0 6229449.000000 15.000000
2 6230058.000000 15.000000
3 6230529.000000 15.000000
6 6231046.000000 10.000000
2 6232424.000000 15.000000
1 6232925.000000 15.000000
4 6233471.000000 15.000000
1 6234029.000000 15.000000
4 6234624.000000 15.000000
3 6235174.000000 15.000000
5 6235641.000000 36.000000
5 6236186.000000 29.000000
3 6236791.000000 15.000000
5 6237332.000000 58.000000
6 6237791.000000 10.000000
3 6239059.000000 15.000000
1 6239621.000000 15.000000
3 6240045.000000 15.000000
5 6240677.000000 84.000000
3 6241253.000000 15.000000
3 6241718.000000 15.000000
3 6242280.000000 15.000000
2 6242740.000000 15.000000
1 6243308.000000 15.000000
3 6243833.000000 15.000000
6 6244446.000000 10.000000
1 6245822.000000 15.000000
0 6246381.000000 15.000000
3 6246843.000000 15.000000
5 6247462.000000 82.000000
2 6247985.000000 15.000000
0 6248535.000000 15.000000
3 6249159.000000 15.000000
1 6249742.000000 15.000000
2 6250251.000000 15.000000
5 6250728.000000 22.000000
6 6251188.000000 10.000000
4 6252440.000000 15.000000
1 6252994.000000 15.000000
3 6253574.000000 15.000000
4 6254095.000000 15.000000
0 6254748.000000 15.000000
2 6255317.000000 15.000000
4 6255861.000000 15.000000
4 6256459.000000 15.000000
4 6257053.000000 15.000000
3 6257687.000000 15.000000
6 6258222.000000 10.000000
4 6259508.000000 15.000000
2 6260023.000000 15.000000
1 6260614.000000 15.000000
3 6261122.000000 15.000000
1 6261592.000000 15.000000
3 6262166.000000 15.000000
3 6262798.000000 15.000000
3 6263347.000000 15.000000
5 6263824.000000 47.000000
5 6264404.000000 79.000000
6 6265041.000000 10.000000
4 6266288.000000 15.000000
4 6266777.000000 15.000000
4 6267304.000000 15.000000
1 6267909.000000 15.000000
3 6268428.000000 15.000000
0 6269075.000000 15.000000
2 6269608.000000 15.000000
5 6270107.000000 70.000000
1 6270550.000000 15.000000
0 6271124.000000 15.000000
6 6271737.000000 10.000000
2 6273075.000000 15.000000
4 6273514.000000 15.000000
2 6273987.000000 15.000000
3 6274443.000000 15.000000
1 6275050.000000 15.000000
2 6275544.000000 15.000000
4 6275992.000000 15.000000
2 6276653.000000 15.000000
0 6277077.000000 15.000000
0 6277557.000000 15.000000
6 6278184.000000 10.000000
4 6279402.000000 15.000000
2 6279908.000000 15.000000
0 6280470.000000 15.000000
4 6281023.000000 15.000000
4 6281682.000000 15.000000
2 6282233.000000 15.000000
0 6282796.000000 15.000000
1 6283251.000000 15.000000
1 6283700.000000 15.000000
3 6284239.000000 15.000000
6 6284769.000000 10.000000
1 6286081.000000 15.000000
4 6286671.000000 15.000000
4 6287213.000000 15.000000
4 6287734.000000 15.000000
4 6288333.000000 15.000000
1 6288856.000000 15.000000
3 6289411.000000 15.000000
1 6289977.000000 15.000000
4 6290465.000000 15.000000
1 6290978.000000 15.000000
6 6291561.000000 10.000000
1 6292785.000000 15.000000
2 6293403.000000 15.000000
4 6293969.000000 15.000000
4 6294505.000000 15.000000
2 6295053.000000 15.000000
1 6295628.000000 15.000000
2 6296164.000000 15.000000
4 6296741.000000 15.000000
0 6297296.000000 15.000000
5 6297739.000000 29.000000
6 6298186.000000 10.000000
4 6299551.000000 15.000000
3 6300080.000000 15.000000
2 6300564.000000 15.000000
0 6301012.000000 15.000000
2 6301614.000000 15.000000
0 6302161.000000 15.000000
2 6302735.000000 15.000000
2 6303164.000000 15.000000
4 6303604.000000 15.000000
2 6304134.000000 15.000000
6 6304631.000000 10.000000
1 6305844.000000 15.000000
0 6306295.000000 15.000000
4 6306868.000000 15.000000
4 6307444.000000 15.000000
5 6307941.000000 64.000000
3 6308414.000000 15.000000
5 6309029.000000 30.000000
4 6309668.000000 15.000000
0 6310234.000000 15.000000
4 6310678.000000 15.000000
6 6311167.000000 10.000000
3 6312438.000000 15.000000
5 6313010.000000 62.000000
2 6313599.000000 15.000000
2 6314093.000000 15.000000
0 6314653.000000 15.000000
3 6315216.000000 15.000000
0 6315725.000000 15.000000
4 6316324.000000 15.000000
4 6316904.000000 15.000000
2 6317438.000000 15.000000
6 6318009.000000 10.000000
5 6319314.000000 41.000000
2 6319928.000000 15.000000
2 6320417.000000 15.000000
0 6320927.000000 15.000000
2 6321376.000000 15.000000
5 6321882.000000 20.000000
5 6322488.000000 62.000000
0 6323038.000000 15.000000
0 6323498.000000 15.000000
2 6324105.000000 15.000000
6 6324711.000000 10.000000
5 6326092.000000 56.000000
0 6326676.000000 15.000000
3 6327113.000000 15.000000
0 6327732.000000 15.000000
1 6328321.000000 15.000000
2 6328933.000000 15.000000
3 6329468.000000 15.000000
4 6329981.000000 15.000000
3 6330457.000000 15.000000
2 6330986.000000 15.000000
6 6331564.000000 10.000000
4 6332892.000000 15.000000
4 6333425.000000 15.000000
2 6334076.000000 15.000000
4 6334504.000000 15.000000
5 6335121.000000 46.000000
3 6335720.000000 15.000000
5 6336176.000000 78.000000
1 6336684.000000 15.000000
2 6337193.000000 15.000000
2 6337742.000000 15.000000
6 6338251.000000 10.000000
4 6339653.000000 15.000000
1 6340174.000000 15.000000
1 6340681.000000 15.000000
4 6341296.000000 15.000000
3 6341879.000000 15.000000
2 6342391.000000 15.000000
0 6342823.000000 15.000000
5 6343432.000000 72.000000
5 6343953.000000 46.000000
4 6344471.000000 15.000000
6 6344983.000000 10.000000
2 6346340.000000 15.000000
4 6346798.000000 15.000000
2 6347290.000000 15.000000
0 6347880.000000 15.000000
3 6348429.000000 15.000000
5 6348971.000000 39.000000
0 6349608.000000 15.000000
5 6350180.000000 68.000000
4 6350632.000000 15.000000
0 6351241.000000 15.000000
6 6351681.000000 10.000000
5 6352998.000000 68.000000
2 6353606.000000 15.000000
0 6354202.000000 15.000000
4 6354802.000000 15.000000
2 6355385.000000 15.000000
3 6355989.000000 15.000000
4 6356449.000000 15.000000
3 6357068.000000 15.000000
1 6357585.000000 15.000000
0 6358059.000000 15.000000
6 6358635.000000 10.000000
4 6359990.000000 15.000000
2 6360593.000000 15.000000
4 6361190.000000 15.000000
4 6361692.000000 15.000000
5 6362285.000000 72.000000
3 6362775.000000 15.000000
1 6363261.000000 15.000000
1 6363736.000000 15.000000
2 6364209.000000 15.000000
5 6364692.000000 59.000000
6 6365238.000000 10.000000
2 6366632.000000 15.000000
2 6367142.000000 15.000000
4 6367749.000000 15.000000
2 6368306.000000 15.000000
3 6368802.000000 15.000000
2 6369310.000000 15.000000
5 6369921.000000 70.000000
1 6370527.000000 15.000000
5 6371095.000000 54.000000
3 6371574.000000 15.000000
6 6372216.000000 10.000000
3 6373555.000000 15.000000
0 6374197.000000 15.000000
2 6374674.000000 15.000000
3 6375264.000000 15.000000
5 6375873.000000 65.000000
2 6376497.000000 15.000000
0 6377057.000000 15.000000
0 6377538.000000 15.000000
3 6378168.000000 15.000000
1 6378681.000000 15.000000
6 6379112.000000 10.000000
1 6380365.000000 15.000000
0 6380815.000000 15.000000
4 6381425.000000 15.000000
4 6381978.000000 15.000000
2 6382650.000000 15.000000
4 6383167.000000 15.000000
3 6383818.000000 15.000000
1 6384340.000000 15.000000
1 6384856.000000 15.000000
5 6385313.000000 27.000000
6 6385941.000000 10.000000
0 6387333.000000 15.000000
4 6387827.000000 15.000000
2 6388490.000000 15.000000
4 6389059.000000 15.000000
4 6389707.000000 15.000000
3 6390204.000000 15.000000
1 6390751.000000 15.000000
5 6391265.000000 67.000000
5 6391902.000000 44.000000
2 6392349.000000 15.000000
6 6392839.000000 10.000000
4 6394099.000000 15.000000
1 6394715.000000 15.000000
4 6395293.000000 15.000000
3 6395922.000000 15.000000
3 6396375.000000 15.000000
0 6397001.000000 15.000000
1 6397604.000000 15.000000
1 6398099.000000 15.000000
1 6398538.000000 15.000000
0 6398961.000000 15.000000
6 6399552.000000 10.000000
4 6400900.000000 15.000000
4 6401570.000000 15.000000
4 6402133.000000 15.000000
0 6402681.000000 15.000000
4 6403248.000000 15.000000
5 6403846.000000 67.000000
3 6404449.000000 15.000000
4 6404973.000000 15.000000
3 6405638.000000 15.000000
0 6406170.000000 15.000000
6 6406762.000000 10.000000
2 6408062.000000 15.000000
2 6408608.000000 15.000000
4 6409168.000000 15.000000
0 6409768.000000 15.000000
2 6410371.000000 15.000000
5 6410979.000000 37.000000
0 6411611.000000 15.000000
1 6412230.000000 15.000000
5 6412760.000000 25.000000
3 6413280.000000 15.000000
6 6413793.000000 10.000000
3 6415080.000000 15.000000
0 6415718.000000 15.000000
1 6416277.000000 15.000000
4 6416720.000000 15.000000
2 6417269.000000 15.000000
4 6417815.000000 15.000000
5 6418386.000000 61.000000
5 6418980.000000 79.000000
0 6419517.000000 15.000000
2 6420064.000000 15.000000
6 6420618.000000 10.000000
5 6421933.000000 62.000000
0 6422436.000000 15.000000
2 6422998.000000 15.000000
1 6423497.000000 15.000000
4 6423964.000000 15.000000
0 6424534.000000 15.000000
4 6425001.000000 15.000000
4 6425609.000000 15.000000
3 6426207.000000 15.000000
0 6426704.000000 15.000000
6 6427136.000000 10.000000
3 6428444.000000 15.000000
2 6428985.000000 15.000000
0 6429428.000000 15.000000
0 6429964.000000 15.000000
1 6430499.000000 15.000000
1 6431109.000000 15.000000
1 6431579.000000 15.000000
1 6432010.000000 15.000000
4 6432600.000000 15.000000
4 6433117.000000 15.000000
6 6433772.000000 10.000000
3 6435044.000000 15.000000
4 6435631.000000 15.000000
1 6436124.000000 15.000000
3 6436654.000000 15.000000
0 6437160.000000 15.000000
2 6437691.000000 15.000000
3 6438197.000000 15.000000
4 6438702.000000 15.000000
4 6439241.000000 15.000000
5 6439789.000000 47.000000
6 6440303.000000 10.000000
3 6441539.000000 15.000000
0 6442131.000000 15.000000
4 6442750.000000 15.000000
2 6443356.000000 15.000000
3 6443949.000000 15.000000
2 6444442.000000 15.000000
2 6444902.000000 15.000000
3 6445369.000000 15.000000
5 6446015.000000 82.000000
2 6446527.000000 15.000000
6 6447086.000000 10.000000
2 6448374.000000 15.000000
0 6448818.000000 15.000000
2 6449390.000000 15.000000
5 6449980.000000 50.000000
0 6450438.000000 15.000000
4 6451033.000000 15.000000
4 6451527.000000 15.000000
2 6452171.000000 15.000000
5 6452588.000000 41.000000
1 6453057.000000 15.000000
6 6453483.000000 10.000000
3 6454772.000000 15.000000
2 6455386.000000 15.000000
5 6455968.000000 27.000000
4 6456461.000000 15.000000
5 6456996.000000 48.000000
3 6457511.000000 15.000000
4 6458006.000000 15.000000
3 6458524.000000 15.000000
2 6458975.000000 15.000000
3 6459579.000000 15.000000
6 6460147.000000 10.000000
1 6461520.000000 15.000000
3 6462101.000000 15.000000
3 6462610.000000 15.000000
1 6463254.000000 15.000000
2 6463691.000000 15.000000
4 6464244.000000 15.000000
2 6464854.000000 15.000000
5 6465346.000000 78.000000
2 6465912.000000 15.000000
4 6466456.000000 15.000000
6 6466948.000000 10.000000
2 6468189.000000 15.000000
0 6468802.000000 15.000000
5 6469341.000000 82.000000
2 6469980.000000 15.000000
2 6470422.000000 15.000000
0 6470959.000000 15.000000
0 6471419.000000 15.000000
1 6471933.000000 15.000000
5 6472472.000000 48.000000
3 6473011.000000 15.000000
6 6473593.000000 10.000000
4 6474908.000000 15.000000
1 6475540.000000 15.000000
2 6476147.000000 15.000000
1 6476630.000000 15.000000
1 6477155.000000 15.000000
4 6477704.000000 15.000000
4 6478323.000000 15.000000
0 6478905.000000 15.000000
1 6479500.000000 15.000000
0 6480040.000000 15.000000
6 6480498.000000 10.000000
5 6481765.000000 83.000000
2 6482394.000000 15.000000
1 6482936.000000 15.000000
1 6483534.000000 15.000000
2 6484147.000000 15.000000
1 6484570.000000 15.000000
0 6485146.000000 15.000000
1 6485661.000000 15.000000
0 6486262.000000 15.000000
5 6486772.000000 33.000000
6 6487332.000000 10.000000
1 6488543.000000 15.000000
1 6489164.000000 15.000000
2 6489705.000000 15.000000
4 6490249.000000 15.000000
4 6490788.000000 15.000000
1 6491327.000000 15.000000
1 6491770.000000 15.000000
1 6492199.000000 15.000000
3 6492771.000000 15.000000
5 6493237.000000 44.000000
6 6493808.000000 10.000000
2 6495075.000000 15.000000
1 6495623.000000 15.000000
1 6496233.000000 15.000000
4 6496825.000000 15.000000
3 6497327.000000 15.000000
4 6497849.000000 15.000000
2 6498486.000000 15.000000
0 6499083.000000 15.000000
1 6499530.000000 15.000000
3 6499979.000000 15.000000
6 6500433.000000 10.000000
0 6501819.000000 15.000000
2 6502310.000000 15.000000
3 6502844.000000 15.000000
2 6503424.000000 15.000000
5 6503992.000000 80.000000
5 6504530.000000 79.000000
4 6505090.000000 15.000000
4 6505589.000000 15.000000
4 6506179.000000 15.000000
3 6506814.000000 15.000000
6 6507448.000000 10.000000
4 6508682.000000 15.000000
0 6509327.000000 15.000000
5 6509870.000000 75.000000
1 6510460.000000 15.000000
2 6511020.000000 15.000000
2 6511589.000000 15.000000
2 6512176.000000 15.000000
0 6512594.000000 15.000000
4 6513224.000000 15.000000
1 6513699.000000 15.000000
6 6514134.000000 10.000000
5 6515349.000000 46.000000
1 6515949.000000 15.000000
3 6516512.000000 15.000000
3 6517158.000000 15.000000
2 6517631.000000 15.000000
4 6518110.000000 15.000000
2 6518677.000000 15.000000
0 6519170.000000 15.000000
2 6519733.000000 15.000000
4 6520304.000000 15.000000
6 6520940.000000 10.000000
3 6522273.000000 15.000000
2 6522798.000000 15.000000
3 6523308.000000 15.000000
3 6523954.000000 15.000000
4 6524465.000000 15.000000
0 6525124.000000 15.000000
2 6525741.000000 15.000000
2 6526229.000000 15.000000
2 6526785.000000 15.000000
1 6527203.000000 15.000000
6 6527756.000000 10.000000
1 6529144.000000 15.000000
1 6529584.000000 15.000000
2 6530203.000000 15.000000
4 6530652.000000 15.000000
5 6531175.000000 76.000000
1 6531643.000000 15.000000
5 6532262.000000 41.000000
0 6532804.000000 15.000000
2 6533269.000000 15.000000
2 6533704.000000 15.000000
6 6534293.000000 10.000000
4 6535694.000000 15.000000
2 6536314.000000 15.000000
5 6536830.000000 62.000000
5 6537395.000000 83.000000
4 6537981.000000 15.000000
5 6538610.000000 48.000000
2 6539230.000000 15.000000
5 6539719.000000 29.000000
0 6540230.000000 15.000000
2 6540792.000000 15.000000
6 6541287.000000 10.000000
4 6542672.000000 15.000000
0 6543295.000000 15.000000
3 6543882.000000 15.000000
5 6544370.000000 62.000000
3 6544828.000000 15.000000
0 6545387.000000 15.000000
0 6545995.000000 15.000000
0 6546458.000000 15.000000
4 6547031.000000 15.000000
4 6547677.000000 15.000000
6 6548178.000000 10.000000
5 6549453.000000 77.000000
4 6550093.000000 15.000000
4 6550738.000000 15.000000
5 6551230.000000 74.000000
5 6551863.000000 59.000000
2 6552338.000000 15.000000
2 6552891.000000 15.000000
4 6553405.000000 15.000000
5 6554039.000000 58.000000
2 6554606.000000 15.000000
6 6555120.000000 10.000000
5 6556526.000000 46.000000
5 6557005.000000 75.000000
1 6557551.000000 15.000000
0 6558096.000000 15.000000
4 6558540.000000 15.000000
2 6559020.000000 15.000000
0 6559581.000000 15.000000
5 6560070.000000 74.000000
2 6560641.000000 15.000000
2 6561251.000000 15.000000
6 6561700.000000 10.000000
1 6563087.000000 15.000000
2 6563563.000000 15.000000
4 6564048.000000 15.000000
1 6564623.000000 15.000000
5 6565131.000000 83.000000
4 6565578.000000 15.000000
4 6566199.000000 15.000000
2 6566834.000000 15.000000
1 6567302.000000 15.000000
3 6567814.000000 15.000000
6 6568390.000000 10.000000
4 6569765.000000 15.000000
5 6570267.000000 31.000000
3 6570845.000000 15.000000
2 6571378.000000 15.000000
2 6571990.000000 15.000000
3 6572582.000000 15.000000
3 6573211.000000 15.000000
2 6573724.000000 15.000000
0 6574240.000000 15.000000
4 6574763.000000 15.000000
6 6575311.000000 10.000000
4 6576716.000000 15.000000
1 6577380.000000 15.000000
1 6577834.000000 15.000000
3 6578431.000000 15.000000
3 6578978.000000 15.000000
5 6579503.000000 44.000000
3 6580011.000000 15.000000
2 6580510.000000 15.000000
5 6580943.000000 75.000000
5 6581505.000000 81.000000
6 6582068.000000 10.000000
0 6583389.000000 15.000000
2 6583956.000000 15.000000
5 6584499.000000 28.000000
4 6585112.000000 15.000000
1 6585684.000000 15.000000
0 6586167.000000 15.000000
5 6586639.000000 64.000000
3 6587219.000000 15.000000
1 6587716.000000 15.000000
5 6588249.000000 84.000000
6 6588842.000000 10.000000
3 6590092.000000 15.000000
5 6590653.000000 74.000000
5 6591120.000000 32.000000
4 6591689.000000 15.000000
5 6592334.000000 25.000000
3 6592970.000000 15.000000
4 6593604.000000 15.000000
4 6594163.000000 15.000000
4 6594777.000000 15.000000
1 6595379.000000 15.000000
6 6595920.000000 10.000000
4 6597143.000000 15.000000
5 6597777.000000 77.000000
2 6598415.000000 15.000000
3 6598894.000000 15.000000
3 6599416.000000 15.000000
2 6599963.000000 15.000000
4 6600485.000000 15.000000
0 6601094.000000 15.000000
0 6601618.000000 15.000000
0 6602187.000000 15.000000
6 6602721.000000 10.000000
1 6604071.000000 15.000000
4 6604497.000000 15.000000
4 6605102.000000 15.000000
5 6605615.000000 66.000000
1 6606067.000000 15.000000
1 6606608.000000 15.000000
0 6607216.000000 15.000000
4 6607816.000000 15.000000
0 6608453.000000 15.000000
1 6608886.000000 15.000000
6 6609504.000000 10.000000
5 6610906.000000 37.000000
4 6611472.000000 15.000000
3 6612085.000000 15.000000
1 6612626.000000 15.000000
3 6613118.000000 15.000000
1 6613745.000000 15.000000
2 6614184.000000 15.000000
1 6614616.000000 15.000000
5 6615124.000000 37.000000
2 6615646.000000 15.000000
6 6616187.000000 10.000000
0 6617399.000000 15.000000
0 6617856.000000 15.000000
3 6618363.000000 15.000000
4 6619003.000000 15.000000
4 6619644.000000 15.000000
5 6620296.000000 55.000000
2 6620899.000000 15.000000
3 6621354.000000 15.000000
3 6621972.000000 15.000000
5 6622517.000000 42.000000
6 6622978.000000 10.000000
1 6624344.000000 15.000000
5 6624779.000000 64.000000
5 6625388.000000 23.000000
1 6625892.000000 15.000000
0 6626369.000000 15.000000
1 6626905.000000 15.000000
3 6627503.000000 15.000000
4 6628071.000000 15.000000
5 6628629.000000 72.000000
0 6629139.000000 15.000000
6 6629613.000000 10.000000
3 6630958.000000 15.000000
5 6631437.000000 35.000000
2 6631912.000000 15.000000
0 6632384.000000 15.000000
0 6632934.000000 15.000000
3 6633418.000000 15.000000
3 6633874.000000 15.000000
2 6634372.000000 15.000000
3 6634919.000000 15.000000
4 6635546.000000 15.000000
6 6636123.000000 10.000000
1 6637383.000000 15.000000
2 6637978.000000 15.000000
5 6638565.000000 46.000000
0 6639007.000000 15.000000
5 6639572.000000 23.000000
5 6640022.000000 79.000000
0 6640628.000000 15.000000
3 6641168.000000 15.000000
1 6641650.000000 15.000000
4 6642100.000000 15.000000
6 6642736.000000 10.000000
5 6644142.000000 21.000000
0 6644644.000000 15.000000
2 6645134.000000 15.000000
2 6645697.000000 15.000000
5 6646307.000000 70.000000
5 6646851.000000 61.000000
1 6647406.000000 15.000000
2 6647906.000000 15.000000
0 6648321.000000 15.000000
4 6648797.000000 15.000000
6 6649354.000000 10.000000
0 6650614.000000 15.000000
1 6651190.000000 15.000000
0 6651668.000000 15.000000
0 6652232.000000 15.000000
0 6652744.000000 15.000000
5 6653252.000000 28.000000
5 6653716.000000 30.000000
3 6654249.000000 15.000000
2 6654730.000000 15.000000
4 6655165.000000 15.000000
6 6655668.000000 10.000000
5 6656910.000000 43.000000
5 6657417.000000 84.000000
2 6657893.000000 15.000000
5 6658411.000000 29.000000
2 6658856.000000 15.000000
4 6659336.000000 15.000000
3 6659958.000000 15.000000
2 6660438.000000 15.000000
1 6661026.000000 15.000000
2 6661647.000000 15.000000
6 6662085.000000 10.000000
4 6663384.000000 15.000000
0 6663964.000000 15.000000
2 6664586.000000 15.000000
0 6665184.000000 15.000000
2 6665660.000000 15.000000
3 6666248.000000 15.000000
3 6666845.000000 15.000000
5 6667438.000000 23.000000
1 6667974.000000 15.000000
3 6668559.000000 15.000000
6 6669100.000000 10.000000
0 6670473.000000 15.000000
5 6670942.000000 56.000000
4 6671482.000000 15.000000
1 6672128.000000 15.000000
3 6672720.000000 15.000000
4 6673172.000000 15.000000
0 6673827.000000 15.000000
1 6674378.000000 15.000000
2 6674952.000000 15.000000
1 6675557.000000 15.000000
6 6676072.000000 10.000000
2 6677421.000000 15.000000
0 6677916.000000 15.000000
2 6678507.000000 15.000000
3 6679086.000000 15.000000
0 6679551.000000 15.000000
2 6680045.000000 15.000000
5 6680568.000000 79.000000
2 6681173.000000 15.000000
3 6681641.000000 15.000000
0 6682227.000000 15.000000
6 6682741.000000 10.000000
4 6684041.000000 15.000000
1 6684547.000000 15.000000
4 6685121.000000 15.000000
0 6685621.000000 15.000000
2 6686104.000000 15.000000
0 6686680.000000 15.000000
1 6687160.000000 15.000000
2 6687749.000000 15.000000
5 6688300.000000 67.000000
0 6688911.000000 15.000000
6 6689363.000000 10.000000
2 6690761.000000 15.000000
2 6691196.000000 15.000000
0 6691779.000000 15.000000
0 6692299.000000 15.000000
4 6692847.000000 15.000000
2 6693446.000000 15.000000
3 6694041.000000 15.000000
1 6694663.000000 15.000000
4 6695165.000000 15.000000
3 6695672.000000 15.000000
6 6696277.000000 10.000000
3 6697598.000000 15.000000
1 6698190.000000 15.000000
0 6698793.000000 15.000000
2 6699373.000000 15.000000
1 6699963.000000 15.000000
0 6700397.000000 15.000000
2 6700917.000000 15.000000
2 6701520.000000 15.000000
1 6701935.000000 15.000000
0 6702547.000000 15.000000
6 6703004.000000 10.000000
5 6704215.000000 82.000000
0 6704797.000000 15.000000
0 6705303.000000 15.000000
2 6705929.000000 15.000000
5 6706512.000000 37.000000
1 6707117.000000 15.000000
4 6707654.000000 15.000000
4 6708317.000000 15.000000
2 6708940.000000 15.000000
4 6709434.000000 15.000000
6 6710069.000000 10.000000
0 6711443.000000 15.000000
0 6711983.000000 15.000000
1 6712602.000000 15.000000
3 6713099.000000 15.000000
3 6713665.000000 15.000000
0 6714292.000000 15.000000
1 6714831.000000 15.000000
0 6715342.000000 15.000000
3 6715785.000000 15.000000
2 6716399.000000 15.000000
6 6716838.000000 10.000000
2 6718221.000000 15.000000
3 6718771.000000 15.000000
1 6719356.000000 15.000000
1 6719959.000000 15.000000
2 6720556.000000 15.000000
2 6721079.000000 15.000000
0 6721579.000000 15.000000
4 6722197.000000 15.000000
5 6722778.000000 38.000000
1 6723242.000000 15.000000
6 6723743.000000 10.000000
1 6725122.000000 15.000000
4 6725593.000000 15.000000
4 6726076.000000 15.000000
3 6726651.000000 15.000000
0 6727179.000000 15.000000
1 6727724.000000 15.000000
1 6728326.000000 15.000000
5 6728905.000000 84.000000
4 6729350.000000 15.000000
5 6729893.000000 32.000000
6 6730520.000000 10.000000
5 6731786.000000 38.000000
3 6732282.000000 15.000000
2 6732887.000000 15.000000
0 6733440.000000 15.000000
3 6733886.000000 15.000000
2 6734529.000000 15.000000
3 6735051.000000 15.000000
2 6735688.000000 15.000000
2 6736299.000000 15.000000
0 6736719.000000 15.000000
6 6737251.000000 10.000000
5 6738604.000000 22.000000
1 6739222.000000 15.000000
3 6739815.000000 15.000000
5 6740312.000000 71.000000
4 6740775.000000 15.000000
2 6741331.000000 15.000000
2 6741772.000000 15.000000
0 6742231.000000 15.000000
1 6742842.000000 15.000000
5 6743405.000000 51.000000
6 6743996.000000 10.000000
4 6745366.000000 15.000000
4 6745997.000000 15.000000
3 6746492.000000 15.000000
2 6747123.000000 15.000000
4 6747700.000000 15.000000
4 6748253.000000 15.000000
4 6748916.000000 15.000000
1 6749501.000000 15.000000
4 6749986.000000 15.000000
5 6750562.000000 20.000000
6 6751038.000000 10.000000
5 6752301.000000 71.000000
5 6752745.000000 76.000000
5 6753363.000000 29.000000
5 6753858.000000 22.000000
4 6754329.000000 15.000000
5 6754991.000000 45.000000
0 6755589.000000 15.000000
2 6756071.000000 15.000000
3 6756531.000000 15.000000
5 6756990.000000 40.000000
6 6757570.000000 10.000000
0 6758894.000000 15.000000
5 6759338.000000 69.000000
0 6759965.000000 15.000000
0 6760486.000000 15.000000
5 6761102.000000 46.000000
3 6761702.000000 15.000000
0 6762261.000000 15.000000
5 6762763.000000 79.000000
5 6763382.000000 77.000000
3 6763934.000000 15.000000
6 6764511.000000 10.000000
4 6765838.000000 15.000000
4 6766341.000000 15.000000
0 6766910.000000 15.000000
2 6767529.000000 15.000000
0 6768112.000000 15.000000
0 6768636.000000 15.000000
2 6769259.000000 15.000000
5 6769827.000000 52.000000
0 6770274.000000 15.000000
5 6770877.000000 66.000000
6 6771348.000000 10.000000
4 6772585.000000 15.000000
0 6773074.000000 15.000000
4 6773576.000000 15.000000
4 6774119.000000 15.000000
2 6774769.000000 15.000000
5 6775307.000000 37.000000
3 6775913.000000 15.000000
0 6776470.000000 15.000000
1 6777013.000000 15.000000
3 6777602.000000 15.000000
6 6778240.000000 10.000000
3 6779490.000000 15.000000
3 6780014.000000 15.000000
3 6780591.000000 15.000000
0 6781102.000000 15.000000
1 6781534.000000 15.000000
2 6782150.000000 15.000000
5 6782690.000000 53.000000
1 6783254.000000 15.000000
5 6783811.000000 77.000000
0 6784320.000000 15.000000
6 6784858.000000 10.000000
1 6786179.000000 15.000000
0 6786602.000000 15.000000
1 6787125.000000 15.000000
2 6787622.000000 15.000000
5 6788045.000000 42.000000
3 6788600.000000 15.000000
0 6789151.000000 15.000000
4 6789752.000000 15.000000
1 6790234.000000 15.000000
2 6790839.000000 15.000000
6 6791404.000000 10.000000
4 6792793.000000 15.000000
0 6793305.000000 15.000000
0 6793901.000000 15.000000
0 6794464.000000 15.000000
3 6795071.000000 15.000000
4 6795697.000000 15.000000
2 6796363.000000 15.000000
3 6796917.000000 15.000000
5 6797445.000000 71.000000
3 6797960.000000 15.000000
6 6798510.000000 10.000000
5 6799760.000000 77.000000
5 6800300.000000 65.000000
3 6800880.000000 15.000000
1 6801473.000000 15.000000
3 6801987.000000 15.000000
2 6802606.000000 15.000000
3 6803097.000000 15.000000
0 6803640.000000 15.000000
3 6804227.000000 15.000000
3 6804872.000000 15.000000
6 6805397.000000 10.000000
4 6806726.000000 15.000000
4 6807330.000000 15.000000
0 6807926.000000 15.000000
5 6808441.000000 83.000000
5 6809013.000000 73.000000
2 6809513.000000 15.000000
1 6810083.000000 15.000000
4 6810601.000000 15.000000
2 6811259.000000 15.000000
2 6811863.000000 15.000000
6 6812336.000000 10.000000
5 6813648.000000 64.000000
0 6814094.000000 15.000000
3 6814683.000000 15.000000
1 6815313.000000 15.000000
3 6815854.000000 15.000000
0 6816452.000000 15.000000
1 6817029.000000 15.000000
1 6817595.000000 15.000000
4 6818089.000000 15.000000
1 6818639.000000 15.000000
6 6819079.000000 10.000000
4 6820399.000000 15.000000
0 6821062.000000 15.000000
2 6821595.000000 15.000000
1 6822116.000000 15.000000
2 6822546.000000 15.000000
4 6823156.000000 15.000000
0 6823726.000000 15.000000
5 6824349.000000 71.000000
5 6824863.000000 24.000000
4 6825457.000000 15.000000
6 6825979.000000 10.000000
1 6827321.000000 15.000000
3 6827911.000000 15.000000
2 6828509.000000 15.000000
2 6828945.000000 15.000000
5 6829526.000000 80.000000
4 6830080.000000 15.000000
4 6830657.000000 15.000000
4 6831132.000000 15.000000
5 6831720.000000 69.000000
1 6832325.000000 15.000000
6 6832823.000000 10.000000
4 6834097.000000 15.000000
2 6834658.000000 15.000000
1 6835262.000000 15.000000
1 6835751.000000 15.000000
0 6836370.000000 15.000000
4 6836808.000000 15.000000
5 6837419.000000 33.000000
5 6837998.000000 74.000000
4 6838457.000000 15.000000
1 6838964.000000 15.000000
6 6839480.000000 10.000000
2 6840768.000000 15.000000
4 6841361.000000 15.000000
5 6841971.000000 65.000000
3 6842596.000000 15.000000
1 6843229.000000 15.000000
5 6843708.000000 69.000000
4 6844314.000000 15.000000
4 6844963.000000 15.000000
2 6845460.000000 15.000000
2 6846068.000000 15.000000
6 6846638.000000 10.000000
2 6847957.000000 15.000000
0 6848451.000000 15.000000
5 6848900.000000 63.000000
2 6849375.000000 15.000000
4 6849797.000000 15.000000
2 6850462.000000 15.000000
2 6851050.000000 15.000000
2 6851553.000000 15.000000
2 6851969.000000 15.000000
1 6852467.000000 15.000000
6 6852922.000000 10.000000
3 6854216.000000 15.000000
3 6854806.000000 15.000000
0 6855352.000000 15.000000
0 6855813.000000 15.000000
0 6856406.000000 15.000000
3 6856838.000000 15.000000
5 6857292.000000 24.000000
2 6857850.000000 15.000000
4 6858357.000000 15.000000
0 6858837.000000 15.000000
6 6859339.000000 10.000000
3 6860691.000000 15.000000
5 6861164.000000 26.000000
0 6861737.000000 15.000000
3 6862260.000000 15.000000
2 6862764.000000 15.000000
3 6863345.000000 15.000000
2 6863859.000000 15.000000
3 6864394.000000 15.000000
4 6864924.000000 15.000000
0 6865467.000000 15.000000
6 6866013.000000 10.000000
4 6867340.000000 15.000000
2 6867919.000000 15.000000
0 6868350.000000 15.000000
0 6868817.000000 15.000000
2 6869267.000000 15.000000
5 6869745.000000 30.000000
5 6870335.000000 83.000000
4 6870915.000000 15.000000
4 6871459.000000 15.000000
0 6872046.000000 15.000000
6 6872570.000000 10.000000
1 6873797.000000 15.000000
4 6874335.000000 15.000000
4 6874985.000000 15.000000
4 6875570.000000 15.000000
4 6876145.000000 15.000000
1 6876745.000000 15.000000
2 6877352.000000 15.000000
3 6877962.000000 15.000000
5 6878539.000000 62.000000
1 6879051.000000 15.000000
6 6879533.000000 10.000000
1 6880779.000000 15.000000
4 6881395.000000 15.000000
4 6881952.000000 15.000000
0 6882443.000000 15.000000
3 6882922.000000 15.000000
2 6883518.000000 15.000000
0 6884024.000000 15.000000
4 6884621.000000 15.000000
5 6885255.000000 38.000000
4 6885849.000000 15.000000
6 6886375.000000 10.000000
5 6887623.000000 83.000000
3 6888161.000000 15.000000
2 6888786.000000 15.000000
4 6889372.000000 15.000000
3 6889903.000000 15.000000
1 6890396.000000 15.000000
2 6890941.000000 15.000000
1 6891360.000000 15.000000
4 6891912.000000 15.000000
1 6892419.000000 15.000000
6 6892945.000000 10.000000
2 6894163.000000 15.000000
1 6894727.000000 15.000000
2 6895325.000000 15.000000
3 6895794.000000 15.000000
3 6896286.000000 15.000000
0 6896857.000000 15.000000
0 6897355.000000 15.000000
1 6897934.000000 15.000000
1 6898359.000000 15.000000
3 6898945.000000 15.000000
6 6899465.000000 10.000000
3 6900834.000000 15.000000
3 6901303.000000 15.000000
4 6901898.000000 15.000000
1 6902441.000000 15.000000
5 6902989.000000 39.000000
4 6903456.000000 15.000000
3 6904096.000000 15.000000
2 6904645.000000 15.000000
1 6905076.000000 15.000000
2 6905538.000000 15.000000
6 6906024.000000 10.000000
4 6907236.000000 15.000000
1 6907860.000000 15.000000
0 6908462.000000 15.000000
3 6908979.000000 15.000000
0 6909626.000000 15.000000
1 6910152.000000 15.000000
3 6910708.000000 15.000000
1 6911236.000000 15.000000
5 6911755.000000 29.000000
0 6912292.000000 15.000000
6 6912733.000000 10.000000
4 6914021.000000 15.000000
1 6914669.000000 15.000000
3 6915153.000000 15.000000
1 6915728.000000 15.000000
1 6916326.000000 15.000000
4 6916874.000000 15.000000
5 6917387.000000 39.000000
0 6917950.000000 15.000000
0 6918495.000000 15.000000
4 6919056.000000 15.000000
6 6919711.000000 10.000000
5 6921031.000000 32.000000
4 6921650.000000 15.000000
0 6922129.000000 15.000000
4 6922739.000000 15.000000
2 6923303.000000 15.000000
1 6923908.000000 15.000000
0 6924448.000000 15.000000
4 6924954.000000 15.000000
1 6925622.000000 15.000000
1 6926097.000000 15.000000
6 6926536.000000 10.000000
2 6927763.000000 15.000000
3 6928364.000000 15.000000
2 6928970.000000 15.000000
5 6929458.000000 59.000000
4 6929903.000000 15.000000
1 6930556.000000 15.000000
5 6931085.000000 68.000000
0 6931719.000000 15.000000
2 6932190.000000 15.000000
5 6932779.000000 50.000000
6 6933284.000000 10.000000
1 6934620.000000 15.000000
4 6935082.000000 15.000000
3 6935645.000000 15.000000
2 6936272.000000 15.000000
2 6936825.000000 15.000000
4 6937289.000000 15.000000
5 6937888.000000 63.000000
2 6938512.000000 15.000000
4 6938999.000000 15.000000
0 6939571.000000 15.000000
6 6940024.000000 10.000000
2 6941383.000000 15.000000
1 6941923.000000 15.000000
2 6942502.000000 15.000000
5 6943005.000000 60.000000
2 6943509.000000 15.000000
4 6944026.000000 15.000000
4 6944614.000000 15.000000
5 6945217.000000 65.000000
4 6945855.000000 15.000000
2 6946437.000000 15.000000
6 6946957.000000 10.000000
0 6948215.000000 15.000000
5 6948771.000000 70.000000
1 6949271.000000 15.000000
2 6949790.000000 15.000000
0 6950404.000000 15.000000
4 6950922.000000 15.000000
4 6951412.000000 15.000000
1 6952081.000000 15.000000
2 6952575.000000 15.000000
4 6953119.000000 15.000000
6 6953710.000000 10.000000
4 6955089.000000 15.000000
4 6955647.000000 15.000000
4 6956144.000000 15.000000
3 6956708.000000 15.000000
2 6957237.000000 15.000000
1 6957712.000000 15.000000
1 6958218.000000 15.000000
1 6958651.000000 15.000000
0 6959115.000000 15.000000
2 6959623.000000 15.000000
6 6960147.000000 10.000000
3 6961489.000000 15.000000
1 6961978.000000 15.000000
1 6962482.000000 15.000000
0 6963081.000000 15.000000
3 6963661.000000 15.000000
0 6964114.000000 15.000000
5 6964695.000000 76.000000
5 6965171.000000 56.000000
0 6965721.000000 15.000000
4 6966305.000000 15.000000
6 6966897.000000 10.000000
4 6968207.000000 15.000000
5 6968760.000000 33.000000
4 6969320.000000 15.000000
5 6969912.000000 58.000000
5 6970360.000000 26.000000
3 6970890.000000 15.000000
2 6971483.000000 15.000000
5 6972032.000000 33.000000
2 6972539.000000 15.000000
3 6973038.000000 15.000000
6 6973629.000000 10.000000
0 6975021.000000 15.000000
1 6975597.000000 15.000000
0 6976099.000000 15.000000
0 6976666.000000 15.000000
3 6977243.000000 15.000000
1 6977849.000000 15.000000
4 6978273.000000 15.000000
2 6978767.000000 15.000000
0 6979284.000000 15.000000
3 6979869.000000 15.000000
6 6980497.000000 10.000000
5 6981814.000000 34.000000
0 6982327.000000 15.000000
2 6982778.000000 15.000000
3 6983381.000000 15.000000
3 6983935.000000 15.000000
5 6984499.000000 21.000000
4 6985135.000000 15.000000
5 6985739.000000 84.000000
5 6986377.000000 84.000000
1 6986826.000000 15.000000
6 6987356.000000 10.000000
3 6988589.000000 15.000000
2 6989143.000000 15.000000
3 6989593.000000 15.000000
1 6990157.000000 15.000000
3 6990660.000000 15.000000
1 6991227.000000 15.000000
3 6991654.000000 15.000000
3 6992256.000000 15.000000
1 6992765.000000 15.000000
4 6993219.000000 15.000000
6 6993736.000000 10.000000
2 6995078.000000 15.000000
5 6995657.000000 50.000000
4 6996156.000000 15.000000
0 6996717.000000 15.000000
2 6997265.000000 15.000000
3 6997725.000000 15.000000
4 6998264.000000 15.000000
4 6998831.000000 15.000000
1 6999375.000000 15.000000
1 6999976.000000 15.000000
6 7000572.000000 10.000000
1 7001893.000000 15.000000
5 7002361.000000 25.000000
5 7002922.000000 24.000000
3 7003454.000000 15.000000
2 7003950.000000 15.000000
0 7004466.000000 15.000000
1 7005092.000000 15.000000
5 7005604.000000 48.000000
3 7006075.000000 15.000000
4 7006683.000000 15.000000
6 7007220.000000 10.000000
2 7008535.000000 15.000000
4 7008981.000000 15.000000
4 7009540.000000 15.000000
5 7010118.000000 46.000000
1 7010654.000000 15.000000
0 7011114.000000 15.000000
0 7011692.000000 15.000000
4 7012239.000000 15.000000
2 7012784.000000 15.000000
3 7013384.000000 15.000000
6 7013853.000000 10.000000
1 7015147.000000 15.000000
4 7015754.000000 15.000000
3 7016273.000000 15.000000
4 7016823.000000 15.000000
1 7017360.000000 15.000000
2 7017810.000000 15.000000
5 7018252.000000 58.000000
1 7018797.000000 15.000000
5 7019326.000000 72.000000
3 7019825.000000 15.000000
6 7020318.000000 10.000000
1 7021614.000000 15.000000
3 7022151.000000 15.000000
1 7022732.000000 15.000000
4 7023239.000000 15.000000
5 7023808.000000 39.000000
3 7024290.000000 15.000000
5 7024913.000000 40.000000
5 7025451.000000 84.000000
2 7026005.000000 15.000000
3 7026527.000000 15.000000
6 7026979.000000 10.000000
0 7028375.000000 15.000000
3 7028859.000000 15.000000
4 7029480.000000 15.000000
2 7030144.000000 15.000000
4 7030688.000000 15.000000
1 7031290.000000 15.000000
2 7031887.000000 15.000000
3 7032322.000000 15.000000
4 7032829.000000 15.000000
5 7033454.000000 37.000000
6 7033986.000000 10.000000
3 7035273.000000 15.000000
5 7035760.000000 60.000000
0 7036313.000000 15.000000
0 7036889.000000 15.000000
1 7037400.000000 15.000000
4 7037879.000000 15.000000
5 7038353.000000 84.000000
5 7038809.000000 63.000000
4 7039308.000000 15.000000
1 7039942.000000 15.000000
6 7040450.000000 10.000000
5 7041742.000000 41.000000
5 7042197.000000 58.000000
1 7042773.000000 15.000000
3 7043273.000000 15.000000
1 7043803.000000 15.000000
0 7044281.000000 15.000000
4 7044909.000000 15.000000
5 7045454.000000 30.000000
0 7046036.000000 15.000000
2 7046488.000000 15.000000
6 7046966.000000 10.000000
1 7048216.000000 15.000000
0 7048695.000000 15.000000
3 7049240.000000 15.000000
2 7049777.000000 15.000000
3 7050341.000000 15.000000
2 7050857.000000 15.000000
4 7051407.000000 15.000000
0 7052058.000000 15.000000
0 7052510.000000 15.000000
1 7052949.000000 15.000000
6 7053561.000000 10.000000
3 7054847.000000 15.000000
2 7055352.000000 15.000000
1 7055786.000000 15.000000
5 7056406.000000 29.000000
4 7057036.000000 15.000000
2 7057530.000000 15.000000
3 7057980.000000 15.000000
1 7058535.000000 15.000000
0 7059095.000000 15.000000
4 7059548.000000 15.000000
6 7060181.000000 10.000000
3 7061432.000000 15.000000
2 7061994.000000 15.000000
2 7062540.000000 15.000000
2 7062980.000000 15.000000
2 7063531.000000 15.000000
3 7063980.000000 15.000000
2 7064520.000000 15.000000
3 7065133.000000 15.000000
3 7065658.000000 15.000000
2 7066234.000000 15.000000
6 7066750.000000 10.000000
4 7067991.000000 15.000000
2 7068583.000000 15.000000
1 7069193.000000 15.000000
5 7069767.000000 35.000000
2 7070229.000000 15.000000
3 7070834.000000 15.000000
4 7071429.000000 15.000000
1 7072023.000000 15.000000
4 7072523.000000 15.000000
4 7073138.000000 15.000000
6 7073651.000000 10.000000
1 7075009.000000 15.000000
3 7075524.000000 15.000000
0 7076132.000000 15.000000
3 7076744.000000 15.000000
0 7077258.000000 15.000000
5 7077757.000000 84.000000
3 7078271.000000 15.000000
5 7078893.000000 40.000000
1 7079487.000000 15.000000
3 7080047.000000 15.000000
6 7080677.000000 10.000000
4 7082010.000000 15.000000
0 7082525.000000 15.000000
3 7082992.000000 15.000000
3 7083450.000000 15.000000
1 7084016.000000 15.000000
2 7084511.000000 15.000000
3 7084980.000000 15.000000
5 7085544.000000 34.000000
0 7086130.000000 15.000000
0 7086750.000000 15.000000
6 7087270.000000 10.000000
0 7088480.000000 15.000000
0 7089012.000000 15.000000
2 7089563.000000 15.000000
1 7090067.000000 15.000000
5 7090599.000000 61.000000
5 7091238.000000 48.000000
1 7091850.000000 15.000000
4 7092400.000000 15.000000
5 7093043.000000 29.000000
2 7093661.000000 15.000000
6 7094110.000000 10.000000
1 7095492.000000 15.000000
4 7095944.000000 15.000000
2 7096437.000000 15.000000
5 7097015.000000 54.000000
5 7097524.000000 68.000000
1 7098056.000000 15.000000
4 7098610.000000 15.000000
5 7099242.000000 82.000000
2 7099832.000000 15.000000
1 7100366.000000 15.000000
6 7100936.000000 10.000000
5 7102251.000000 72.000000
3 7102889.000000 15.000000
5 7103463.000000 36.000000
1 7103907.000000 15.000000
0 7104524.000000 15.000000
0 7104987.000000 15.000000
1 7105446.000000 15.000000
4 7106059.000000 15.000000
3 7106568.000000 15.000000
1 7107215.000000 15.000000
6 7107731.000000 10.000000
5 7109014.000000 73.000000
1 7109537.000000 15.000000
0 7110158.000000 15.000000
1 7110651.000000 15.000000
1 7111113.000000 15.000000
4 7111619.000000 15.000000
4 7112112.000000 15.000000
4 7112687.000000 15.000000
1 7113214.000000 15.000000
3 7113696.000000 15.000000
6 7114337.000000 10.000000
1 7115717.000000 15.000000
3 7116190.000000 15.000000
4 7116706.000000 15.000000
2 7117196.000000 15.000000
5 7117650.000000 76.000000
5 7118214.000000 73.000000
3 7118679.000000 15.000000
4 7119223.000000 15.000000
4 7119790.000000 15.000000
2 7120267.000000 15.000000
6 7120721.000000 10.000000
3 7121943.000000 15.000000
5 7122453.000000 40.000000
0 7123056.000000 15.000000
3 7123667.000000 15.000000
2 7124212.000000 15.000000
2 7124737.000000 15.000000
1 7125160.000000 15.000000
2 7125660.000000 15.000000
3 7126122.000000 15.000000
5 7126750.000000 63.000000
6 7127265.000000 10.000000
0 7128605.000000 15.000000
1 7129120.000000 15.000000
1 7129652.000000 15.000000
4 7130191.000000 15.000000
1 7130751.000000 15.000000
5 7131227.000000 23.000000
0 7131804.000000 15.000000
5 7132279.000000 42.000000
5 7132868.000000 64.000000
4 7133455.000000 15.000000
6 7134069.000000 10.000000
3 7135389.000000 15.000000
1 7135850.000000 15.000000
2 7136413.000000 15.000000
5 7136929.000000 64.000000
3 7137510.000000 15.000000
3 7137977.000000 15.000000
1 7138481.000000 15.000000
4 7138982.000000 15.000000
3 7139634.000000 15.000000
0 7140199.000000 15.000000
6 7140677.000000 10.000000
5 7142018.000000 30.000000
5 7142620.000000 55.000000
5 7143076.000000 21.000000
3 7143607.000000 15.000000
5 7144134.000000 54.000000
2 7144694.000000 15.000000
4 7145264.000000 15.000000
5 7145752.000000 74.000000
0 7146307.000000 15.000000
4 7146799.000000 15.000000
6 7147378.000000 10.000000
5 7148617.000000 37.000000
1 7149248.000000 15.000000
3 7149687.000000 15.000000
2 7150204.000000 15.000000
5 7150688.000000 63.000000
4 7151300.000000 15.000000
2 7151846.000000 15.000000
4 7152437.000000 15.000000
4 7153053.000000 15.000000
1 7153672.000000 15.000000
6 7154291.000000 10.000000
2 7155534.000000 15.000000
4 7156148.000000 15.000000
0 7156759.000000 15.000000
5 7157252.000000 42.000000
4 7157880.000000 15.000000
1 7158484.000000 15.000000
3 7159004.000000 15.000000
5 7159620.000000 60.000000
1 7160079.000000 15.000000
0 7160530.000000 15.000000
6 7161112.000000 10.000000
3 7162514.000000 15.000000
4 7163124.000000 15.000000
3 7163682.000000 15.000000
0 7164132.000000 15.000000
1 7164595.000000 15.000000
1 7165034.000000 15.000000
2 7165556.000000 15.000000
4 7165989.000000 15.000000
4 7166624.000000 15.000000
5 7167266.000000 73.000000
6 7167862.000000 10.000000
2 7169088.000000 15.000000
2 7169657.000000 15.000000
3 7170249.000000 15.000000
5 7170865.000000 30.000000
1 7171412.000000 15.000000
0 7171840.000000 15.000000
0 7172313.000000 15.000000
2 7172799.000000 15.000000
4 7173225.000000 15.000000
5 7173747.000000 46.000000
6 7174212.000000 10.000000
5 7175605.000000 64.000000
2 7176048.000000 15.000000
3 7176631.000000 15.000000
4 7177156.000000 15.000000
1 7177801.000000 15.000000
5 7178373.000000 29.000000
1 7178860.000000 15.000000
5 7179343.000000 30.000000
0 7179897.000000 15.000000
3 7180370.000000 15.000000
6 7180966.000000 10.000000
0 7182369.000000 15.000000
4 7182831.000000 15.000000
2 7183494.000000 15.000000
2 7184036.000000 15.000000
3 7184630.000000 15.000000
5 7185126.000000 80.000000
5 7185640.000000 62.000000
1 7186179.000000 15.000000
1 7186657.000000 15.000000
0 7187170.000000 15.000000
6 7187722.000000 10.000000
3 7189094.000000 15.000000
4 7189611.000000 15.000000
2 7190093.000000 15.000000
3 7190525.000000 15.000000
3 7190974.000000 15.000000
4 7191576.000000 15.000000
2 7192146.000000 15.000000
3 7192644.000000 15.000000
5 7193211.000000 37.000000
4 7193692.000000 15.000000
6 7194249.000000 10.000000
5 7195564.000000 78.000000
5 7196032.000000 78.000000
2 7196511.000000 15.000000
0 7197122.000000 15.000000
2 7197695.000000 15.000000
2 7198262.000000 15.000000
3 7198791.000000 15.000000
0 7199430.000000 15.000000
3 7199914.000000 15.000000
3 7200515.000000 15.000000
6 7201125.000000 10.000000
3 7202344.000000 15.000000
1 7202896.000000 15.000000
1 7203511.000000 15.000000
4 7204129.000000 15.000000
1 7204756.000000 15.000000
1 7205378.000000 15.000000
1 7205872.000000 15.000000
0 7206357.000000 15.000000
3 7206940.000000 15.000000
4 7207535.000000 15.000000
6 7208188.000000 10.000000
4 7209523.000000 15.000000
2 7210024.000000 15.000000
5 7210471.000000 35.000000
4 7211080.000000 15.000000
0 7211714.000000 15.000000
1 7212192.000000 15.000000
4 7212774.000000 15.000000
1 7213399.000000 15.000000
5 7213985.000000 64.000000
3 7214434.000000 15.000000
6 7215066.000000 10.000000
3 7216403.000000 15.000000
1 7217038.000000 15.000000
4 7217501.000000 15.000000
2 7218045.000000 15.000000
4 7218536.000000 15.000000
5 7219123.000000 21.000000
2 7219707.000000 15.000000
5 7220207.000000 62.000000
3 7220748.000000 15.000000
0 7221337.000000 15.000000
6 7221958.000000 10.000000
3 7223276.000000 15.000000
4 7223872.000000 15.000000
4 7224377.000000 15.000000
5 7224965.000000 49.000000
4 7225529.000000 15.000000
2 7226198.000000 15.000000
1 7226626.000000 15.000000
3 7227084.000000 15.000000
2 7227646.000000 15.000000
4 7228108.000000 15.000000
6 7228695.000000 10.000000
2 7230099.000000 15.000000
2 7230660.000000 15.000000
1 7231131.000000 15.000000
2 7231561.000000 15.000000
3 7232142.000000 15.000000
5 7232753.000000 35.000000
1 7233345.000000 15.000000
0 7233938.000000 15.000000
3 7234408.000000 15.000000
4 7235033.000000 15.000000
6 7235665.000000 10.000000
5 7236975.000000 31.000000
1 7237606.000000 15.000000
1 7238041.000000 15.000000
3 7238499.000000 15.000000
3 7238991.000000 15.000000
5 7239499.000000 59.000000
0 7240052.000000 15.000000
4 7240675.000000 15.000000
5 7241251.000000 70.000000
2 7241838.000000 15.000000
6 7242355.000000 10.000000
1 7243606.000000 15.000000
0 7244196.000000 15.000000
3 7244701.000000 15.000000
0 7245172.000000 15.000000
1 7245729.000000 15.000000
0 7246300.000000 15.000000
4 7246806.000000 15.000000
4 7247302.000000 15.000000
3 7247872.000000 15.000000
2 7248507.000000 15.000000
6 7248933.000000 10.000000
3 7250204.000000 15.000000
2 7250656.000000 15.000000
2 7251079.000000 15.000000
1 7251659.000000 15.000000
0 7252120.000000 15.000000
4 7252720.000000 15.000000
4 7253218.000000 15.000000
5 7253867.000000 22.000000
3 7254344.000000 15.000000
2 7254940.000000 15.000000
6 7255369.000000 10.000000
5 7256665.000000 22.000000
1 7257183.000000 15.000000
1 7257660.000000 15.000000
2 7258240.000000 15.000000
2 7258753.000000 15.000000
5 7259211.000000 39.000000
5 7259821.000000 38.000000
5 7260282.000000 52.000000
2 7260839.000000 15.000000
0 7261373.000000 15.000000
6 7261917.000000 10.000000
1 7263189.000000 15.000000
0 7263722.000000 15.000000
5 7264163.000000 72.000000
4 7264618.000000 15.000000
2 7265095.000000 15.000000
3 7265669.000000 15.000000
3 7266291.000000 15.000000
3 7266746.000000 15.000000
3 7267211.000000 15.000000
1 7267707.000000 15.000000
6 7268144.000000 10.000000
3 7269381.000000 15.000000
1 7269886.000000 15.000000
5 7270467.000000 81.000000
1 7270925.000000 15.000000
2 7271506.000000 15.000000
5 7272076.000000 21.000000
4 7272667.000000 15.000000
4 7273164.000000 15.000000
1 7273691.000000 15.000000
0 7274208.000000 15.000000
6 7274699.000000 10.000000
3 7276063.000000 15.000000
2 7276561.000000 15.000000
4 7277084.000000 15.000000
4 7277625.000000 15.000000
5 7278201.000000 76.000000
3 7278663.000000 15.000000
3 7279286.000000 15.000000
4 7279929.000000 15.000000
3 7280430.000000 15.000000
4 7280904.000000 15.000000
6 7281379.000000 10.000000
5 7282694.000000 62.000000
1 7283207.000000 15.000000
3 7283695.000000 15.000000
1 7284219.000000 15.000000
2 7284825.000000 15.000000
5 7285317.000000 46.000000
0 7285927.000000 15.000000
1 7286522.000000 15.000000
5 7286968.000000 68.000000
4 7287410.000000 15.000000
6 7288005.000000 10.000000
0 7289233.000000 15.000000
5 7289722.000000 34.000000
3 7290281.000000 15.000000
3 7290830.000000 15.000000
5 7291295.000000 41.000000
0 7291844.000000 15.000000
2 7292375.000000 15.000000
0 7292927.000000 15.000000
0 7293542.000000 15.000000
4 7294022.000000 15.000000
6 7294671.000000 10.000000
1 7295909.000000 15.000000
3 7296377.000000 15.000000
4 7296857.000000 15.000000
5 7297406.000000 31.000000
4 7297860.000000 15.000000
2 7298430.000000 15.000000
1 7298887.000000 15.000000
1 7299449.000000 15.000000
3 7300011.000000 15.000000
0 7300502.000000 15.000000
6 7300957.000000 10.000000
1 7302193.000000 15.000000
3 7302621.000000 15.000000
4 7303076.000000 15.000000
5 7303566.000000 30.000000
2 7304109.000000 15.000000
2 7304649.000000 15.000000
5 7305065.000000 77.000000
4 7305522.000000 15.000000
5 7306010.000000 55.000000
2 7306455.000000 15.000000
6 7306881.000000 10.000000
1 7308285.000000 15.000000
4 7308709.000000 15.000000
0 7309292.000000 15.000000
0 7309732.000000 15.000000
4 7310212.000000 15.000000
4 7310848.000000 15.000000
5 7311359.000000 66.000000
0 7311892.000000 15.000000
3 7312523.000000 15.000000
3 7313021.000000 15.000000
6 7313601.000000 10.000000
0 7314981.000000 15.000000
1 7315422.000000 15.000000
0 7315996.000000 15.000000
0 7316608.000000 15.000000
5 7317234.000000 47.000000
1 7317796.000000 15.000000
4 7318232.000000 15.000000
1 7318791.000000 15.000000
5 7319363.000000 63.000000
2 7319853.000000 15.000000
6 7320422.000000 10.000000
1 7321746.000000 15.000000
5 7322235.000000 75.000000
2 7322688.000000 15.000000
5 7323225.000000 66.000000
0 7323714.000000 15.000000
5 7324324.000000 80.000000
1 7324930.000000 15.000000
0 7325427.000000 15.000000
2 7326040.000000 15.000000
4 7326461.000000 15.000000
6 7327021.000000 10.000000
0 7328258.000000 15.000000
0 7328774.000000 15.000000
4 7329336.000000 15.000000
5 7329957.000000 47.000000
5 7330475.000000 36.000000
3 7330997.000000 15.000000
1 7331557.000000 15.000000
2 7332121.000000 15.000000
5 7332628.000000 66.000000
0 7333121.000000 15.000000
6 7333692.000000 10.000000
4 7335077.000000 15.000000
0 7335711.000000 15.000000
3 7336330.000000 15.000000
4 7336906.000000 15.000000
0 7337534.000000 15.000000
0 7338071.000000 15.000000
0 7338614.000000 15.000000
3 7339156.000000 15.000000
0 7339611.000000 15.000000
1 7340133.000000 15.000000
6 7340683.000000 10.000000
4 7342057.000000 15.000000
2 7342554.000000 15.000000
3 7343136.000000 15.000000
4 7343775.000000 15.000000
2 7344248.000000 15.000000
4 7344816.000000 15.000000
1 7345471.000000 15.000000
1 7345988.000000 15.000000
1 7346606.000000 15.000000
4 7347037.000000 15.000000
6 7347599.000000 10.000000
3 7348846.000000 15.000000
4 7349425.000000 15.000000
4 7349922.000000 15.000000
2 7350497.000000 15.000000
1 7351067.000000 15.000000
2 7351625.000000 15.000000
2 7352123.000000 15.000000
2 7352539.000000 15.000000
3 7352992.000000 15.000000
1 7353451.000000 15.000000
6 7353970.000000 10.000000
1 7355355.000000 15.000000
4 7355899.000000 15.000000
3 7356497.000000 15.000000
0 7357029.000000 15.000000
3 7357500.000000 15.000000
0 7358069.000000 15.000000
0 7358583.000000 15.000000
1 7359085.000000 15.000000
2 7359659.000000 15.000000
0 7360168.000000 15.000000
6 7360661.000000 10.000000
1 7361900.000000 15.000000
2 7362420.000000 15.000000
0 7362927.000000 15.000000
1 7363515.000000 15.000000
2 7363994.000000 15.000000
1 7364463.000000 15.000000
3 7364902.000000 15.000000
4 7365401.000000 15.000000
2 7365945.000000 15.000000
1 7366520.000000 15.000000
6 7366964.000000 10.000000
2 7368209.000000 15.000000
4 7368813.000000 15.000000
0 7369329.000000 15.000000
4 7369787.000000 15.000000
2 7370386.000000 15.000000
5 7370904.000000 51.000000
2 7371433.000000 15.000000
4 7371975.000000 15.000000
4 7372644.000000 15.000000
2 7373171.000000 15.000000
6 7373600.000000 10.000000
4 7374994.000000 15.000000
1 7375518.000000 15.000000
1 7376117.000000 15.000000
3 7376721.000000 15.000000
5 7377347.000000 62.000000
1 7377808.000000 15.000000
0 7378383.000000 15.000000
5 7378948.000000 75.000000
4 7379545.000000 15.000000
1 7380191.000000 15.000000
6 7380693.000000 10.000000
0 7381935.000000 15.000000
2 7382418.000000 15.000000
1 7382992.000000 15.000000
5 7383429.000000 27.000000
5 7384002.000000 58.000000
0 7384520.000000 15.000000
5 7384995.000000 45.000000
2 7385577.000000 15.000000
1 7386066.000000 15.000000
2 7386591.000000 15.000000
6 7387006.000000 10.000000
3 7388231.000000 15.000000
5 7388827.000000 56.000000
5 7389437.000000 68.000000
4 7389906.000000 15.000000
3 7390393.000000 15.000000
3 7391023.000000 15.000000
2 7391479.000000 15.000000
1 7392081.000000 15.000000
1 7392590.000000 15.000000
3 7393060.000000 15.000000
6 7393686.000000 10.000000
0 7395023.000000 15.000000
0 7395468.000000 15.000000
2 7396058.000000 15.000000
4 7396517.000000 15.000000
3 7397163.000000 15.000000
0 7397764.000000 15.000000
4 7398360.000000 15.000000
0 7398954.000000 15.000000
5 7399524.000000 65.000000
0 7399984.000000 15.000000
6 7400569.000000 10.000000
5 7401960.000000 31.000000
0 7402489.000000 15.000000
1 7403041.000000 15.000000
0 7403480.000000 15.000000
5 7404084.000000 32.000000
2 7404603.000000 15.000000
3 7405152.000000 15.000000
5 7405631.000000 69.000000
2 7406114.000000 15.000000
2 7406689.000000 15.000000
6 7407216.000000 10.000000
0 7408514.000000 15.000000
2 7409120.000000 15.000000
3 7409691.000000 15.000000
4 7410237.000000 15.000000
5 7410737.000000 25.000000
1 7411226.000000 15.000000
2 7411668.000000 15.000000
0 7412160.000000 15.000000
4 7412697.000000 15.000000
5 7413190.000000 56.000000
6 7413678.000000 10.000000
4 7414921.000000 15.000000
3 7415585.000000 15.000000
2 7416043.000000 15.000000
0 7416477.000000 15.000000
1 7416926.000000 15.000000
0 7417513.000000 15.000000
2 7418022.000000 15.000000
1 7418536.000000 15.000000
0 7419054.000000 15.000000
5 7419601.000000 57.000000
6 7420189.000000 10.000000
0 7421504.000000 15.000000
4 7422135.000000 15.000000
4 7422794.000000 15.000000
5 7423355.000000 81.000000
0 7423866.000000 15.000000
2 7424397.000000 15.000000
4 7424906.000000 15.000000
2 7425470.000000 15.000000
3 7425949.000000 15.000000
5 7426404.000000 41.000000
6 7426962.000000 10.000000
1 7428236.000000 15.000000
4 7428768.000000 15.000000
4 7429423.000000 15.000000
5 7430047.000000 70.000000
2 7430498.000000 15.000000
2 7431031.000000 15.000000
5 7431604.000000 20.000000
2 7432089.000000 15.000000
2 7432549.000000 15.000000
5 7433107.000000 46.000000
6 7433601.000000 10.000000
2 7434821.000000 15.000000
4 7435431.000000 15.000000
5 7435957.000000 46.000000
5 7436593.000000 41.000000
5 7437165.000000 84.000000
5 7437792.000000 76.000000
5 7438280.000000 38.000000
3 7438828.000000 15.000000
4 7439307.000000 15.000000
2 7439813.000000 15.000000
6 7440233.000000 10.000000
2 7441460.000000 15.000000
1 7441962.000000 15.000000
1 7442427.000000 15.000000
3 7442956.000000 15.000000
4 7443592.000000 15.000000
0 7444243.000000 15.000000
0 7444830.000000 15.000000
2 7445388.000000 15.000000
3 7445905.000000 15.000000
3 7446498.000000 15.000000
6 7447021.000000 10.000000
5 7448307.000000 82.000000
5 7448842.000000 42.000000
5 7449284.000000 25.000000
1 7449788.000000 15.000000
5 7450250.000000 79.000000
2 7450830.000000 15.000000
1 7451392.000000 15.000000
0 7451888.000000 15.000000
1 7452469.000000 15.000000
0 7452897.000000 15.000000
6 7453354.000000 10.000000
3 7454693.000000 15.000000
2 7455191.000000 15.000000
2 7455778.000000 15.000000
5 7456355.000000 58.000000
1 7456885.000000 15.000000
2 7457372.000000 15.000000
3 7457985.000000 15.000000
5 7458596.000000 34.000000
2 7459039.000000 15.000000
0 7459575.000000 15.000000
6 7460203.000000 10.000000
1 7461431.000000 15.000000
1 7462019.000000 15.000000
5 7462633.000000 78.000000
2 7463173.000000 15.000000
2 7463755.000000 15.000000
1 7464261.000000 15.000000
0 7464819.000000 15.000000
5 7465438.000000 75.000000
0 7465993.000000 15.000000
2 7466556.000000 15.000000
6 7467126.000000 10.000000
2 7468353.000000 15.000000
3 7468859.000000 15.000000
5 7469329.000000 46.000000
1 7469966.000000 15.000000
5 7470583.000000 42.000000
4 7471132.000000 15.000000
3 7471623.000000 15.000000
2 7472236.000000 15.000000
1 7472794.000000 15.000000
1 7473365.000000 15.000000
6 7473836.000000 10.000000
2 7475108.000000 15.000000
5 7475547.000000 60.000000
5 7476058.000000 22.000000
4 7476672.000000 15.000000
2 7477258.000000 15.000000
3 7477840.000000 15.000000
5 7478420.000000 63.000000
4 7479041.000000 15.000000
3 7479673.000000 15.000000
4 7480266.000000 15.000000
6 7480779.000000 10.000000
5 7482036.000000 77.000000
0 7482639.000000 15.000000
2 7483148.000000 15.000000
3 7483592.000000 15.000000
2 7484187.000000 15.000000
1 7484782.000000 15.000000
5 7485324.000000 64.000000
5 7485778.000000 30.000000
0 7486222.000000 15.000000
1 7486846.000000 15.000000
6 7487426.000000 10.000000
1 7488742.000000 15.000000
2 7489350.000000 15.000000
2 7489874.000000 15.000000
1 7490310.000000 15.000000
5 7490865.000000 56.000000
2 7491313.000000 15.000000
5 7491852.000000 36.000000
5 7492322.000000 37.000000
3 7492794.000000 15.000000
2 7493270.000000 15.000000
6 7493723.000000 10.000000
1 7495044.000000 15.000000
3 7495547.000000 15.000000
5 7496019.000000 67.000000
2 7496517.000000 15.000000
5 7497076.000000 73.000000
5 7497663.000000 49.000000
3 7498205.000000 15.000000
2 7498806.000000 15.000000
4 7499355.000000 15.000000
4 7499870.000000 15.000000
6 7500453.000000 10.000000
3 7501788.000000 15.000000
3 7502412.000000 15.000000
5 7502995.000000 31.000000
4 7503622.000000 15.000000
2 7504287.000000 15.000000
3 7504817.000000 15.000000
4 7505392.000000 15.000000
4 7506025.000000 15.000000
2 7506569.000000 15.000000
5 7507057.000000 40.000000
6 7507591.000000 10.000000
4 7508848.000000 15.000000
1 7509380.000000 15.000000
4 7509907.000000 15.000000
4 7510396.000000 15.000000
4 7510912.000000 15.000000
1 7511464.000000 15.000000
3 7511887.000000 15.000000
3 7512428.000000 15.000000
2 7513024.000000 15.000000
4 7513550.000000 15.000000
6 7514158.000000 10.000000
2 7515488.000000 15.000000
0 7516028.000000 15.000000
1 7516556.000000 15.000000
1 7516984.000000 15.000000
4 7517548.000000 15.000000
3 7518175.000000 15.000000
1 7518734.000000 15.000000
2 7519281.000000 15.000000
1 7519802.000000 15.000000
0 7520374.000000 15.000000
6 7520873.000000 10.000000
5 7522203.000000 67.000000
4 7522696.000000 15.000000
3 7523206.000000 15.000000
4 7523692.000000 15.000000
2 7524223.000000 15.000000
5 7524790.000000 67.000000
4 7525364.000000 15.000000
1 7525977.000000 15.000000
4 7526427.000000 15.000000
1 7527095.000000 15.000000
6 7527688.000000 10.000000
5 7528937.000000 35.000000
0 7529448.000000 15.000000
4 7529895.000000 15.000000
3 7530468.000000 15.000000
4 7531067.000000 15.000000
2 7531616.000000 15.000000
4 7532121.000000 15.000000
1 7532669.000000 15.000000
2 7533155.000000 15.000000
0 7533749.000000 15.000000
6 7534224.000000 10.000000
5 7535577.000000 57.000000
4 7536062.000000 15.000000
2 7536607.000000 15.000000
1 7537196.000000 15.000000
3 7537679.000000 15.000000
5 7538224.000000 34.000000
3 7538805.000000 15.000000
0 7539318.000000 15.000000
2 7539908.000000 15.000000
4 7540496.000000 15.000000
6 7540982.000000 10.000000
0 7542267.000000 15.000000
2 7542788.000000 15.000000
5 7543243.000000 21.000000
3 7543704.000000 15.000000
2 7544155.000000 15.000000
0 7544704.000000 15.000000
0 7545320.000000 15.000000
2 7545815.000000 15.000000
4 7546388.000000 15.000000
0 7546998.000000 15.000000
6 7547601.000000 10.000000
1 7548990.000000 15.000000
0 7549481.000000 15.000000
0 7549965.000000 15.000000
3 7550443.000000 15.000000
2 7551014.000000 15.000000
1 7551490.000000 15.000000
3 7551914.000000 15.000000
3 7552554.000000 15.000000
5 7553089.000000 77.000000
5 7553535.000000 82.000000
6 7554158.000000 10.000000
1 7555526.000000 15.000000
5 7556054.000000 68.000000
5 7556558.000000 65.000000
4 7557054.000000 15.000000
2 7557556.000000 15.000000
4 7558057.000000 15.000000
5 7558616.000000 37.000000
3 7559150.000000 15.000000
3 7559694.000000 15.000000
0 7560233.000000 15.000000
6 7560836.000000 10.000000
2 7562082.000000 15.000000
5 7562656.000000 74.000000
1 7563113.000000 15.000000
2 7563679.000000 15.000000
4 7564234.000000 15.000000
0 7564753.000000 15.000000
0 7565324.000000 15.000000
2 7565875.000000 15.000000
3 7566462.000000 15.000000
5 7567075.000000 34.000000
6 7567647.000000 10.000000
2 7569038.000000 15.000000
5 7569640.000000 20.000000
3 7570219.000000 15.000000
3 7570853.000000 15.000000
5 7571450.000000 77.000000
0 7572070.000000 15.000000
1 7572598.000000 15.000000
5 7573131.000000 48.000000
0 7573638.000000 15.000000
3 7574127.000000 15.000000
6 7574773.000000 10.000000
2 7576160.000000 15.000000
2 7576703.000000 15.000000
3 7577233.000000 15.000000
5 7577682.000000 20.000000
5 7578276.000000 49.000000
1 7578718.000000 15.000000
3 7579310.000000 15.000000
2 7579832.000000 15.000000
5 7580247.000000 61.000000
0 7580804.000000 15.000000
6 7581418.000000 10.000000
1 7582729.000000 15.000000
5 7583172.000000 23.000000
3 7583692.000000 15.000000
0 7584273.000000 15.000000
0 7584763.000000 15.000000
1 7585390.000000 15.000000
5 7585989.000000 69.000000
5 7586621.000000 79.000000
3 7587230.000000 15.000000
4 7587821.000000 15.000000
6 7588373.000000 10.000000
0 7589727.000000 15.000000
0 7590226.000000 15.000000
1 7590802.000000 15.000000
0 7591311.000000 15.000000
5 7591892.000000 63.000000
5 7592344.000000 67.000000
5 7592941.000000 64.000000
3 7593412.000000 15.000000
2 7593906.000000 15.000000
2 7594445.000000 15.000000
6 7595007.000000 10.000000
5 7596345.000000 48.000000
2 7596892.000000 15.000000
5 7597335.000000 44.000000
2 7597806.000000 15.000000
0 7598257.000000 15.000000
2 7598744.000000 15.000000
2 7599209.000000 15.000000
1 7599788.000000 15.000000
5 7600234.000000 56.000000
5 7600736.000000 41.000000
6 7601224.000000 10.000000
5 7602571.000000 44.000000
2 7603087.000000 15.000000
2 7603638.000000 15.000000
4 7604075.000000 15.000000
4 7604622.000000 15.000000
5 7605220.000000 60.000000
2 7605831.000000 15.000000
3 7606392.000000 15.000000
4 7606891.000000 15.000000
2 7607523.000000 15.000000
6 7608044.000000 10.000000
4 7609297.000000 15.000000
0 7609907.000000 15.000000
4 7610360.000000 15.000000
4 7610913.000000 15.000000
3 7611460.000000 15.000000
3 7611983.000000 15.000000
3 7612613.000000 15.000000
2 7613203.000000 15.000000
3 7613810.000000 15.000000
0 7614307.000000 15.000000
6 7614814.000000 10.000000
4 7616205.000000 15.000000
3 7616733.000000 15.000000
4 7617358.000000 15.000000
1 7618004.000000 15.000000
4 7618444.000000 15.000000
2 7619025.000000 15.000000
2 7619467.000000 15.000000
2 7620021.000000 15.000000
3 7620576.000000 15.000000
4 7621189.000000 15.000000
6 7621700.000000 10.000000
3 7623049.000000 15.000000
1 7623553.000000 15.000000
2 7624121.000000 15.000000
1 7624678.000000 15.000000
1 7625143.000000 15.000000
0 7625686.000000 15.000000
5 7626237.000000 37.000000
0 7626827.000000 15.000000
2 7627326.000000 15.000000
0 7627927.000000 15.000000
6 7628428.000000 10.000000
0 7629664.000000 15.000000
3 7630151.000000 15.000000
0 7630779.000000 15.000000
2 7631373.000000 15.000000
1 7631815.000000 15.000000
0 7632269.000000 15.000000
1 7632701.000000 15.000000
5 7633281.000000 63.000000
5 7633726.000000 38.000000
1 7634195.000000 15.000000
6 7634692.000000 10.000000
1 7636012.000000 15.000000
5 7636584.000000 58.000000
2 7637158.000000 15.000000
1 7637764.000000 15.000000
3 7638284.000000 15.000000
3 7638751.000000 15.000000
5 7639318.000000 35.000000
4 7639928.000000 15.000000
5 7640581.000000 33.000000
5 7641039.000000 29.000000
6 7641521.000000 10.000000
3 7642866.000000 15.000000
4 7643430.000000 15.000000
1 7643943.000000 15.000000
4 7644490.000000 15.000000
4 7645030.000000 15.000000
5 7645614.000000 73.000000
5 7646255.000000 81.000000
3 7646770.000000 15.000000
1 7647402.000000 15.000000
1 7647863.000000 15.000000
6 7648337.000000 10.000000
5 7649620.000000 34.000000
3 7650220.000000 15.000000
5 7650709.000000 20.000000
3 7651254.000000 15.000000
4 7651852.000000 15.000000
5 7652329.000000 70.000000
2 7652832.000000 15.000000
4 7653332.000000 15.000000
4 7653813.000000 15.000000
5 7654291.000000 39.000000
6 7654916.000000 10.000000
5 7656286.000000 67.000000
0 7656741.000000 15.000000
0 7657348.000000 15.000000
0 7657973.000000 15.000000
3 7658589.000000 15.000000
1 7659054.000000 15.000000
2 7659530.000000 15.000000
1 7660143.000000 15.000000
2 7660666.000000 15.000000
1 7661239.000000 15.000000
6 7661785.000000 10.000000
0 7663083.000000 15.000000
3 7663608.000000 15.000000
5 7664192.000000 39.000000
3 7664786.000000 15.000000
2 7665293.000000 15.000000
4 7665763.000000 15.000000
1 7666327.000000 15.000000
0 7666890.000000 15.000000
2 7667395.000000 15.000000
3 7667851.000000 15.000000
6 7668363.000000 10.000000
3 7669673.000000 15.000000
5 7670281.000000 52.000000
1 7670841.000000 15.000000
2 7671411.000000 15.000000
5 7672000.000000 66.000000
5 7672461.000000 72.000000
5 7672924.000000 40.000000
4 7673387.000000 15.000000
0 7674035.000000 15.000000
0 7674570.000000 15.000000
6 7675161.000000 10.000000
5 7676452.000000 52.000000
2 7677020.000000 15.000000
4 7677538.000000 15.000000
2 7678011.000000 15.000000
4 7678451.000000 15.000000
5 7679046.000000 65.000000
1 7679665.000000 15.000000
1 7680287.000000 15.000000
4 7680750.000000 15.000000
3 7681251.000000 15.000000
6 7681886.000000 10.000000
1 7683260.000000 15.000000
2 7683780.000000 15.000000
0 7684290.000000 15.000000
2 7684784.000000 15.000000
4 7685222.000000 15.000000
4 7685751.000000 15.000000
4 7686232.000000 15.000000
2 7686707.000000 15.000000
4 7687254.000000 15.000000
5 7687905.000000 66.000000
6 7688391.000000 10.000000
5 7689608.000000 42.000000
5 7690191.000000 37.000000
3 7690794.000000 15.000000
5 7691288.000000 27.000000
3 7691814.000000 15.000000
1 7692278.000000 15.000000
5 7692750.000000 77.000000
5 7693328.000000 81.000000
3 7693885.000000 15.000000
2 7694349.000000 15.000000
6 7694900.000000 10.000000
4 7696300.000000 15.000000
4 7696968.000000 15.000000
1 7697636.000000 15.000000
1 7698152.000000 15.000000
4 7698734.000000 15.000000
3 7699361.000000 15.000000
1 7699859.000000 15.000000
3 7700457.000000 15.000000
3 7701022.000000 15.000000
1 7701571.000000 15.000000
6 7702157.000000 10.000000
1 7703483.000000 15.000000
0 7704013.000000 15.000000
3 7704612.000000 15.000000
3 7705245.000000 15.000000
3 7705789.000000 15.000000
4 7706306.000000 15.000000
2 7706887.000000 15.000000
3 7707309.000000 15.000000
0 7707933.000000 15.000000
2 7708504.000000 15.000000
6 7709082.000000 10.000000
1 7710312.000000 15.000000
1 7710902.000000 15.000000
3 7711420.000000 15.000000
3 7712037.000000 15.000000
3 7712577.000000 15.000000
5 7713121.000000 39.000000
3 7713619.000000 15.000000
4 7714236.000000 15.000000
5 7714737.000000 63.000000
1 7715222.000000 15.000000
6 7715752.000000 10.000000
3 7717142.000000 15.000000
1 7717781.000000 15.000000
3 7718400.000000 15.000000
4 7718996.000000 15.000000
4 7719608.000000 15.000000
4 7720201.000000 15.000000
1 7720835.000000 15.000000
4 7721349.000000 15.000000
1 7721907.000000 15.000000
2 7722357.000000 15.000000
6 7722915.000000 10.000000
3 7724275.000000 15.000000
5 7724726.000000 70.000000
3 7725296.000000 15.000000
1 7725757.000000 15.000000
4 7726374.000000 15.000000
4 7726990.000000 15.000000
4 7727589.000000 15.000000
2 7728260.000000 15.000000
4 7728816.000000 15.000000
0 7729317.000000 15.000000
6 7729890.000000 10.000000
0 7731177.000000 15.000000
4 7731629.000000 15.000000
3 7732296.000000 15.000000
1 7732757.000000 15.000000
0 7733203.000000 15.000000
3 7733650.000000 15.000000
1 7734187.000000 15.000000
0 7734752.000000 15.000000
0 7735369.000000 15.000000
0 7735841.000000 15.000000
6 7736346.000000 10.000000
1 7737569.000000 15.000000
5 7738088.000000 26.000000
5 7738686.000000 48.000000
3 7739298.000000 15.000000
2 7739914.000000 15.000000
4 7740431.000000 15.000000
2 7741003.000000 15.000000
1 7741469.000000 15.000000
4 7742021.000000 15.000000
1 7742524.000000 15.000000
6 7743108.000000 10.000000
4 7744432.000000 15.000000
3 7745014.000000 15.000000
4 7745591.000000 15.000000
1 7746226.000000 15.000000
0 7746662.000000 15.000000
3 7747213.000000 15.000000
1 7747744.000000 15.000000
0 7748169.000000 15.000000
1 7748606.000000 15.000000
4 7749058.000000 15.000000
6 7749559.000000 10.000000
4 7750854.000000 15.000000
2 7751489.000000 15.000000
1 7752052.000000 15.000000
1 7752547.000000 15.000000
3 7753098.000000 15.000000
5 7753642.000000 32.000000
3 7754245.000000 15.000000
0 7754694.000000 15.000000
1 7755317.000000 15.000000
2 7755750.000000 15.000000
6 7756198.000000 10.000000
1 7757496.000000 15.000000
0 7758048.000000 15.000000
5 7758514.000000 58.000000
4 7759083.000000 15.000000
0 7759749.000000 15.000000
2 7760257.000000 15.000000
3 7760795.000000 15.000000
2 7761248.000000 15.000000
4 7761742.000000 15.000000
3 7762405.000000 15.000000
6 7762890.000000 10.000000
4 7764188.000000 15.000000
5 7764675.000000 42.000000
2 7765203.000000 15.000000
0 7765656.000000 15.000000
5 7766251.000000 70.000000
3 7766791.000000 15.000000
4 7767261.000000 15.000000
4 7767886.000000 15.000000
1 7768494.000000 15.000000
3 7768954.000000 15.000000
6 7769558.000000 10.000000
2 7770922.000000 15.000000
1 7771441.000000 15.000000
3 7771919.000000 15.000000
3 7772474.000000 15.000000
0 7772923.000000 15.000000
3 7773502.000000 15.000000
4 7774014.000000 15.000000
2 7774535.000000 15.000000
5 7775136.000000 44.000000
2 7775662.000000 15.000000
6 7776161.000000 10.000000
2 7777528.000000 15.000000
3 7778002.000000 15.000000
5 7778635.000000 38.000000
0 7779099.000000 15.000000
4 7779659.000000 15.000000
5 7780180.000000 69.000000
2 7780814.000000 15.000000
1 7781427.000000 15.000000
4 7781896.000000 15.000000
0 7782385.000000 15.000000
6 7783007.000000 10.000000
4 7784402.000000 15.000000
5 7784972.000000 57.000000
0 7785427.000000 15.000000
3 7785874.000000 15.000000
5 7786447.000000 74.000000
5 7786992.000000 52.000000
4 7787476.000000 15.000000
3 7788108.000000 15.000000
5 7788589.000000 54.000000
1 7789135.000000 15.000000
6 7789606.000000 10.000000
2 7791003.000000 15.000000
2 7791460.000000 15.000000
5 7791990.000000 75.000000
1 7792537.000000 15.000000
4 7793075.000000 15.000000
3 7793719.000000 15.000000
3 7794295.000000 15.000000
5 7794891.000000 20.000000
0 7795385.000000 15.000000
4 7795888.000000 15.000000
6 7796534.000000 10.000000
1 7797841.000000 15.000000
0 7798324.000000 15.000000
4 7798892.000000 15.000000
4 7799454.000000 15.000000
1 7800110.000000 15.000000
2 7800701.000000 15.000000
3 7801199.000000 15.000000
3 7801738.000000 15.000000
3 7802247.000000 15.000000
4 7802852.000000 15.000000
6 7803522.000000 10.000000
1 7804889.000000 15.000000
4 7805314.000000 15.000000
5 7805804.000000 20.000000
1 7806391.000000 15.000000
3 7806891.000000 15.000000
2 7807431.000000 15.000000
2 7807946.000000 15.000000
1 7808515.000000 15.000000
3 7809050.000000 15.000000
1 7809555.000000 15.000000
6 7810064.000000 10.000000
3 7811403.000000 15.000000
2 7811948.000000 15.000000
5 7812521.000000 73.000000
0 7813025.000000 15.000000
1 7813610.000000 15.000000
0 7814135.000000 15.000000
0 7814622.000000 15.000000
2 7815136.000000 15.000000
2 7815692.000000 15.000000
5 7816164.000000 80.000000
6 7816649.000000 10.000000
0 7817868.000000 15.000000
2 7818479.000000 15.000000
1 7819082.000000 15.000000
0 7819625.000000 15.000000
1 7820193.000000 15.000000
2 7820750.000000 15.000000
0 7821305.000000 15.000000
5 7821743.000000 52.000000
2 7822300.000000 15.000000
4 7822886.000000 15.000000
6 7823554.000000 10.000000
2 7824834.000000 15.000000
0 7825396.000000 15.000000
2 7825946.000000 15.000000
2 7826498.000000 15.000000
2 7826986.000000 15.000000
2 7827523.000000 15.000000
3 7827964.000000 15.000000
3 7828578.000000 15.000000
0 7829196.000000 15.000000
2 7829630.000000 15.000000
6 7830233.000000 10.000000
4 7831456.000000 15.000000
2 7832071.000000 15.000000
5 7832672.000000 29.000000
3 7833260.000000 15.000000
4 7833727.000000 15.000000
3 7834258.000000 15.000000
4 7834714.000000 15.000000
0 7835303.000000 15.000000
1 7835906.000000 15.000000
5 7836413.000000 83.000000
6 7836911.000000 10.000000
3 7838234.000000 15.000000
0 7838799.000000 15.000000
3 7839312.000000 15.000000
3 7839811.000000 15.000000
3 7840320.000000 15.000000
1 7840884.000000 15.000000
1 7841466.000000 15.000000
4 7841974.000000 15.000000
5 7842598.000000 59.000000
3 7843081.000000 15.000000
6 7843651.000000 10.000000
1 7844890.000000 15.000000
3 7845488.000000 15.000000
5 7846114.000000 40.000000
4 7846745.000000 15.000000
0 7847319.000000 15.000000
4 7847882.000000 15.000000
0 7848359.000000 15.000000
3 7848858.000000 15.000000
0 7849438.000000 15.000000
2 7849965.000000 15.000000
6 7850522.000000 10.000000
0 7851854.000000 15.000000
3 7852318.000000 15.000000
5 7852789.000000 36.000000
4 7853352.000000 15.000000
0 7854001.000000 15.000000
1 7854563.000000 15.000000
3 7855109.000000 15.000000
4 7855729.000000 15.000000
5 7856346.000000 67.000000
3 7856878.000000 15.000000
6 7857391.000000 10.000000
5 7858710.000000 30.000000
4 7859348.000000 15.000000
2 7859938.000000 15.000000
1 7860392.000000 15.000000
1 7860822.000000 15.000000
0 7861304.000000 15.000000
1 7861889.000000 15.000000
3 7862423.000000 15.000000
3 7863043.000000 15.000000
2 7863619.000000 15.000000
6 7864193.000000 10.000000
1 7865473.000000 15.000000
4 7866090.000000 15.000000
0 7866693.000000 15.000000
2 7867193.000000 15.000000
3 7867624.000000 15.000000
2 7868111.000000 15.000000
3 7868627.000000 15.000000
3 7869194.000000 15.000000
3 7869803.000000 15.000000
4 7870346.000000 15.000000
6 7870905.000000 10.000000
5 7872289.000000 44.000000
4 7872902.000000 15.000000
1 7873532.000000 15.000000
3 7873984.000000 15.000000
4 7874478.000000 15.000000
2 7875074.000000 15.000000
0 7875640.000000 15.000000
5 7876194.000000 68.000000
4 7876682.000000 15.000000
5 7877198.000000 36.000000
6 7877817.000000 10.000000
3 7879075.000000 15.000000
3 7879605.000000 15.000000
3 7880175.000000 15.000000
1 7880743.000000 15.000000
5 7881360.000000 44.000000
2 7881910.000000 15.000000
5 7882502.000000 83.000000
4 7882972.000000 15.000000
4 7883519.000000 15.000000
5 7884185.000000 35.000000
6 7884745.000000 10.000000
2 7886031.000000 15.000000
4 7886581.000000 15.000000
2 7887139.000000 15.000000
0 7887610.000000 15.000000
1 7888162.000000 15.000000
4 7888666.000000 15.000000
5 7889300.000000 33.000000
4 7889878.000000 15.000000
5 7890493.000000 71.000000
0 7891079.000000 15.000000
6 7891704.000000 10.000000
2 7892997.000000 15.000000
5 7893519.000000 74.000000
4 7893961.000000 15.000000
0 7894526.000000 15.000000
5 7895073.000000 40.000000
2 7895664.000000 15.000000
3 7896192.000000 15.000000
3 7896797.000000 15.000000
1 7897335.000000 15.000000
1 7897797.000000 15.000000
6 7898236.000000 10.000000
2 7899628.000000 15.000000
4 7900110.000000 15.000000
5 7900734.000000 70.000000
2 7901269.000000 15.000000
0 7901717.000000 15.000000
3 7902289.000000 15.000000
1 7902797.000000 15.000000
5 7903399.000000 40.000000
3 7904008.000000 15.000000
5 7904469.000000 36.000000
6 7904966.000000 10.000000
2 7906238.000000 15.000000
4 7906766.000000 15.000000
4 7907425.000000 15.000000
4 7907968.000000 15.000000
0 7908637.000000 15.000000
3 7909245.000000 15.000000
3 7909893.000000 15.000000
2 7910383.000000 15.000000
1 7910948.000000 15.000000
4 7911498.000000 15.000000
6 7912145.000000 10.000000
5 7913385.000000 32.000000
1 7913910.000000 15.000000
5 7914436.000000 60.000000
3 7914891.000000 15.000000
0 7915495.000000 15.000000
1 7916107.000000 15.000000
0 7916585.000000 15.000000
2 7917192.000000 15.000000
4 7917658.000000 15.000000
2 7918133.000000 15.000000
6 7918585.000000 10.000000
4 7919854.000000 15.000000
1 7920475.000000 15.000000
5 7920950.000000 62.000000
0 7921513.000000 15.000000
1 7921988.000000 15.000000
3 7922567.000000 15.000000
4 7923140.000000 15.000000
1 7923769.000000 15.000000
5 7924242.000000 41.000000
5 7924816.000000 46.000000
6 7925318.000000 10.000000
2 7926614.000000 15.000000
1 7927206.000000 15.000000
3 7927643.000000 15.000000
3 7928214.000000 15.000000
4 7928704.000000 15.000000
5 7929201.000000 81.000000
1 7929643.000000 15.000000
0 7930120.000000 15.000000
3 7930633.000000 15.000000
0 7931104.000000 15.000000
6 7931672.000000 10.000000
3 7933030.000000 15.000000
4 7933566.000000 15.000000
3 7934049.000000 15.000000
2 7934692.000000 15.000000
4 7935238.000000 15.000000
4 7935729.000000 15.000000
2 7936367.000000 15.000000
0 7936904.000000 15.000000
5 7937520.000000 63.000000
2 7937991.000000 15.000000
6 7938515.000000 10.000000
0 7939880.000000 15.000000
0 7940471.000000 15.000000
5 7941082.000000 51.000000
5 7941625.000000 46.000000
1 7942260.000000 15.000000
2 7942804.000000 15.000000
2 7943326.000000 15.000000
1 7943773.000000 15.000000
1 7944300.000000 15.000000
2 7944857.000000 15.000000
6 7945441.000000 10.000000
1 7946685.000000 15.000000
1 7947167.000000 15.000000
2 7947671.000000 15.000000
1 7948176.000000 15.000000
2 7948790.000000 15.000000
2 7949378.000000 15.000000
3 7949794.000000 15.000000
1 7950406.000000 15.000000
2 7951008.000000 15.000000
1 7951572.000000 15.000000
6 7952125.000000 10.000000
1 7953480.000000 15.000000
2 7954056.000000 15.000000
1 7954533.000000 15.000000
4 7955072.000000 15.000000
0 7955740.000000 15.000000
0 7956255.000000 15.000000
4 7956741.000000 15.000000
5 7957283.000000 77.000000
2 7957764.000000 15.000000
0 7958350.000000 15.000000
6 7958951.000000 10.000000
3 7960266.000000 15.000000
4 7960859.000000 15.000000
2 7961461.000000 15.000000
5 7962000.000000 24.000000
2 7962483.000000 15.000000
0 7963021.000000 15.000000
1 7963591.000000 15.000000
4 7964191.000000 15.000000
4 7964831.000000 15.000000
3 7965489.000000 15.000000
6 7966024.000000 10.000000
3 7967370.000000 15.000000
3 7967870.000000 15.000000
5 7968340.000000 74.000000
3 7968978.000000 15.000000
4 7969464.000000 15.000000
5 7969994.000000 70.000000
4 7970462.000000 15.000000
3 7971080.000000 15.000000
0 7971610.000000 15.000000
0 7972216.000000 15.000000
6 7972715.000000 10.000000
2 7974025.000000 15.000000
0 7974472.000000 15.000000
0 7974915.000000 15.000000
2 7975480.000000 15.000000
1 7975938.000000 15.000000
4 7976491.000000 15.000000
0 7977135.000000 15.000000
1 7977702.000000 15.000000
4 7978237.000000 15.000000
0 7978797.000000 15.000000
6 7979248.000000 10.000000
0 7980561.000000 15.000000
4 7981023.000000 15.000000
5 7981604.000000 50.000000
0 7982151.000000 15.000000
2 7982748.000000 15.000000
4 7983345.000000 15.000000
1 7984010.000000 15.000000
2 7984573.000000 15.000000
3 7985123.000000 15.000000
2 7985753.000000 15.000000
6 7986311.000000 10.000000
5 7987611.000000 54.000000
0 7988168.000000 15.000000
0 7988617.000000 15.000000
1 7989120.000000 15.000000
4 7989588.000000 15.000000
0 7990149.000000 15.000000
4 7990740.000000 15.000000
3 7991381.000000 15.000000
0 7992013.000000 15.000000
3 7992553.000000 15.000000
6 7993162.000000 10.000000
5 7994441.000000 75.000000
1 7995053.000000 15.000000
2 7995507.000000 15.000000
0 7995963.000000 15.000000
2 7996453.000000 15.000000
5 7997011.000000 56.000000
0 7997558.000000 15.000000
0 7998041.000000 15.000000
5 7998528.000000 44.000000
2 7999147.000000 15.000000
6 7999635.000000 10.000000
3 8000904.000000 15.000000
0 8001490.000000 15.000000
3 8002018.000000 15.000000
0 8002580.000000 15.000000
1 8003150.000000 15.000000
4 8003713.000000 15.000000
3 8004227.000000 15.000000
0 8004828.000000 15.000000
1 8005298.000000 15.000000
3 8005906.000000 15.000000
6 8006446.000000 10.000000
5 8007816.000000 80.000000
5 8008261.000000 61.000000
0 8008876.000000 15.000000
0 8009448.000000 15.000000
3 8010005.000000 15.000000
5 8010648.000000 76.000000
2 8011195.000000 15.000000
5 8011785.000000 63.000000
5 8012350.000000 67.000000
3 8012891.000000 15.000000
6 8013530.000000 10.000000
2 8014891.000000 15.000000
0 8015421.000000 15.000000
2 8016052.000000 15.000000
2 8016534.000000 15.000000
2 8017008.000000 15.000000
1 8017583.000000 15.000000
3 8018089.000000 15.000000
0 8018578.000000 15.000000
0 8019119.000000 15.000000
3 8019635.000000 15.000000
6 8020167.000000 10.000000
0 8021554.000000 15.000000
4 8022004.000000 15.000000
1 8022601.000000 15.000000
0 8023166.000000 15.000000
4 8023740.000000 15.000000
2 8024386.000000 15.000000
4 8024997.000000 15.000000
4 8025512.000000 15.000000
2 8026138.000000 15.000000
2 8026578.000000 15.000000
6 8027085.000000 10.000000
4 8028449.000000 15.000000
1 8029019.000000 15.000000
4 8029448.000000 15.000000
1 8030076.000000 15.000000
3 8030504.000000 15.000000
1 8031050.000000 15.000000
1 8031586.000000 15.000000
5 8032064.000000 36.000000
4 8032606.000000 15.000000
5 8033232.000000 67.000000
6 8033780.000000 10.000000
2 8035184.000000 15.000000
5 8035674.000000 56.000000
4 8036146.000000 15.000000
5 8036748.000000 42.000000
0 8037264.000000 15.000000
3 8037745.000000 15.000000
4 8038343.000000 15.000000
5 8038855.000000 41.000000
1 8039391.000000 15.000000
1 8039935.000000 15.000000
6 8040487.000000 10.000000
5 8041781.000000 45.000000
4 8042379.000000 15.000000
2 8043027.000000 15.000000
5 8043518.000000 33.000000
1 8044004.000000 15.000000
0 8044568.000000 15.000000
1 8045151.000000 15.000000
5 8045607.000000 61.000000
0 8046075.000000 15.000000
1 8046626.000000 15.000000
6 8047113.000000 10.000000
2 8048421.000000 15.000000
2 8048904.000000 15.000000
1 8049416.000000 15.000000
0 8049924.000000 15.000000
1 8050437.000000 15.000000
4 8051015.000000 15.000000
3 8051627.000000 15.000000
0 8052239.000000 15.000000
3 8052810.000000 15.000000
1 8053433.000000 15.000000
6 8054036.000000 10.000000
4 8055285.000000 15.000000
0 8055918.000000 15.000000
0 8056423.000000 15.000000
3 8056883.000000 15.000000
1 8057365.000000 15.000000
5 8057878.000000 48.000000
1 8058476.000000 15.000000
0 8058991.000000 15.000000
4 8059493.000000 15.000000
1 8060059.000000 15.000000
6 8060486.000000 10.000000
4 8061882.000000 15.000000
1 8062386.000000 15.000000
4 8062880.000000 15.000000
2 8063397.000000 15.000000
4 8063831.000000 15.000000
2 8064455.000000 15.000000
1 8064983.000000 15.000000
5 8065603.000000 58.000000
3 8066068.000000 15.000000
3 8066590.000000 15.000000
6 8067223.000000 10.000000
3 8068483.000000 15.000000
3 8069105.000000 15.000000
2 8069688.000000 15.000000
4 8070174.000000 15.000000
2 8070784.000000 15.000000
5 8071336.000000 47.000000
3 8071915.000000 15.000000
1 8072391.000000 15.000000
4 8072872.000000 15.000000
5 8073407.000000 74.000000
6 8074043.000000 10.000000
2 8075435.000000 15.000000
2 8075916.000000 15.000000
3 8076416.000000 15.000000
3 8076919.000000 15.000000
5 8077520.000000 83.000000
5 8078032.000000 31.000000
5 8078625.000000 65.000000
2 8079242.000000 15.000000
1 8079757.000000 15.000000
2 8080368.000000 15.000000
6 8080914.000000 10.000000
0 8082246.000000 15.000000
2 8082794.000000 15.000000
3 8083354.000000 15.000000
4 8083854.000000 15.000000
5 8084499.000000 23.000000
5 8085077.000000 32.000000
0 8085686.000000 15.000000
4 8086240.000000 15.000000
0 8086841.000000 15.000000
1 8087375.000000 15.000000
6 8087917.000000 10.000000
4 8089211.000000 15.000000
4 8089881.000000 15.000000
5 8090471.000000 38.000000
1 8090933.000000 15.000000
5 8091503.000000 61.000000
5 8092068.000000 49.000000
0 8092620.000000 15.000000
3 8093123.000000 15.000000
2 8093752.000000 15.000000
5 8094207.000000 67.000000
6 8094676.000000 10.000000
4 8095969.000000 15.000000
1 8096572.000000 15.000000
4 8097160.000000 15.000000
0 8097767.000000 15.000000
3 8098322.000000 15.000000
4 8098826.000000 15.000000
1 8099388.000000 15.000000
0 8099992.000000 15.000000
3 8100541.000000 15.000000
5 8101096.000000 28.000000
6 8101562.000000 10.000000
1 8102789.000000 15.000000
0 8103265.000000 15.000000
2 8103793.000000 15.000000
2 8104221.000000 15.000000
4 8104678.000000 15.000000
3 8105176.000000 15.000000
4 8105713.000000 15.000000
0 8106244.000000 15.000000
3 8106733.000000 15.000000
3 8107276.000000 15.000000
6 8107856.000000 10.000000
3 8109231.000000 15.000000
3 8109770.000000 15.000000
3 8110301.000000 15.000000
1 8110787.000000 15.000000
4 8111234.000000 15.000000
5 8111900.000000 75.000000
4 8112421.000000 15.000000
5 8113061.000000 68.000000
2 8113561.000000 15.000000
5 8114140.000000 68.000000
6 8114690.000000 10.000000
5 8116067.000000 82.000000
2 8116535.000000 15.000000
4 8117055.000000 15.000000
5 8117678.000000 76.000000
2 8118146.000000 15.000000
2 8118562.000000 15.000000
1 8118988.000000 15.000000
5 8119501.000000 45.000000
4 8120020.000000 15.000000
5 8120554.000000 34.000000
6 8121092.000000 10.000000
4 8122427.000000 15.000000
5 8122943.000000 83.000000
0 8123504.000000 15.000000
4 8124007.000000 15.000000
0 8124482.000000 15.000000
4 8125024.000000 15.000000
5 8125597.000000 27.000000
2 8126153.000000 15.000000
5 8126626.000000 73.000000
5 8127128.000000 59.000000
6 8127700.000000 10.000000
1 8128929.000000 15.000000
2 8129531.000000 15.000000
0 8130017.000000 15.000000
5 8130531.000000 73.000000
2 8130993.000000 15.000000
5 8131415.000000 59.000000
1 8132003.000000 15.000000
0 8132480.000000 15.000000
5 8133033.000000 44.000000
5 8133498.000000 25.000000
6 8134123.000000 10.000000
2 8135445.000000 15.000000
3 8135861.000000 15.000000
2 8136336.000000 15.000000
2 8136918.000000 15.000000
5 8137498.000000 67.000000
0 8138052.000000 15.000000
5 8138578.000000 56.000000
5 8139084.000000 34.000000
1 8139638.000000 15.000000
0 8140197.000000 15.000000
6 8140663.000000 10.000000
5 8141941.000000 82.000000
4 8142493.000000 15.000000
3 8143065.000000 15.000000
2 8143556.000000 15.000000
3 8144165.000000 15.000000
0 8144748.000000 15.000000
2 8145372.000000 15.000000
4 8145927.000000 15.000000
4 8146490.000000 15.000000
5 8146984.000000 46.000000
6 8147572.000000 10.000000
4 8148839.000000 15.000000
0 8149419.000000 15.000000
4 8149881.000000 15.000000
2 8150443.000000 15.000000
0 8151010.000000 15.000000
4 8151504.000000 15.000000
2 8152081.000000 15.000000
3 8152663.000000 15.000000
4 8153168.000000 15.000000
4 8153746.000000 15.000000
6 8154381.000000 10.000000
0 8155634.000000 15.000000
2 8156257.000000 15.000000
3 8156779.000000 15.000000
4 8157270.000000 15.000000
2 8157794.000000 15.000000
4 8158367.000000 15.000000
3 8158859.000000 15.000000
5 8159334.000000 58.000000
4 8159925.000000 15.000000
0 8160580.000000 15.000000
6 8161049.000000 10.000000
5 8162383.000000 56.000000
3 8162866.000000 15.000000
5 8163383.000000 72.000000
0 8163874.000000 15.000000
5 8164466.000000 43.000000
0 8165102.000000 15.000000
2 8165560.000000 15.000000
1 8166115.000000 15.000000
4 8166641.000000 15.000000
4 8167212.000000 15.000000
6 8167863.000000 10.000000
4 8169082.000000 15.000000
0 8169752.000000 15.000000
4 8170196.000000 15.000000
4 8170714.000000 15.000000
0 8171249.000000 15.000000
4 8171853.000000 15.000000
1 8172335.000000 15.000000
3 8172903.000000 15.000000
5 8173362.000000 29.000000
0 8173986.000000 15.000000
6 8174541.000000 10.000000
1 8175757.000000 15.000000
4 8176347.000000 15.000000
2 8176994.000000 15.000000
0 8177465.000000 15.000000
5 8177933.000000 23.000000
2 8178455.000000 15.000000
1 8179036.000000 15.000000
2 8179617.000000 15.000000
1 8180167.000000 15.000000
2 8180608.000000 15.000000
6 8181126.000000 10.000000
4 8182490.000000 15.000000
2 8183046.000000 15.000000
2 8183466.000000 15.000000
5 8183917.000000 83.000000
5 8184534.000000 69.000000
4 8184984.000000 15.000000
4 8185569.000000 15.000000
3 8186194.000000 15.000000
0 8186732.000000 15.000000
2 8187340.000000 15.000000
6 8187827.000000 10.000000
5 8189113.000000 48.000000
1 8189665.000000 15.000000
4 8190201.000000 15.000000
4 8190731.000000 15.000000
0 8191327.000000 15.000000
4 8191876.000000 15.000000
4 8192358.000000 15.000000
0 8192937.000000 15.000000
1 8193467.000000 15.000000
1 8193944.000000 15.000000
6 8194531.000000 10.000000
4 8195854.000000 15.000000
1 8196368.000000 15.000000
4 8196835.000000 15.000000
5 8197348.000000 35.000000
2 8197978.000000 15.000000
0 8198573.000000 15.000000
0 8199028.000000 15.000000
5 8199462.000000 58.000000
4 8199936.000000 15.000000
1 8200467.000000 15.000000
6 8201088.000000 10.000000
5 8202490.000000 45.000000
5 8203064.000000 27.000000
3 8203523.000000 15.000000
0 8204008.000000 15.000000
5 8204481.000000 44.000000
4 8205010.000000 15.000000
5 8205596.000000 50.000000
5 8206200.000000 63.000000
2 8206710.000000 15.000000
3 8207189.000000 15.000000
6 8207657.000000 10.000000
5 8208905.000000 44.000000
4 8209436.000000 15.000000
4 8210091.000000 15.000000
0 8210715.000000 15.000000
2 8211239.000000 15.000000
2 8211706.000000 15.000000
2 8212278.000000 15.000000
4 8212819.000000 15.000000
3 8213388.000000 15.000000
5 8213865.000000 57.000000
6 8214307.000000 10.000000
3 8215614.000000 15.000000
2 8216213.000000 15.000000
5 8216796.000000 83.000000
4 8217338.000000 15.000000
1 8217942.000000 15.000000
4 8218433.000000 15.000000
4 8219064.000000 15.000000
0 8219619.000000 15.000000
1 8220202.000000 15.000000
5 8220802.000000 37.000000
6 8221389.000000 10.000000
5 8222655.000000 49.000000
0 8223126.000000 15.000000
2 8223585.000000 15.000000
0 8224006.000000 15.000000
3 8224602.000000 15.000000
0 8225083.000000 15.000000
5 8225546.000000 52.000000
1 8226057.000000 15.000000
1 8226525.000000 15.000000
2 8226989.000000 15.000000
6 8227573.000000 10.000000
3 8228842.000000 15.000000
0 8229489.000000 15.000000
2 8229946.000000 15.000000
1 8230430.000000 15.000000
3 8230882.000000 15.000000
5 8231368.000000 61.000000
1 8231946.000000 15.000000
1 8232493.000000 15.000000
1 8233033.000000 15.000000
3 8233524.000000 15.000000
6 8234081.000000 10.000000
5 8235397.000000 56.000000
0 8235876.000000 15.000000
1 8236498.000000 15.000000
4 8237095.000000 15.000000
3 8237723.000000 15.000000
5 8238199.000000 58.000000
2 8238711.000000 15.000000
4 8239170.000000 15.000000
0 8239758.000000 15.000000
3 8240358.000000 15.000000
6 8240919.000000 10.000000
4 8242310.000000 15.000000
1 8242892.000000 15.000000
3 8243397.000000 15.000000
3 8243889.000000 15.000000
4 8244354.000000 15.000000
2 8245012.000000 15.000000
2 8245528.000000 15.000000
0 8246100.000000 15.000000
3 8246624.000000 15.000000
2 8247202.000000 15.000000
6 8247762.000000 10.000000
1 8249068.000000 15.000000
4 8249518.000000 15.000000
2 8250035.000000 15.000000
5 8250480.000000 49.000000
5 8251019.000000 32.000000
4 8251638.000000 15.000000
3 8252210.000000 15.000000
2 8252751.000000 15.000000
3 8253357.000000 15.000000
5 8253993.000000 51.000000
6 8254548.000000 10.000000
3 8255915.000000 15.000000
1 8256487.000000 15.000000
4 8257032.000000 15.000000
2 8257623.000000 15.000000
4 8258115.000000 15.000000
4 8258650.000000 15.000000
5 8259277.000000 61.000000
4 8259844.000000 15.000000
5 8260322.000000 31.000000
5 8260898.000000 81.000000
6 8261397.000000 10.000000
5 8262736.000000 46.000000
5 8263269.000000 84.000000
5 8263852.000000 77.000000
0 8264333.000000 15.000000
2 8264888.000000 15.000000
4 8265345.000000 15.000000
2 8266001.000000 15.000000
2 8266615.000000 15.000000
4 8267124.000000 15.000000
1 8267777.000000 15.000000
6 8268359.000000 10.000000
4 8269732.000000 15.000000
3 8270283.000000 15.000000
4 8270880.000000 15.000000
3 8271469.000000 15.000000
0 8272074.000000 15.000000
2 8272608.000000 15.000000
1 8273176.000000 15.000000
4 8273631.000000 15.000000
1 8274111.000000 15.000000
5 8274655.000000 47.000000
6 8275218.000000 10.000000
2 8276460.000000 15.000000
0 8277073.000000 15.000000
4 8277635.000000 15.000000
2 8278163.000000 15.000000
1 8278664.000000 15.000000
2 8279134.000000 15.000000
5 8279687.000000 60.000000
2 8280267.000000 15.000000
2 8280717.000000 15.000000
4 8281326.000000 15.000000
6 8281801.000000 10.000000
2 8283177.000000 15.000000
2 8283620.000000 15.000000
0 8284068.000000 15.000000
4 8284520.000000 15.000000
2 8285070.000000 15.000000
4 8285649.000000 15.000000
5 8286276.000000 64.000000
2 8286723.000000 15.000000
4 8287321.000000 15.000000
0 8287843.000000 15.000000
6 8288428.000000 10.000000
2 8289772.000000 15.000000
1 8290249.000000 15.000000
1 8290686.000000 15.000000
3 8291164.000000 15.000000
5 8291742.000000 50.000000
0 8292192.000000 15.000000
2 8292732.000000 15.000000
0 8293235.000000 15.000000
3 8293683.000000 15.000000
2 8294263.000000 15.000000
6 8294704.000000 10.000000
1 8296043.000000 15.000000
1 8296660.000000 15.000000
1 8297084.000000 15.000000
0 8297618.000000 15.000000
3 8298153.000000 15.000000
1 8298638.000000 15.000000
5 8299206.000000 73.000000
2 8299774.000000 15.000000
2 8300349.000000 15.000000
5 8300847.000000 33.000000
6 8301316.000000 10.000000
4 8302585.000000 15.000000
3 8303200.000000 15.000000
2 8303788.000000 15.000000
1 8304287.000000 15.000000
0 8304836.000000 15.000000
1 8305305.000000 15.000000
4 8305744.000000 15.000000
0 8306400.000000 15.000000
0 8306937.000000 15.000000
3 8307371.000000 15.000000
6 8307863.000000 10.000000
0 8309223.000000 15.000000
0 8309679.000000 15.000000
0 8310275.000000 15.000000
5 8310851.000000 39.000000
2 8311352.000000 15.000000
1 8311873.000000 15.000000
4 8312361.000000 15.000000
0 8312897.000000 15.000000
2 8313350.000000 15.000000
0 8313911.000000 15.000000
6 8314486.000000 10.000000
3 8315814.000000 15.000000
1 8316297.000000 15.000000
0 8316745.000000 15.000000
5 8317249.000000 76.000000
2 8317876.000000 15.000000
0 8318407.000000 15.000000
3 8318903.000000 15.000000
0 8319486.000000 15.000000
0 8320022.000000 15.000000
5 8320534.000000 20.000000
6 8321081.000000 10.000000
5 8322398.000000 33.000000
2 8322860.000000 15.000000
1 8323331.000000 15.000000
4 8323775.000000 15.000000
2 8324379.000000 15.000000
1 8324824.000000 15.000000
4 8325275.000000 15.000000
0 8325855.000000 15.000000
0 8326410.000000 15.000000
3 8327030.000000 15.000000
6 8327625.000000 10.000000
5 8328973.000000 57.000000
4 8329450.000000 15.000000
1 8330014.000000 15.000000
5 8330468.000000 55.000000
1 8331001.000000 15.000000
5 8331442.000000 72.000000
2 8332003.000000 15.000000
1 8332481.000000 15.000000
5 8332959.000000 37.000000
5 8333481.000000 35.000000
6 8334081.000000 10.000000
4 8335433.000000 15.000000
3 8335920.000000 15.000000
0 8336381.000000 15.000000
5 8336878.000000 41.000000
0 8337466.000000 15.000000
2 8337967.000000 15.000000
1 8338513.000000 15.000000
5 8339129.000000 55.000000
3 8339723.000000 15.000000
3 8340311.000000 15.000000
6 8340839.000000 10.000000
1 8342155.000000 15.000000
2 8342628.000000 15.000000
4 8343191.000000 15.000000
4 8343798.000000 15.000000
3 8344287.000000 15.000000
2 8344856.000000 15.000000
0 8345280.000000 15.000000
0 8345765.000000 15.000000
5 8346346.000000 74.000000
5 8346867.000000 82.000000
6 8347422.000000 10.000000
1 8348788.000000 15.000000
5 8349233.000000 54.000000
3 8349790.000000 15.000000
5 8350424.000000 26.000000
5 8350950.000000 36.000000
1 8351495.000000 15.000000
5 8352115.000000 78.000000
3 8352718.000000 15.000000
4 8353222.000000 15.000000
5 8353697.000000 48.000000
6 8354301.000000 10.000000
1 8355662.000000 15.000000
2 8356281.000000 15.000000
0 8356796.000000 15.000000
4 8357302.000000 15.000000
3 8357784.000000 15.000000
3 8358392.000000 15.000000
0 8359040.000000 15.000000
2 8359538.000000 15.000000
0 8359960.000000 15.000000
4 8360442.000000 15.000000
6 8361044.000000 10.000000
1 8362302.000000 15.000000
1 8362796.000000 15.000000
2 8363308.000000 15.000000
2 8363879.000000 15.000000
2 8364478.000000 15.000000
3 8365022.000000 15.000000
2 8365622.000000 15.000000
2 8366150.000000 15.000000
0 8366661.000000 15.000000
5 8367185.000000 39.000000
6 8367790.000000 10.000000
2 8369098.000000 15.000000
1 8369621.000000 15.000000
5 8370081.000000 20.000000
3 8370528.000000 15.000000
0 8371144.000000 15.000000
5 8371714.000000 40.000000
4 8372171.000000 15.000000
2 8372767.000000 15.000000
2 8373333.000000 15.000000
0 8373784.000000 15.000000
6 8374305.000000 10.000000
4 8375685.000000 15.000000
5 8376159.000000 33.000000
3 8376781.000000 15.000000
0 8377239.000000 15.000000
0 8377780.000000 15.000000
1 8378409.000000 15.000000
5 8379011.000000 68.000000
2 8379639.000000 15.000000
1 8380216.000000 15.000000
5 8380761.000000 47.000000
6 8381227.000000 10.000000
2 8382588.000000 15.000000
5 8383139.000000 28.000000
1 8383716.000000 15.000000
1 8384306.000000 15.000000
4 8384846.000000 15.000000
4 8385343.000000 15.000000
1 8386004.000000 15.000000
4 8386614.000000 15.000000
0 8387165.000000 15.000000
0 8387676.000000 15.000000
6 8388272.000000 10.000000
2 8389599.000000 15.000000
2 8390208.000000 15.000000
0 8390670.000000 15.000000
0 8391189.000000 15.000000
0 8391745.000000 15.000000
4 8392314.000000 15.000000
5 8392881.000000 56.000000
0 8393458.000000 15.000000
3 8394042.000000 15.000000
4 8394544.000000 15.000000
6 8395045.000000 10.000000
5 8396255.000000 51.000000
0 8396732.000000 15.000000
0 8397241.000000 15.000000
5 8397821.000000 45.000000
5 8398457.000000 74.000000
0 8398919.000000 15.000000
4 8399541.000000 15.000000
5 8400098.000000 21.000000
3 8400620.000000 15.000000
0 8401157.000000 15.000000
6 8401756.000000 10.000000
0 8403125.000000 15.000000
5 8403737.000000 78.000000
2 8404228.000000 15.000000
1 8404656.000000 15.000000
0 8405278.000000 15.000000
2 8405746.000000 15.000000
5 8406280.000000 66.000000
3 8406767.000000 15.000000
5 8407275.000000 37.000000
2 8407824.000000 15.000000
6 8408412.000000 10.000000
3 8409631.000000 15.000000
3 8410138.000000 15.000000
0 8410613.000000 15.000000
2 8411211.000000 15.000000
2 8411823.000000 15.000000
2 8412337.000000 15.000000
1 8412927.000000 15.000000
4 8413524.000000 15.000000
0 8414045.000000 15.000000
2 8414639.000000 15.000000
6 8415191.000000 10.000000
5 8416473.000000 39.000000
1 8417024.000000 15.000000
3 8417622.000000 15.000000
4 8418083.000000 15.000000
2 8418589.000000 15.000000
3 8419126.000000 15.000000
0 8419652.000000 15.000000
0 8420221.000000 15.000000
0 8420815.000000 15.000000
0 8421296.000000 15.000000
6 8421802.000000 10.000000
5 8423202.000000 78.000000
0 8423710.000000 15.000000
0 8424296.000000 15.000000
3 8424809.000000 15.000000
2 8425412.000000 15.000000
1 8425954.000000 15.000000
1 8426489.000000 15.000000
1 8427081.000000 15.000000
4 8427547.000000 15.000000
1 8428052.000000 15.000000
6 8428657.000000 10.000000
5 8429894.000000 83.000000
3 8430522.000000 15.000000
1 8430976.000000 15.000000
4 8431555.000000 15.000000
2 8432038.000000 15.000000
0 8432619.000000 15.000000
5 8433154.000000 28.000000
5 8433720.000000 77.000000
3 8434257.000000 15.000000
5 8434782.000000 52.000000
6 8435253.000000 10.000000
3 8436618.000000 15.000000
0 8437092.000000 15.000000
4 8437608.000000 15.000000
2 8438107.000000 15.000000
1 8438657.000000 15.000000
3 8439133.000000 15.000000
0 8439636.000000 15.000000
3 8440234.000000 15.000000
1 8440845.000000 15.000000
2 8441356.000000 15.000000
6 8441815.000000 10.000000
0 8443184.000000 15.000000
3 8443792.000000 15.000000
4 8444261.000000 15.000000
2 8444750.000000 15.000000
1 8445327.000000 15.000000
1 8445822.000000 15.000000
5 8446273.000000 40.000000
2 8446799.000000 15.000000
1 8447239.000000 15.000000
1 8447772.000000 15.000000
6 8448237.000000 10.000000
1 8449495.000000 15.000000
3 8450049.000000 15.000000
2 8450513.000000 15.000000
5 8450997.000000 26.000000
0 8451448.000000 15.000000
1 8451989.000000 15.000000
4 8452424.000000 15.000000
2 8453027.000000 15.000000
2 8453614.000000 15.000000
5 8454084.000000 57.000000
6 8454713.000000 10.000000
4 8456032.000000 15.000000
2 8456649.000000 15.000000
2 8457124.000000 15.000000
3 8457640.000000 15.000000
1 8458232.000000 15.000000
5 8458793.000000 43.000000
3 8459380.000000 15.000000
3 8460026.000000 15.000000
1 8460516.000000 15.000000
2 8461066.000000 15.000000
6 8461603.000000 10.000000
1 8462948.000000 15.000000
3 8463482.000000 15.000000
2 8464106.000000 15.000000
0 8464678.000000 15.000000
0 8465168.000000 15.000000
4 8465618.000000 15.000000
1 8466146.000000 15.000000
3 8466757.000000 15.000000
0 8467364.000000 15.000000
4 8467874.000000 15.000000
6 8468520.000000 10.000000
0 8469737.000000 15.000000
5 8470232.000000 59.000000
0 8470859.000000 15.000000
5 8471301.000000 71.000000
3 8471920.000000 15.000000
3 8472536.000000 15.000000
4 8473010.000000 15.000000
2 8473664.000000 15.000000
0 8474149.000000 15.000000
5 8474709.000000 25.000000
6 8475184.000000 10.000000
5 8476507.000000 84.000000
3 8477045.000000 15.000000
5 8477581.000000 55.000000
3 8478069.000000 15.000000
0 8478680.000000 15.000000
2 8479210.000000 15.000000
1 8479724.000000 15.000000
5 8480242.000000 57.000000
0 8480809.000000 15.000000
2 8481388.000000 15.000000
6 8481921.000000 10.000000
1 8483325.000000 15.000000
2 8483914.000000 15.000000
4 8484341.000000 15.000000
3 8484841.000000 15.000000
3 8485382.000000 15.000000
0 8485995.000000 15.000000
1 8486432.000000 15.000000
4 8487007.000000 15.000000
2 8487651.000000 15.000000
5 8488179.000000 29.000000
6 8488787.000000 10.000000
0 8490181.000000 15.000000
2 8490615.000000 15.000000
1 8491088.000000 15.000000
5 8491684.000000 53.000000
1 8492314.000000 15.000000
1 8492748.000000 15.000000
0 8493267.000000 15.000000
3 8493762.000000 15.000000
5 8494315.000000 27.000000
3 8494878.000000 15.000000
6 8495390.000000 10.000000
0 8496646.000000 15.000000
0 8497201.000000 15.000000
1 8497739.000000 15.000000
3 8498196.000000 15.000000
0 8498815.000000 15.000000
5 8499433.000000 78.000000
4 8499966.000000 15.000000
2 8500608.000000 15.000000
3 8501123.000000 15.000000
2 8501629.000000 15.000000
6 8502062.000000 10.000000
0 8503307.000000 15.000000
4 8503894.000000 15.000000
1 8504535.000000 15.000000
0 8505079.000000 15.000000
3 8505691.000000 15.000000
3 8506208.000000 15.000000
2 8506752.000000 15.000000
1 8507185.000000 15.000000
4 8507776.000000 15.000000
0 8508310.000000 15.000000
6 8508889.000000 10.000000
5 8510291.000000 70.000000
3 8510864.000000 15.000000
0 8511399.000000 15.000000
3 8511860.000000 15.000000
1 8512465.000000 15.000000
1 8513029.000000 15.000000
1 8513466.000000 15.000000
3 8513941.000000 15.000000
4 8514454.000000 15.000000
5 8515017.000000 38.000000
6 8515494.000000 10.000000
1 8516808.000000 15.000000
4 8517375.000000 15.000000
4 8517856.000000 15.000000
5 8518499.000000 60.000000
2 8519136.000000 15.000000
4 8519617.000000 15.000000
4 8520158.000000 15.000000
5 8520783.000000 45.000000
3 8521226.000000 15.000000
2 8521761.000000 15.000000
6 8522352.000000 10.000000
0 8523624.000000 15.000000
2 8524252.000000 15.000000
2 8524843.000000 15.000000
3 8525287.000000 15.000000
3 8525797.000000 15.000000
4 8526286.000000 15.000000
5 8526855.000000 48.000000
0 8527317.000000 15.000000
0 8527838.000000 15.000000
4 8528448.000000 15.000000
6 8529015.000000 10.000000
3 8530260.000000 15.000000
0 8530798.000000 15.000000
0 8531419.000000 15.000000
0 8531965.000000 15.000000
2 8532583.000000 15.000000
0 8533044.000000 15.000000
0 8533517.000000 15.000000
5 8534116.000000 70.000000
5 8534572.000000 80.000000
3 8535039.000000 15.000000
6 8535656.000000 10.000000
5 8537028.000000 55.000000
1 8537552.000000 15.000000
1 8538047.000000 15.000000
2 8538575.000000 15.000000
1 8539152.000000 15.000000
0 8539609.000000 15.000000
0 8540198.000000 15.000000
1 8540738.000000 15.000000
5 8541280.000000 24.000000
1 8541723.000000 15.000000
6 8542165.000000 10.000000
2 8543391.000000 15.000000
2 8543916.000000 15.000000
4 8544347.000000 15.000000
5 8545013.000000 26.000000
4 8545635.000000 15.000000
0 8546253.000000 15.000000
5 8546737.000000 46.000000
3 8547270.000000 15.000000
1 8547794.000000 15.000000
0 8548362.000000 15.000000
6 8548978.000000 10.000000
2 8550378.000000 15.000000
4 8550981.000000 15.000000
3 8551619.000000 15.000000
4 8552089.000000 15.000000
2 8552643.000000 15.000000
1 8553062.000000 15.000000
2 8553516.000000 15.000000
4 8553958.000000 15.000000
0 8554601.000000 15.000000
3 8555050.000000 15.000000
6 8555687.000000 10.000000
5 8557034.000000 84.000000
2 8557668.000000 15.000000
2 8558256.000000 15.000000
4 8558864.000000 15.000000
0 8559528.000000 15.000000
4 8560068.000000 15.000000
4 8560590.000000 15.000000
3 8561093.000000 15.000000
4 8561660.000000 15.000000
3 8562316.000000 15.000000
6 8562838.000000 10.000000
0 8564194.000000 15.000000
4 8564698.000000 15.000000
2 8565332.000000 15.000000
1 8565832.000000 15.000000
1 8566294.000000 15.000000
3 8566766.000000 15.000000
5 8567333.000000 67.000000
4 8567783.000000 15.000000
4 8568324.000000 15.000000
4 8568982.000000 15.000000
6 8569486.000000 10.000000
2 8570755.000000 15.000000
3 8571209.000000 15.000000
0 8571845.000000 15.000000
4 8572323.000000 15.000000
3 8572805.000000 15.000000
4 8573438.000000 15.000000
2 8574060.000000 15.000000
2 8574645.000000 15.000000
5 8575215.000000 32.000000
3 8575793.000000 15.000000
6 8576440.000000 10.000000
1 8577746.000000 15.000000
4 8578357.000000 15.000000
4 8578990.000000 15.000000
2 8579555.000000 15.000000
1 8580039.000000 15.000000
3 8580516.000000 15.000000
5 8581028.000000 20.000000
0 8581521.000000 15.000000
4 8582064.000000 15.000000
3 8582730.000000 15.000000
6 8583357.000000 10.000000
1 8584596.000000 15.000000
4 8585164.000000 15.000000
3 8585666.000000 15.000000
2 8586205.000000 15.000000
1 8586764.000000 15.000000
4 8587196.000000 15.000000
2 8587796.000000 15.000000
3 8588215.000000 15.000000
0 8588681.000000 15.000000
3 8589191.000000 15.000000
6 8589656.000000 10.000000
3 8591045.000000 15.000000
4 8591596.000000 15.000000
0 8592101.000000 15.000000
1 8592632.000000 15.000000
4 8593151.000000 15.000000
1 8593636.000000 15.000000
3 8594105.000000 15.000000
2 8594631.000000 15.000000
5 8595081.000000 63.000000
1 8595635.000000 15.000000
6 8596178.000000 10.000000
3 8597419.000000 15.000000
4 8597915.000000 15.000000
2 8598465.000000 15.000000
1 8598979.000000 15.000000
1 8599451.000000 15.000000
5 8599991.000000 24.000000
5 8600612.000000 61.000000
1 8601105.000000 15.000000
5 8601560.000000 26.000000
1 8602113.000000 15.000000
6 8602662.000000 10.000000
4 8603983.000000 15.000000
4 8604535.000000 15.000000
5 8605071.000000 80.000000
0 8605693.000000 15.000000
4 8606132.000000 15.000000
0 8606715.000000 15.000000
2 8607259.000000 15.000000
5 8607719.000000 27.000000
1 8608318.000000 15.000000
4 8608921.000000 15.000000
6 8609471.000000 10.000000
1 8610816.000000 15.000000
1 8611255.000000 15.000000
2 8611803.000000 15.000000
2 8612355.000000 15.000000
2 8612770.000000 15.000000
0 8613342.000000 15.000000
0 8613786.000000 15.000000
0 8614401.000000 15.000000
4 8614854.000000 15.000000
3 8615371.000000 15.000000
6 8615878.000000 10.000000
4 8617197.000000 15.000000
3 8617815.000000 15.000000
5 8618266.000000 24.000000
5 8618720.000000 56.000000
1 8619312.000000 15.000000
5 8619791.000000 31.000000
4 8620387.000000 15.000000
5 8620979.000000 25.000000
2 8621450.000000 15.000000
5 8622033.000000 34.000000
6 8622520.000000 10.000000
2 8623884.000000 15.000000
2 8624379.000000 15.000000
4 8624974.000000 15.000000
4 8625592.000000 15.000000
1 8626152.000000 15.000000
3 8626738.000000 15.000000
4 8627207.000000 15.000000
2 8627824.000000 15.000000
4 8628354.000000 15.000000
2 8628952.000000 15.000000
6 8629465.000000 10.000000
3 8630784.000000 15.000000
5 8631305.000000 37.000000
4 8631773.000000 15.000000
2 8632347.000000 15.000000
5 8632912.000000 67.000000
4 8633416.000000 15.000000
4 8634011.000000 15.000000
0 8634614.000000 15.000000
5 8635221.000000 39.000000
3 8635813.000000 15.000000
6 8636428.000000 10.000000
2 8637817.000000 15.000000
3 8638317.000000 15.000000
2 8638776.000000 15.000000
2 8639369.000000 15.000000
2 8639876.000000 15.000000
0 8640399.000000 15.000000
5 8640859.000000 71.000000
4 8641419.000000 15.000000
4 8641982.000000 15.000000
3 8642525.000000 15.000000
6 8643004.000000 10.000000
0 8644272.000000 15.000000
1 8644858.000000 15.000000
4 8645289.000000 15.000000
4 8645786.000000 15.000000
2 8646383.000000 15.000000
3 8646909.000000 15.000000
2 8647419.000000 15.000000
1 8647951.000000 15.000000
4 8648466.000000 15.000000
5 8649114.000000 76.000000
6 8649655.000000 10.000000
3 8650868.000000 15.000000
1 8651378.000000 15.000000
5 8651893.000000 46.000000
5 8652427.000000 58.000000
2 8653046.000000 15.000000
2 8653657.000000 15.000000
3 8654240.000000 15.000000
2 8654759.000000 15.000000
2 8655303.000000 15.000000
5 8655732.000000 35.000000
6 8656284.000000 10.000000
2 8657506.000000 15.000000
1 8657986.000000 15.000000
3 8658481.000000 15.000000
2 8658944.000000 15.000000
2 8659520.000000 15.000000
2 8660113.000000 15.000000
2 8660620.000000 15.000000
5 8661196.000000 60.000000
1 8661684.000000 15.000000
0 8662126.000000 15.000000
6 8662636.000000 10.000000
3 8663901.000000 15.000000
5 8664395.000000 60.000000
5 8664987.000000 28.000000
0 8665461.000000 15.000000
0 8665916.000000 15.000000
5 8666508.000000 64.000000
1 8667016.000000 15.000000
0 8667631.000000 15.000000
0 8668206.000000 15.000000
3 8668727.000000 15.000000
6 8669345.000000 10.000000
4 8670719.000000 15.000000
4 8671358.000000 15.000000
1 8671944.000000 15.000000
4 8672399.000000 15.000000
5 8672966.000000 75.000000
2 8673445.000000 15.000000
1 8673980.000000 15.000000
5 8674513.000000 50.000000
3 8675153.000000 15.000000
5 8675692.000000 70.000000
6 8676318.000000 10.000000
4 8677653.000000 15.000000
5 8678147.000000 75.000000
2 8678651.000000 15.000000
0 8679256.000000 15.000000
3 8679782.000000 15.000000
0 8680416.000000 15.000000
5 8680941.000000 45.000000
2 8681523.000000 15.000000
4 8682099.000000 15.000000
3 8682592.000000 15.000000
6 8683226.000000 10.000000
5 8684621.000000 77.000000
0 8685231.000000 15.000000
0 8685773.000000 15.000000
2 8686372.000000 15.000000
1 8686917.000000 15.000000
1 8687480.000000 15.000000
1 8688056.000000 15.000000
5 8688489.000000 53.000000
2 8688976.000000 15.000000
0 8689530.000000 15.000000
6 8690117.000000 10.000000
2 8691392.000000 15.000000
0 8691816.000000 15.000000
0 8692286.000000 15.000000
1 8692816.000000 15.000000
3 8693324.000000 15.000000
2 8693893.000000 15.000000
3 8694331.000000 15.000000
4 8694800.000000 15.000000
4 8695404.000000 15.000000
2 8695887.000000 15.000000
6 8696354.000000 10.000000
0 8697656.000000 15.000000
3 8698088.000000 15.000000
4 8698671.000000 15.000000
2 8699339.000000 15.000000
3 8699856.000000 15.000000
5 8700341.000000 64.000000
4 8700828.000000 15.000000
5 8701385.000000 70.000000
5 8701867.000000 84.000000
4 8702460.000000 15.000000
6 8703090.000000 10.000000
1 8704418.000000 15.000000
0 8704866.000000 15.000000
5 8705372.000000 31.000000
5 8705824.000000 39.000000
2 8706336.000000 15.000000
5 8706906.000000 20.000000
0 8707488.000000 15.000000
3 8707958.000000 15.000000
3 8708443.000000 15.000000
0 8708981.000000 15.000000
6 8709473.000000 10.000000
4 8710751.000000 15.000000
3 8711390.000000 15.000000
1 8711951.000000 15.000000
2 8712564.000000 15.000000
1 8712983.000000 15.000000
1 8713571.000000 15.000000
1 8714156.000000 15.000000
2 8714746.000000 15.000000
5 8715174.000000 80.000000
3 8715733.000000 15.000000
6 8716329.000000 10.000000
4 8717715.000000 15.000000
5 8718353.000000 31.000000
0 8718886.000000 15.000000
4 8719491.000000 15.000000
3 8720074.000000 15.000000
0 8720628.000000 15.000000
4 8721207.000000 15.000000
3 8721771.000000 15.000000
0 8722381.000000 15.000000
0 8722817.000000 15.000000
6 8723364.000000 10.000000
5 8724658.000000 27.000000
2 8725165.000000 15.000000
2 8725599.000000 15.000000
1 8726194.000000 15.000000
5 8726721.000000 33.000000
5 8727164.000000 28.000000
3 8727609.000000 15.000000
1 8728249.000000 15.000000
5 8728690.000000 27.000000
1 8729196.000000 15.000000
6 8729795.000000 10.000000
0 8731139.000000 15.000000
4 8731689.000000 15.000000
1 8732205.000000 15.000000
5 8732758.000000 75.000000
3 8733315.000000 15.000000
0 8733917.000000 15.000000
2 8734359.000000 15.000000
0 8734909.000000 15.000000
5 8735498.000000 78.000000
4 8736013.000000 15.000000
6 8736571.000000 10.000000
3 8737945.000000 15.000000
1 8738428.000000 15.000000
2 8738869.000000 15.000000
3 8739416.000000 15.000000
2 8740004.000000 15.000000
3 8740494.000000 15.000000
0 8740979.000000 15.000000
3 8741460.000000 15.000000
0 8742016.000000 15.000000
1 8742470.000000 15.000000
6 8742987.000000 10.000000
3 8744371.000000 15.000000
4 8744850.000000 15.000000
4 8745367.000000 15.000000
4 8745966.000000 15.000000
0 8746470.000000 15.000000
4 8747043.000000 15.000000
1 8747606.000000 15.000000
5 8748084.000000 40.000000
0 8748532.000000 15.000000
5 8748975.000000 81.000000
6 8749438.000000 10.000000
1 8750764.000000 15.000000
5 8751356.000000 32.000000
4 8751997.000000 15.000000
5 8752619.000000 68.000000
5 8753118.000000 38.000000
5 8753645.000000 26.000000
4 8754201.000000 15.000000
5 8754706.000000 35.000000
1 8755215.000000 15.000000
4 8755671.000000 15.000000
6 8756161.000000 10.000000
4 8757539.000000 15.000000
3 8758167.000000 15.000000
1 8758739.000000 15.000000
4 8759284.000000 15.000000
1 8759792.000000 15.000000
1 8760256.000000 15.000000
4 8760837.000000 15.000000
5 8761414.000000 24.000000
1 8761875.000000 15.000000
4 8762383.000000 15.000000
6 8762954.000000 10.000000
2 8764277.000000 15.000000
0 8764858.000000 15.000000
4 8765380.000000 15.000000
0 8765961.000000 15.000000
4 8766409.000000 15.000000
4 8767011.000000 15.000000
5 8767670.000000 51.000000
5 8768187.000000 58.000000
2 8768691.000000 15.000000
5 8769213.000000 78.000000
6 8769746.000000 10.000000
4 8771003.000000 15.000000
4 8771664.000000 15.000000
4 8772291.000000 15.000000
3 8772853.000000 15.000000
0 8773390.000000 15.000000
0 8773846.000000 15.000000
1 8774405.000000 15.000000
4 8774887.000000 15.000000
3 8775370.000000 15.000000
5 8775947.000000 35.000000
6 8776566.000000 10.000000
2 8777867.000000 15.000000
5 8778452.000000 83.000000
5 8779012.000000 68.000000
2 8779517.000000 15.000000
3 8779937.000000 15.000000
1 8780452.000000 15.000000
2 8780886.000000 15.000000
5 8781317.000000 43.000000
0 8781789.000000 15.000000
5 8782399.000000 42.000000
6 8782897.000000 10.000000
4 8784299.000000 15.000000
4 8784819.000000 15.000000
5 8785359.000000 61.000000
3 8785990.000000 15.000000
2 8786452.000000 15.000000
0 8787017.000000 15.000000
2 8787595.000000 15.000000
1 8788090.000000 15.000000
3 8788538.000000 15.000000
2 8789039.000000 15.000000
6 8789600.000000 10.000000
0 8790884.000000 15.000000
1 8791375.000000 15.000000
0 8791921.000000 15.000000
4 8792416.000000 15.000000
0 8792975.000000 15.000000
1 8793591.000000 15.000000
1 8794111.000000 15.000000
5 8794641.000000 42.000000
4 8795094.000000 15.000000
0 8795748.000000 15.000000
6 8796283.000000 10.000000
4 8797576.000000 15.000000
2 8798069.000000 15.000000
1 8798502.000000 15.000000
0 8799114.000000 15.000000
0 8799721.000000 15.000000
3 8800280.000000 15.000000
0 8800865.000000 15.000000
3 8801472.000000 15.000000
1 8801967.000000 15.000000
2 8802481.000000 15.000000
6 8802917.000000 10.000000
1 8804261.000000 15.000000
4 8804878.000000 15.000000
3 8805385.000000 15.000000
4 8805879.000000 15.000000
2 8806441.000000 15.000000
3 8806859.000000 15.000000
5 8807404.000000 51.000000
3 8808026.000000 15.000000
0 8808490.000000 15.000000
0 8808933.000000 15.000000
6 8809474.000000 10.000000
2 8810737.000000 15.000000
5 8811291.000000 39.000000
5 8811770.000000 77.000000
5 8812216.000000 62.000000
4 8812777.000000 15.000000
2 8813376.000000 15.000000
5 8813953.000000 31.000000
0 8814461.000000 15.000000
5 8815080.000000 70.000000
5 8815657.000000 81.000000
6 8816215.000000 10.000000
2 8817598.000000 15.000000
0 8818043.000000 15.000000
3 8818523.000000 15.000000
4 8819070.000000 15.000000
1 8819648.000000 15.000000
5 8820188.000000 35.000000
3 8820700.000000 15.000000
5 8821157.000000 23.000000
5 8821654.000000 64.000000
1 8822285.000000 15.000000
6 8822716.000000 10.000000
1 8824082.000000 15.000000
2 8824595.000000 15.000000
4 8825207.000000 15.000000
2 8825690.000000 15.000000
3 8826152.000000 15.000000
0 8826745.000000 15.000000
2 8827285.000000 15.000000
2 8827811.000000 15.000000
3 8828266.000000 15.000000
0 8828784.000000 15.000000
6 8829251.000000 10.000000
4 8830590.000000 15.000000
3 8831248.000000 15.000000
1 8831884.000000 15.000000
1 8832307.000000 15.000000
5 8832886.000000 65.000000
3 8833445.000000 15.000000
0 8834028.000000 15.000000
2 8834539.000000 15.000000
5 8835080.000000 57.000000
2 8835714.000000 15.000000
6 8836130.000000 10.000000
1 8837450.000000 15.000000
3 8838004.000000 15.000000
5 8838530.000000 33.000000
5 8839099.000000 52.000000
3 8839715.000000 15.000000
5 8840221.000000 25.000000
4 8840771.000000 15.000000
4 8841290.000000 15.000000
3 8841819.000000 15.000000
0 8842342.000000 15.000000
6 8842973.000000 10.000000
0 8844290.000000 15.000000
3 8844777.000000 15.000000
4 8845235.000000 15.000000
4 8845860.000000 15.000000
0 8846402.000000 15.000000
2 8846921.000000 15.000000
4 8847408.000000 15.000000
4 8847994.000000 15.000000
1 8848509.000000 15.000000
2 8849118.000000 15.000000
6 8849640.000000 10.000000
1 8851047.000000 15.000000
2 8851525.000000 15.000000
5 8852137.000000 57.000000
3 8852688.000000 15.000000
4 8853166.000000 15.000000
3 8853651.000000 15.000000
1 8854171.000000 15.000000
5 8854650.000000 36.000000
2 8855188.000000 15.000000
5 8855645.000000 76.000000
6 8856090.000000 10.000000
1 8857476.000000 15.000000
2 8857915.000000 15.000000
1 8858346.000000 15.000000
1 8858893.000000 15.000000
0 8859360.000000 15.000000
0 8859826.000000 15.000000
3 8860281.000000 15.000000
1 8860836.000000 15.000000
5 8861398.000000 41.000000
0 8861983.000000 15.000000
6 8862507.000000 10.000000
4 8863879.000000 15.000000
5 8864453.000000 33.000000
0 8864962.000000 15.000000
1 8865593.000000 15.000000
5 8866169.000000 39.000000
0 8866672.000000 15.000000
3 8867212.000000 15.000000
4 8867796.000000 15.000000
4 8868343.000000 15.000000
2 8868972.000000 15.000000
6 8869525.000000 10.000000
0 8870843.000000 15.000000
3 8871330.000000 15.000000
4 8871970.000000 15.000000
3 8872457.000000 15.000000
4 8872929.000000 15.000000
3 8873437.000000 15.000000
2 8874061.000000 15.000000
1 8874622.000000 15.000000
5 8875160.000000 36.000000
3 8875745.000000 15.000000
6 8876247.000000 10.000000
3 8877619.000000 15.000000
0 8878115.000000 15.000000
5 8878598.000000 63.000000
4 8879230.000000 15.000000
1 8879847.000000 15.000000
2 8880285.000000 15.000000
1 8880861.000000 15.000000
5 8881393.000000 69.000000
0 8882011.000000 15.000000
1 8882507.000000 15.000000
6 8882932.000000 10.000000
1 8884277.000000 15.000000
2 8884837.000000 15.000000
4 8885287.000000 15.000000
0 8885886.000000 15.000000
0 8886365.000000 15.000000
1 8886847.000000 15.000000
2 8887371.000000 15.000000
5 8887798.000000 34.000000
4 8888261.000000 15.000000
1 8888843.000000 15.000000
6 8889407.000000 10.000000
2 8890779.000000 15.000000
4 8891364.000000 15.000000
4 8891955.000000 15.000000
0 8892464.000000 15.000000
4 8892965.000000 15.000000
1 8893530.000000 15.000000
1 8894041.000000 15.000000
4 8894657.000000 15.000000
1 8895276.000000 15.000000
5 8895879.000000 61.000000
6 8896413.000000 10.000000
4 8897807.000000 15.000000
4 8898328.000000 15.000000
5 8898834.000000 27.000000
2 8899419.000000 15.000000
4 8899885.000000 15.000000
3 8900520.000000 15.000000
4 8901016.000000 15.000000
2 8901620.000000 15.000000
3 8902088.000000 15.000000
5 8902724.000000 55.000000
6 8903228.000000 10.000000
2 8904571.000000 15.000000
5 8905122.000000 68.000000
4 8905707.000000 15.000000
3 8906292.000000 15.000000
5 8906763.000000 50.000000
1 8907278.000000 15.000000
1 8907849.000000 15.000000
5 8908333.000000 41.000000
4 8908885.000000 15.000000
4 8909536.000000 15.000000
6 8910068.000000 10.000000
2 8911411.000000 15.000000
5 8911872.000000 31.000000
0 8912377.000000 15.000000
5 8912929.000000 83.000000
2 8913450.000000 15.000000
3 8913953.000000 15.000000
0 8914412.000000 15.000000
4 8914865.000000 15.000000
0 8915357.000000 15.000000
0 8915940.000000 15.000000
6 8916374.000000 10.000000
4 8917619.000000 15.000000
1 8918204.000000 15.000000
4 8918748.000000 15.000000
2 8919258.000000 15.000000
0 8919735.000000 15.000000
1 8920352.000000 15.000000
3 8920959.000000 15.000000
0 8921518.000000 15.000000
0 8922134.000000 15.000000
5 8922735.000000 72.000000
6 8923285.000000 10.000000
1 8924629.000000 15.000000
2 8925098.000000 15.000000
1 8925641.000000 15.000000
1 8926189.000000 15.000000
5 8926805.000000 61.000000
4 8927427.000000 15.000000
1 8927944.000000 15.000000
4 8928559.000000 15.000000
5 8929205.000000 29.000000
1 8929655.000000 15.000000
6 8930235.000000 10.000000
2 8931570.000000 15.000000
1 8932036.000000 15.000000
2 8932496.000000 15.000000
1 8932968.000000 15.000000
4 8933481.000000 15.000000
2 8934019.000000 15.000000
2 8934508.000000 15.000000
4 8934931.000000 15.000000
5 8935478.000000 56.000000
4 8935925.000000 15.000000
6 8936532.000000 10.000000
1 8937756.000000 15.000000
2 8938324.000000 15.000000
4 8938910.000000 15.000000
3 8939573.000000 15.000000
0 8940097.000000 15.000000
4 8940593.000000 15.000000
1 8941073.000000 15.000000
4 8941616.000000 15.000000
5 8942277.000000 61.000000
1 8942738.000000 15.000000
6 8943165.000000 10.000000
3 8944551.000000 15.000000
3 8945031.000000 15.000000
0 8945568.000000 15.000000
4 8946148.000000 15.000000
4 8946624.000000 15.000000
0 8947252.000000 15.000000
1 8947835.000000 15.000000
5 8948263.000000 22.000000
2 8948747.000000 15.000000
3 8949241.000000 15.000000
6 8949732.000000 10.000000
0 8950999.000000 15.000000
4 8951545.000000 15.000000
3 8952038.000000 15.000000
0 8952575.000000 15.000000
2 8953109.000000 15.000000
3 8953675.000000 15.000000
0 8954235.000000 15.000000
0 8954795.000000 15.000000
4 8955242.000000 15.000000
0 8955879.000000 15.000000
6 8956432.000000 10.000000
1 8957653.000000 15.000000
1 8958122.000000 15.000000
1 8958588.000000 15.000000
3 8959087.000000 15.000000
4 8959568.000000 15.000000
1 8960167.000000 15.000000
5 8960710.000000 72.000000
3 8961299.000000 15.000000
0 8961800.000000 15.000000
0 8962255.000000 15.000000
6 8962706.000000 10.000000
1 8963929.000000 15.000000
1 8964423.000000 15.000000
0 8964866.000000 15.000000
3 8965473.000000 15.000000
1 8966029.000000 15.000000
1 8966536.000000 15.000000
1 8967143.000000 15.000000
1 8967574.000000 15.000000
2 8968058.000000 15.000000
3 8968628.000000 15.000000
6 8969248.000000 10.000000
2 8970637.000000 15.000000
0 8971242.000000 15.000000
0 8971747.000000 15.000000
0 8972268.000000 15.000000
4 8972796.000000 15.000000
0 8973457.000000 15.000000
0 8973944.000000 15.000000
5 8974538.000000 81.000000
5 8975030.000000 39.000000
5 8975510.000000 72.000000
6 8976069.000000 10.000000
4 8977324.000000 15.000000
4 8977804.000000 15.000000
1 8978435.000000 15.000000
0 8979036.000000 15.000000
3 8979481.000000 15.000000
5 8980097.000000 38.000000
0 8980693.000000 15.000000
0 8981181.000000 15.000000
0 8981792.000000 15.000000
2 8982398.000000 15.000000
6 8982868.000000 10.000000
0 8984257.000000 15.000000
3 8984737.000000 15.000000
1 8985328.000000 15.000000
0 8985907.000000 15.000000
3 8986425.000000 15.000000
5 8986989.000000 83.000000
2 8987442.000000 15.000000
0 8988053.000000 15.000000
3 8988496.000000 15.000000
2 8989058.000000 15.000000
6 8989618.000000 10.000000
0 8990898.000000 15.000000
5 8991415.000000 52.000000
5 8991938.000000 52.000000
1 8992564.000000 15.000000
0 8993026.000000 15.000000
2 8993586.000000 15.000000
5 8994048.000000 56.000000
0 8994575.000000 15.000000
2 8995047.000000 15.000000
1 8995584.000000 15.000000
6 8996118.000000 10.000000
0 8997490.000000 15.000000
4 8997958.000000 15.000000
0 8998575.000000 15.000000
4 8999177.000000 15.000000
5 8999792.000000 71.000000
4 9000257.000000 15.000000
4 9000748.000000 15.000000
4 9001271.000000 15.000000
5 9001801.000000 64.000000
4 9002301.000000 15.000000
6 9002882.000000 10.000000
5 9004108.000000 74.000000
5 9004621.000000 52.000000
4 9005133.000000 15.000000
3 9005762.000000 15.000000
2 9006331.000000 15.000000
3 9006887.000000 15.000000
3 9007434.000000 15.000000
1 9008015.000000 15.000000
5 9008467.000000 34.000000
4 9009073.000000 15.000000
6 9009575.000000 10.000000
0 9010892.000000 15.000000
2 9011406.000000 15.000000
4 9012017.000000 15.000000
1 9012506.000000 15.000000
5 9013017.000000 71.000000
3 9013633.000000 15.000000
0 9014277.000000 15.000000
5 9014778.000000 51.000000
1 9015375.000000 15.000000
3 9015958.000000 15.000000
6 9016431.000000 10.000000
1 9017757.000000 15.000000
2 9018302.000000 15.000000
1 9018770.000000 15.000000
3 9019362.000000 15.000000
1 9019865.000000 15.000000
4 9020420.000000 15.000000
1 9021025.000000 15.000000
1 9021545.000000 15.000000
5 9022055.000000 44.000000
0 9022537.000000 15.000000
6 9023059.000000 10.000000
2 9024356.000000 15.000000
2 9024952.000000 15.000000
2 9025371.000000 15.000000
5 9025924.000000 72.000000
4 9026553.000000 15.000000
0 9027034.000000 15.000000
3 9027568.000000 15.000000
3 9028130.000000 15.000000
2 9028763.000000 15.000000
2 9029353.000000 15.000000
6 9029790.000000 10.000000
1 9031099.000000 15.000000
0 9031529.000000 15.000000
1 9032103.000000 15.000000
1 9032537.000000 15.000000
1 9033116.000000 15.000000
3 9033641.000000 15.000000
3 9034141.000000 15.000000
5 9034787.000000 76.000000
5 9035421.000000 45.000000
2 9035972.000000 15.000000
6 9036546.000000 10.000000
4 9037770.000000 15.000000
1 9038405.000000 15.000000
1 9038917.000000 15.000000
3 9039372.000000 15.000000
1 9039978.000000 15.000000
3 9040454.000000 15.000000
0 9040922.000000 15.000000
2 9041432.000000 15.000000
3 9041913.000000 15.000000
1 9042532.000000 15.000000
6 9043052.000000 10.000000
2 9044413.000000 15.000000
1 9044878.000000 15.000000
4 9045437.000000 15.000000
3 9046009.000000 15.000000
3 9046559.000000 15.000000
3 9047166.000000 15.000000
5 9047724.000000 59.000000
1 9048290.000000 15.000000
1 9048797.000000 15.000000
5 9049261.000000 51.000000
6 9049758.000000 10.000000
2 9051102.000000 15.000000
1 9051613.000000 15.000000
1 9052161.000000 15.000000
0 9052626.000000 15.000000
2 9053211.000000 15.000000
0 9053681.000000 15.000000
2 9054182.000000 15.000000
3 9054651.000000 15.000000
1 9055201.000000 15.000000
1 9055679.000000 15.000000
6 9056146.000000 10.000000
3 9057453.000000 15.000000
4 9057925.000000 15.000000
1 9058462.000000 15.000000
0 9059067.000000 15.000000
5 9059661.000000 72.000000
0 9060141.000000 15.000000
4 9060637.000000 15.000000
5 9061167.000000 27.000000
2 9061721.000000 15.000000
4 9062287.000000 15.000000
6 9062834.000000 10.000000
4 9064219.000000 15.000000
3 9064814.000000 15.000000
1 9065341.000000 15.000000
1 9065860.000000 15.000000
3 9066311.000000 15.000000
4 9066902.000000 15.000000
3 9067519.000000 15.000000
3 9068075.000000 15.000000
1 9068580.000000 15.000000
2 9069132.000000 15.000000
6 9069646.000000 10.000000
2 9071051.000000 15.000000
2 9071658.000000 15.000000
1 9072137.000000 15.000000
5 9072708.000000 49.000000
2 9073193.000000 15.000000
1 9073764.000000 15.000000
2 9074333.000000 15.000000
1 9074787.000000 15.000000
5 9075363.000000 56.000000
0 9075929.000000 15.000000
6 9076526.000000 10.000000
4 9077818.000000 15.000000
0 9078410.000000 15.000000
3 9078916.000000 15.000000
3 9079391.000000 15.000000
1 9079978.000000 15.000000
5 9080501.000000 62.000000
5 9081072.000000 64.000000
4 9081584.000000 15.000000
3 9082228.000000 15.000000
1 9082834.000000 15.000000
6 9083310.000000 10.000000
4 9084667.000000 15.000000
0 9085217.000000 15.000000
1 9085718.000000 15.000000
0 9086271.000000 15.000000
1 9086769.000000 15.000000
5 9087285.000000 67.000000
3 9087905.000000 15.000000
5 9088461.000000 50.000000
2 9089075.000000 15.000000
3 9089494.000000 15.000000
6 9090081.000000 10.000000
1 9091381.000000 15.000000
3 9091926.000000 15.000000
4 9092553.000000 15.000000
0 9093178.000000 15.000000
0 9093631.000000 15.000000
2 9094064.000000 15.000000
4 9094500.000000 15.000000
2 9095045.000000 15.000000
4 9095536.000000 15.000000
0 9096083.000000 15.000000
6 9096683.000000 10.000000
2 9097986.000000 15.000000
2 9098453.000000 15.000000
2 9098983.000000 15.000000
0 9099484.000000 15.000000
3 9099962.000000 15.000000
2 9100453.000000 15.000000
4 9100889.000000 15.000000
1 9101552.000000 15.000000
1 9102093.000000 15.000000
2 9102641.000000 15.000000
6 9103104.000000 10.000000
5 9104428.000000 23.000000
4 9105016.000000 15.000000
2 9105643.000000 15.000000
1 9106227.000000 15.000000
5 9106806.000000 76.000000
4 9107425.000000 15.000000
2 9107988.000000 15.000000
1 9108485.000000 15.000000
4 9109005.000000 15.000000
5 9109617.000000 59.000000
6 9110167.000000 10.000000
5 9111483.000000 33.000000
1 9111998.000000 15.000000
4 9112584.000000 15.000000
0 9113223.000000 15.000000
5 9113841.000000 82.000000
2 9114423.000000 15.000000
1 9114871.000000 15.000000
0 9115401.000000 15.000000
0 9115872.000000 15.000000
4 9116487.000000 15.000000
6 9117026.000000 10.000000
3 9118393.000000 15.000000
4 9119032.000000 15.000000
4 9119561.000000 15.000000
3 9120136.000000 15.000000
5 9120741.000000 78.000000
5 9121196.000000 84.000000
0 9121830.000000 15.000000
0 9122421.000000 15.000000
1 9122862.000000 15.000000
4 9123469.000000 15.000000
6 9124104.000000 10.000000
5 9125510.000000 74.000000
0 9125986.000000 15.000000
2 9126462.000000 15.000000
0 9127059.000000 15.000000
2 9127642.000000 15.000000
5 9128213.000000 26.000000
0 9128719.000000 15.000000
4 9129163.000000 15.000000
0 9129687.000000 15.000000
5 9130204.000000 29.000000
6 9130722.000000 10.000000
2 9131945.000000 15.000000
2 9132454.000000 15.000000
0 9132993.000000 15.000000
5 9133541.000000 77.000000
2 9134169.000000 15.000000
4 9134772.000000 15.000000
5 9135430.000000 20.000000
0 9135966.000000 15.000000
5 9136501.000000 37.000000
5 9136970.000000 68.000000
6 9137466.000000 10.000000
4 9138852.000000 15.000000
3 9139479.000000 15.000000
5 9140006.000000 52.000000
0 9140526.000000 15.000000
2 9141085.000000 15.000000
4 9141525.000000 15.000000
4 9142130.000000 15.000000
5 9142757.000000 51.000000
0 9143247.000000 15.000000
2 9143790.000000 15.000000
6 9144289.000000 10.000000
1 9145686.000000 15.000000
1 9146160.000000 15.000000
1 9146607.000000 15.000000
4 9147039.000000 15.000000
3 9147666.000000 15.000000
3 9148160.000000 15.000000
2 9148724.000000 15.000000
1 9149319.000000 15.000000
2 9149793.000000 15.000000
3 9150225.000000 15.000000
6 9150846.000000 10.000000
5 9152189.000000 66.000000
5 9152701.000000 80.000000
1 9153156.000000 15.000000
0 9153728.000000 15.000000
2 9154224.000000 15.000000
5 9154823.000000 54.000000
0 9155374.000000 15.000000
3 9155965.000000 15.000000
2 9156513.000000 15.000000
3 9157034.000000 15.000000
6 9157650.000000 10.000000
5 9158929.000000 35.000000
0 9159494.000000 15.000000
1 9160112.000000 15.000000
0 9160557.000000 15.000000
2 9161183.000000 15.000000
2 9161693.000000 15.000000
5 9162237.000000 74.000000
5 9162722.000000 29.000000
5 9163362.000000 46.000000
0 9163853.000000 15.000000
6 9164403.000000 10.000000
3 9165804.000000 15.000000
1 9166427.000000 15.000000
5 9166976.000000 46.000000
2 9167428.000000 15.000000
5 9167906.000000 69.000000
3 9168360.000000 15.000000
0 9168949.000000 15.000000
4 9169566.000000 15.000000
0 9170205.000000 15.000000
1 9170748.000000 15.000000
6 9171353.000000 10.000000
2 9172709.000000 15.000000
1 9173300.000000 15.000000
2 9173756.000000 15.000000
1 9174269.000000 15.000000
5 9174753.000000 59.000000
2 9175254.000000 15.000000
4 9175821.000000 15.000000
3 9176298.000000 15.000000
0 9176747.000000 15.000000
3 9177376.000000 15.000000
6 9177959.000000 10.000000
5 9179327.000000 53.000000
1 9179822.000000 15.000000
3 9180287.000000 15.000000
5 9180887.000000 71.000000
2 9181482.000000 15.000000
5 9182006.000000 59.000000
3 9182478.000000 15.000000
0 9182950.000000 15.000000
2 9183391.000000 15.000000
0 9183831.000000 15.000000
6 9184459.000000 10.000000
4 9185859.000000 15.000000
2 9186462.000000 15.000000
2 9187022.000000 15.000000
0 9187449.000000 15.000000
1 9187892.000000 15.000000
4 9188332.000000 15.000000
4 9188854.000000 15.000000
2 9189505.000000 15.000000
5 9189925.000000 76.000000
2 9190428.000000 15.000000
6 9190855.000000 10.000000
5 9192128.000000 43.000000
3 9192617.000000 15.000000
4 9193197.000000 15.000000
5 9193807.000000 55.000000
2 9194336.000000 15.000000
0 9194812.000000 15.000000
5 9195345.000000 26.000000
3 9195876.000000 15.000000
5 9196425.000000 48.000000
0 9196900.000000 15.000000
6 9197472.000000 10.000000
0 9198687.000000 15.000000
0 9199255.000000 15.000000
2 9199706.000000 15.000000
1 9200261.000000 15.000000
5 9200687.000000 29.000000
2 9201136.000000 15.000000
3 9201662.000000 15.000000
4 9202293.000000 15.000000
0 9202867.000000 15.000000
0 9203422.000000 15.000000
6 9203925.000000 10.000000
1 9205311.000000 15.000000
0 9205752.000000 15.000000
0 9206230.000000 15.000000
3 9206861.000000 15.000000
2 9207343.000000 15.000000
1 9207801.000000 15.000000
4 9208335.000000 15.000000
2 9208992.000000 15.000000
4 9209582.000000 15.000000
3 9210131.000000 15.000000
6 9210695.000000 10.000000
5 9212093.000000 20.000000
5 9212732.000000 27.000000
2 9213367.000000 15.000000
3 9213925.000000 15.000000
0 9214430.000000 15.000000
2 9215044.000000 15.000000
4 9215486.000000 15.000000
1 9215961.000000 15.000000
4 9216532.000000 15.000000
5 9217173.000000 24.000000
6 9217789.000000 10.000000
3 9219063.000000 15.000000
1 9219697.000000 15.000000
5 9220179.000000 76.000000
3 9220661.000000 15.000000
0 9221303.000000 15.000000
3 9221792.000000 15.000000
2 9222309.000000 15.000000
5 9222778.000000 69.000000
0 9223228.000000 15.000000
3 9223846.000000 15.000000
6 9224349.000000 10.000000
0 9225600.000000 15.000000
0 9226061.000000 15.000000
3 9226512.000000 15.000000
4 9227094.000000 15.000000
2 9227685.000000 15.000000
5 9228178.000000 20.000000
1 9228792.000000 15.000000
2 9229405.000000 15.000000
1 9229954.000000 15.000000
4 9230572.000000 15.000000
6 9231196.000000 10.000000
0 9232496.000000 15.000000
3 9233055.000000 15.000000
4 9233522.000000 15.000000
2 9234142.000000 15.000000
5 9234669.000000 57.000000
2 9235175.000000 15.000000
5 9235656.000000 54.000000
4 9236099.000000 15.000000
2 9236641.000000 15.000000
0 9237216.000000 15.000000
6 9237697.000000 10.000000
0 9239026.000000 15.000000
1 9239652.000000 15.000000
5 9240093.000000 36.000000
2 9240597.000000 15.000000
3 9241171.000000 15.000000
5 9241738.000000 34.000000
4 9242304.000000 15.000000
1 9242962.000000 15.000000
4 9243394.000000 15.000000
0 9244016.000000 15.000000
6 9244630.000000 10.000000
3 9245876.000000 15.000000
0 9246516.000000 15.000000
2 9247027.000000 15.000000
3 9247563.000000 15.000000
3 9248033.000000 15.000000
1 9248506.000000 15.000000
1 9248971.000000 15.000000
1 9249491.000000 15.000000
0 9250009.000000 15.000000
4 9250490.000000 15.000000
6 9251111.000000 10.000000
4 9252439.000000 15.000000
5 9253104.000000 50.000000
0 9253646.000000 15.000000
3 9254202.000000 15.000000
5 9254766.000000 82.000000
1 9255332.000000 15.000000
2 9255812.000000 15.000000
3 9256423.000000 15.000000
3 9256979.000000 15.000000
2 9257452.000000 15.000000
6 9257936.000000 10.000000
0 9259227.000000 15.000000
2 9259845.000000 15.000000
5 9260310.000000 84.000000
1 9260766.000000 15.000000
1 9261284.000000 15.000000
0 9261734.000000 15.000000
0 9262243.000000 15.000000
5 9262724.000000 37.000000
2 9263354.000000 15.000000
2 9263836.000000 15.000000
6 9264323.000000 10.000000
4 9265577.000000 15.000000
0 9266160.000000 15.000000
2 9266649.000000 15.000000
4 9267086.000000 15.000000
2 9267706.000000 15.000000
1 9268126.000000 15.000000
1 9268553.000000 15.000000
4 9269167.000000 15.000000
4 9269837.000000 15.000000
2 9270370.000000 15.000000
6 9270966.000000 10.000000
5 9272177.000000 69.000000
5 9272640.000000 74.000000
0 9273093.000000 15.000000
5 9273692.000000 24.000000
1 9274175.000000 15.000000
1 9274702.000000 15.000000
2 9275270.000000 15.000000
1 9275755.000000 15.000000
5 9276272.000000 72.000000
0 9276724.000000 15.000000
6 9277350.000000 10.000000
2 9278724.000000 15.000000
2 9279301.000000 15.000000
2 9279865.000000 15.000000
4 9280326.000000 15.000000
2 9280806.000000 15.000000
5 9281341.000000 39.000000
3 9281806.000000 15.000000
1 9282368.000000 15.000000
0 9282828.000000 15.000000
0 9283307.000000 15.000000
6 9283742.000000 10.000000
3 9285052.000000 15.000000
1 9285692.000000 15.000000
3 9286127.000000 15.000000
2 9286738.000000 15.000000
1 9287326.000000 15.000000
5 9287810.000000 24.000000
1 9288266.000000 15.000000
5 9288731.000000 61.000000
1 9289284.000000 15.000000
3 9289815.000000 15.000000
6 9290281.000000 10.000000
1 9291658.000000 15.000000
3 9292201.000000 15.000000
2 9292704.000000 15.000000
3 9293125.000000 15.000000
4 9293605.000000 15.000000
4 9294097.000000 15.000000
1 9294596.000000 15.000000
5 9295079.000000 52.000000
5 9295654.000000 65.000000
3 9296136.000000 15.000000
6 9296686.000000 10.000000
1 9297957.000000 15.000000
2 9298568.000000 15.000000
3 9299148.000000 15.000000
0 9299692.000000 15.000000
4 9300167.000000 15.000000
1 9300818.000000 15.000000
1 9301303.000000 15.000000
5 9301801.000000 41.000000
5 9302365.000000 62.000000
4 9302932.000000 15.000000
6 9303417.000000 10.000000
1 9304637.000000 15.000000
4 9305144.000000 15.000000
4 9305767.000000 15.000000
0 9306374.000000 15.000000
1 9306864.000000 15.000000
1 9307385.000000 15.000000
3 9307984.000000 15.000000
1 9308507.000000 15.000000
0 9308969.000000 15.000000
4 9309441.000000 15.000000
6 9310095.000000 10.000000
5 9311415.000000 52.000000
3 9312020.000000 15.000000
4 9312538.000000 15.000000
2 9313050.000000 15.000000
4 9313618.000000 15.000000
5 9314151.000000 54.000000
3 9314652.000000 15.000000
0 9315167.000000 15.000000
5 9315743.000000 78.000000
3 9316296.000000 15.000000
6 9316894.000000 10.000000
1 9318233.000000 15.000000
1 9318685.000000 15.000000
3 9319215.000000 15.000000
4 9319719.000000 15.000000
1 9320285.000000 15.000000
0 9320801.000000 15.000000
5 9321337.000000 54.000000
3 9321896.000000 15.000000
2 9322412.000000 15.000000
5 9322927.000000 51.000000
6 9323455.000000 10.000000
0 9324817.000000 15.000000
0 9325351.000000 15.000000
0 9325976.000000 15.000000
4 9326599.000000 15.000000
3 9327133.000000 15.000000
5 9327701.000000 42.000000
5 9328247.000000 82.000000
1 9328821.000000 15.000000
2 9329361.000000 15.000000
3 9329898.000000 15.000000
6 9330423.000000 10.000000
4 9331751.000000 15.000000
2 9332240.000000 15.000000
0 9332741.000000 15.000000
3 9333337.000000 15.000000
0 9333863.000000 15.000000
1 9334480.000000 15.000000
3 9334928.000000 15.000000
4 9335440.000000 15.000000
4 9336018.000000 15.000000
5 9336518.000000 55.000000
6 9336986.000000 10.000000
4 9338208.000000 15.000000
4 9338705.000000 15.000000
1 9339188.000000 15.000000
4 9339802.000000 15.000000
5 9340443.000000 25.000000
4 9340987.000000 15.000000
1 9341574.000000 15.000000
0 9342045.000000 15.000000
5 9342633.000000 37.000000
2 9343233.000000 15.000000
6 9343830.000000 10.000000
1 9345154.000000 15.000000
3 9345649.000000 15.000000
5 9346186.000000 81.000000
3 9346680.000000 15.000000
0 9347286.000000 15.000000
0 9347811.000000 15.000000
1 9348426.000000 15.000000
3 9349044.000000 15.000000
3 9349578.000000 15.000000
5 9350172.000000 25.000000
6 9350617.000000 10.000000
4 9351984.000000 15.000000
2 9352626.000000 15.000000
4 9353115.000000 15.000000
4 9353626.000000 15.000000
3 9354157.000000 15.000000
2 9354625.000000 15.000000
1 9355057.000000 15.000000
5 9355513.000000 46.000000
4 9355983.000000 15.000000
2 9356522.000000 15.000000
6 9356988.000000 10.000000
3 9358273.000000 15.000000
2 9358850.000000 15.000000
4 9359339.000000 15.000000
4 9359862.000000 15.000000
2 9360526.000000 15.000000
2 9361087.000000 15.000000
0 9361546.000000 15.000000
2 9362141.000000 15.000000
2 9362693.000000 15.000000
2 9363200.000000 15.000000
6 9363780.000000 10.000000
5 9365139.000000 26.000000
1 9365705.000000 15.000000
1 9366280.000000 15.000000
1 9366883.000000 15.000000
3 9367500.000000 15.000000
5 9368108.000000 25.000000
1 9368581.000000 15.000000
3 9369011.000000 15.000000
3 9369477.000000 15.000000
2 9370093.000000 15.000000
6 9370511.000000 10.000000
0 9371849.000000 15.000000
3 9372466.000000 15.000000
5 9373042.000000 78.000000
1 9373500.000000 15.000000
5 9374015.000000 58.000000
5 9374566.000000 81.000000
2 9375042.000000 15.000000
3 9375490.000000 15.000000
4 9376069.000000 15.000000
0 9376574.000000 15.000000
6 9377022.000000 10.000000
5 9378389.000000 60.000000
2 9378843.000000 15.000000
4 9379395.000000 15.000000
3 9379962.000000 15.000000
1 9380520.000000 15.000000
1 9381121.000000 15.000000
3 9381630.000000 15.000000
4 9382121.000000 15.000000
0 9382737.000000 15.000000
3 9383258.000000 15.000000
6 9383846.000000 10.000000
2 9385220.000000 15.000000
4 9385647.000000 15.000000
4 9386251.000000 15.000000
1 9386737.000000 15.000000
0 9387163.000000 15.000000
3 9387766.000000 15.000000
3 9388263.000000 15.000000
0 9388889.000000 15.000000
1 9389321.000000 15.000000
5 9389936.000000 63.000000
6 9390447.000000 10.000000
4 9391831.000000 15.000000
1 9392402.000000 15.000000
2 9392846.000000 15.000000
2 9393327.000000 15.000000
0 9393772.000000 15.000000
1 9394241.000000 15.000000
2 9394709.000000 15.000000
5 9395288.000000 23.000000
1 9395799.000000 15.000000
1 9396350.000000 15.000000
6 9396774.000000 10.000000
1 9398053.000000 15.000000
0 9398478.000000 15.000000
1 9399042.000000 15.000000
1 9399645.000000 15.000000
5 9400205.000000 60.000000
5 9400670.000000 73.000000
3 9401166.000000 15.000000
2 9401690.000000 15.000000
0 9402127.000000 15.000000
1 9402693.000000 15.000000
6 9403267.000000 10.000000
5 9404519.000000 69.000000
1 9405129.000000 15.000000
0 9405742.000000 15.000000
3 9406261.000000 15.000000
2 9406747.000000 15.000000
4 9407270.000000 15.000000
2 9407787.000000 15.000000
1 9408364.000000 15.000000
4 9408846.000000 15.000000
2 9409433.000000 15.000000
6 9409952.000000 10.000000
1 9411297.000000 15.000000
0 9411856.000000 15.000000
3 9412431.000000 15.000000
0 9412946.000000 15.000000
3 9413447.000000 15.000000
5 9413997.000000 63.000000
0 9414623.000000 15.000000
2 9415229.000000 15.000000
3 9415722.000000 15.000000
2 9416266.000000 15.000000
6 9416756.000000 10.000000
4 9418112.000000 15.000000
0 9418743.000000 15.000000
4 9419205.000000 15.000000
2 9419747.000000 15.000000
3 9420258.000000 15.000000
3 9420742.000000 15.000000
2 9421205.000000 15.000000
0 9421751.000000 15.000000
5 9422188.000000 60.000000
1 9422797.000000 15.000000
6 9423400.000000 10.000000
1 9424805.000000 15.000000
4 9425267.000000 15.000000
0 9425907.000000 15.000000
5 9426490.000000 75.000000
5 9427024.000000 55.000000
0 9427617.000000 15.000000
4 9428172.000000 15.000000
5 9428673.000000 71.000000
3 9429202.000000 15.000000
4 9429847.000000 15.000000
6 9430416.000000 10.000000
4 9431812.000000 15.000000
2 9432397.000000 15.000000
1 9432893.000000 15.000000
2 9433389.000000 15.000000
4 9433921.000000 15.000000
3 9434441.000000 15.000000
2 9434990.000000 15.000000
1 9435482.000000 15.000000
5 9436044.000000 63.000000
4 9436561.000000 15.000000
6 9437159.000000 10.000000
1 9438443.000000 15.000000
5 9438966.000000 28.000000
1 9439551.000000 15.000000
3 9440037.000000 15.000000
5 9440498.000000 83.000000
1 9441056.000000 15.000000
1 9441503.000000 15.000000
5 9442096.000000 64.000000
2 9442599.000000 15.000000
4 9443159.000000 15.000000
6 9443804.000000 10.000000
4 9445105.000000 15.000000
3 9445589.000000 15.000000
0 9446055.000000 15.000000
1 9446551.000000 15.000000
4 9447031.000000 15.000000
4 9447566.000000 15.000000
4 9448209.000000 15.000000
2 9448881.000000 15.000000
2 9449380.000000 15.000000
5 9449966.000000 52.000000
6 9450599.000000 10.000000
5 9451865.000000 44.000000
5 9452369.000000 46.000000
2 9452951.000000 15.000000
1 9453548.000000 15.000000
5 9454098.000000 51.000000
4 9454622.000000 15.000000
5 9455293.000000 56.000000
0 9455912.000000 15.000000
1 9456490.000000 15.000000
1 9457003.000000 15.000000
6 9457466.000000 10.000000
3 9458781.000000 15.000000
3 9459232.000000 15.000000
1 9459834.000000 15.000000
0 9460274.000000 15.000000
1 9460834.000000 15.000000
1 9461438.000000 15.000000
2 9461892.000000 15.000000
0 9462477.000000 15.000000
5 9462946.000000 81.000000
2 9463509.000000 15.000000
6 9464120.000000 10.000000
0 9465351.000000 15.000000
2 9465836.000000 15.000000
2 9466253.000000 15.000000
3 9466754.000000 15.000000
0 9467252.000000 15.000000
4 9467781.000000 15.000000
1 9468425.000000 15.000000
1 9468894.000000 15.000000
2 9469478.000000 15.000000
1 9470016.000000 15.000000
6 9470509.000000 10.000000
3 9471870.000000 15.000000
4 9472377.000000 15.000000
5 9472924.000000 61.000000
1 9473535.000000 15.000000
2 9474030.000000 15.000000
2 9474629.000000 15.000000
3 9475071.000000 15.000000
5 9475533.000000 81.000000
5 9476099.000000 56.000000
0 9476562.000000 15.000000
6 9477136.000000 10.000000
2 9478454.000000 15.000000
5 9479039.000000 45.000000
5 9479567.000000 47.000000
3 9480022.000000 15.000000
5 9480490.000000 57.000000
4 9481091.000000 15.000000
4 9481691.000000 15.000000
0 9482256.000000 15.000000
1 9482758.000000 15.000000
1 9483329.000000 15.000000
6 9483920.000000 10.000000
3 9485255.000000 15.000000
5 9485822.000000 22.000000
2 9486461.000000 15.000000
2 9487005.000000 15.000000
5 9487446.000000 46.000000
4 9488029.000000 15.000000
2 9488669.000000 15.000000
1 9489117.000000 15.000000
0 9489723.000000 15.000000
5 9490299.000000 63.000000
6 9490868.000000 10.000000
4 9492177.000000 15.000000
2 9492656.000000 15.000000
3 9493120.000000 15.000000
0 9493742.000000 15.000000
2 9494285.000000 15.000000
1 9494818.000000 15.000000
5 9495370.000000 79.000000
3 9495962.000000 15.000000
3 9496474.000000 15.000000
1 9497099.000000 15.000000
6 9497537.000000 10.000000
5 9498906.000000 82.000000
5 9499424.000000 57.000000
1 9499969.000000 15.000000
0 9500422.000000 15.000000
0 9500894.000000 15.000000
2 9501522.000000 15.000000
1 9502095.000000 15.000000
1 9502544.000000 15.000000
0 9503113.000000 15.000000
2 9503733.000000 15.000000
6 9504156.000000 10.000000
0 9505376.000000 15.000000
3 9505867.000000 15.000000
3 9506342.000000 15.000000
5 9506798.000000 70.000000
2 9507332.000000 15.000000
4 9507813.000000 15.000000
0 9508371.000000 15.000000
4 9508844.000000 15.000000
0 9509394.000000 15.000000
5 9509927.000000 37.000000
6 9510544.000000 10.000000
3 9511819.000000 15.000000
3 9512397.000000 15.000000
5 9512853.000000 20.000000
2 9513341.000000 15.000000
0 9513835.000000 15.000000
2 9514297.000000 15.000000
4 9514738.000000 15.000000
5 9515361.000000 57.000000
0 9515985.000000 15.000000
4 9516583.000000 15.000000
6 9517070.000000 10.000000
0 9518432.000000 15.000000
1 9518910.000000 15.000000
2 9519417.000000 15.000000
3 9520028.000000 15.000000
4 9520516.000000 15.000000
2 9521129.000000 15.000000
5 9521638.000000 66.000000
5 9522170.000000 25.000000
4 9522773.000000 15.000000
2 9523317.000000 15.000000
6 9523771.000000 10.000000
4 9525178.000000 15.000000
5 9525749.000000 68.000000
3 9526356.000000 15.000000
4 9526988.000000 15.000000
0 9527523.000000 15.000000
5 9528099.000000 79.000000
2 9528738.000000 15.000000
1 9529338.000000 15.000000
4 9529788.000000 15.000000
0 9530366.000000 15.000000
6 9530916.000000 10.000000
3 9532294.000000 15.000000
4 9532755.000000 15.000000
1 9533330.000000 15.000000
2 9533785.000000 15.000000
2 9534235.000000 15.000000
1 9534693.000000 15.000000
5 9535227.000000 49.000000
1 9535669.000000 15.000000
2 9536206.000000 15.000000
1 9536689.000000 15.000000
6 9537131.000000 10.000000
3 9538476.000000 15.000000
0 9539073.000000 15.000000
2 9539663.000000 15.000000
1 9540236.000000 15.000000
3 9540846.000000 15.000000
1 9541393.000000 15.000000
4 9541940.000000 15.000000
3 9542469.000000 15.000000
0 9543078.000000 15.000000
2 9543521.000000 15.000000
6 9544085.000000 10.000000
2 9545356.000000 15.000000
2 9545966.000000 15.000000
5 9546546.000000 43.000000
4 9547027.000000 15.000000
4 9547515.000000 15.000000
4 9548141.000000 15.000000
5 9548767.000000 35.000000
3 9549209.000000 15.000000
1 9549800.000000 15.000000
5 9550409.000000 21.000000
6 9550936.000000 10.000000
1 9552161.000000 15.000000
5 9552611.000000 47.000000
4 9553245.000000 15.000000
5 9553822.000000 60.000000
4 9554441.000000 15.000000
0 9555026.000000 15.000000
1 9555535.000000 15.000000
4 9556013.000000 15.000000
2 9556622.000000 15.000000
2 9557130.000000 15.000000
6 9557546.000000 10.000000
4 9558920.000000 15.000000
1 9559411.000000 15.000000
2 9560022.000000 15.000000
0 9560589.000000 15.000000
1 9561089.000000 15.000000
5 9561697.000000 20.000000
5 9562154.000000 52.000000
3 9562658.000000 15.000000
1 9563112.000000 15.000000
3 9563607.000000 15.000000
6 9564073.000000 10.000000
0 9565332.000000 15.000000
4 9565931.000000 15.000000
0 9566429.000000 15.000000
1 9566949.000000 15.000000
3 9567545.000000 15.000000
1 9568057.000000 15.000000
3 9568511.000000 15.000000
5 9568972.000000 63.000000
0 9569451.000000 15.000000
2 9570011.000000 15.000000
6 9570529.000000 10.000000
1 9571743.000000 15.000000
5 9572231.000000 28.000000
0 9572680.000000 15.000000
1 9573193.000000 15.000000
3 9573661.000000 15.000000
0 9574245.000000 15.000000
5 9574719.000000 54.000000
0 9575194.000000 15.000000
5 9575711.000000 43.000000
1 9576255.000000 15.000000
6 9576779.000000 10.000000
1 9578113.000000 15.000000
1 9578646.000000 15.000000
2 9579267.000000 15.000000
0 9579692.000000 15.000000
3 9580256.000000 15.000000
5 9580806.000000 53.000000
4 9581310.000000 15.000000
3 9581978.000000 15.000000
4 9582484.000000 15.000000
0 9583124.000000 15.000000
6 9583653.000000 10.000000
5 9584999.000000 48.000000
0 9585519.000000 15.000000
4 9586129.000000 15.000000
2 9586762.000000 15.000000
0 9587342.000000 15.000000
1 9587804.000000 15.000000
3 9588324.000000 15.000000
4 9588952.000000 15.000000
4 9589436.000000 15.000000
2 9590048.000000 15.000000
6 9590521.000000 10.000000
1 9591843.000000 15.000000
0 9592272.000000 15.000000
1 9592723.000000 15.000000
4 9593277.000000 15.000000
0 9593871.000000 15.000000
1 9594469.000000 15.000000
1 9595023.000000 15.000000
4 9595501.000000 15.000000
3 9596010.000000 15.000000
4 9596607.000000 15.000000
6 9597222.000000 10.000000
0 9598492.000000 15.000000
3 9599000.000000 15.000000
3 9599472.000000 15.000000
0 9600020.000000 15.000000
0 9600503.000000 15.000000
4 9600939.000000 15.000000
3 9601605.000000 15.000000
5 9602247.000000 51.000000
1 9602856.000000 15.000000
5 9603428.000000 40.000000
6 9603905.000000 10.000000
0 9605238.000000 15.000000
0 9605769.000000 15.000000
5 9606269.000000 53.000000
0 9606852.000000 15.000000
3 9607369.000000 15.000000
4 9607998.000000 15.000000
5 9608663.000000 49.000000
4 9609196.000000 15.000000
1 9609784.000000 15.000000
5 9610297.000000 48.000000
6 9610773.000000 10.000000
3 9611997.000000 15.000000
5 9612540.000000 50.000000
0 9613028.000000 15.000000
2 9613553.000000 15.000000
3 9614095.000000 15.000000
4 9614619.000000 15.000000
2 9615127.000000 15.000000
2 9615631.000000 15.000000
1 9616184.000000 15.000000
3 9616793.000000 15.000000
6 9617441.000000 10.000000
0 9618838.000000 15.000000
0 9619439.000000 15.000000
1 9619918.000000 15.000000
0 9620425.000000 15.000000
0 9620989.000000 15.000000
0 9621477.000000 15.000000
4 9622108.000000 15.000000
3 9622720.000000 15.000000
3 9623268.000000 15.000000
5 9623871.000000 55.000000
6 9624415.000000 10.000000
3 9625811.000000 15.000000
4 9626447.000000 15.000000
5 9627026.000000 66.000000
0 9627594.000000 15.000000
5 9628223.000000 64.000000
5 9628668.000000 81.000000
0 9629240.000000 15.000000
2 9629803.000000 15.000000
5 9630409.000000 35.000000
2 9630973.000000 15.000000
6 9631523.000000 10.000000
3 9632798.000000 15.000000
4 9633248.000000 15.000000
3 9633882.000000 15.000000
2 9634449.000000 15.000000
5 9634932.000000 25.000000
2 9635393.000000 15.000000
1 9635853.000000 15.000000
0 9636322.000000 15.000000
2 9636812.000000 15.000000
3 9637236.000000 15.000000
6 9637726.000000 10.000000
0 9639063.000000 15.000000
5 9639496.000000 54.000000
2 9639982.000000 15.000000
2 9640548.000000 15.000000
5 9641062.000000 48.000000
5 9641663.000000 53.000000
2 9642298.000000 15.000000
4 9642795.000000 15.000000
3 9643417.000000 15.000000
2 9643984.000000 15.000000
6 9644426.000000 10.000000
4 9645764.000000 15.000000
2 9646313.000000 15.000000
4 9646763.000000 15.000000
3 9647415.000000 15.000000
1 9647907.000000 15.000000
3 9648359.000000 15.000000
4 9648933.000000 15.000000
4 9649575.000000 15.000000
4 9650120.000000 15.000000
1 9650711.000000 15.000000
6 9651230.000000 10.000000
1 9652494.000000 15.000000
0 9653006.000000 15.000000
1 9653494.000000 15.000000
5 9654009.000000 79.000000
2 9654608.000000 15.000000
3 9655172.000000 15.000000
2 9655750.000000 15.000000
3 9656193.000000 15.000000
3 9656805.000000 15.000000
4 9657333.000000 15.000000
6 9657943.000000 10.000000
1 9659199.000000 15.000000
1 9659772.000000 15.000000
2 9660322.000000 15.000000
3 9660750.000000 15.000000
3 9661334.000000 15.000000
5 9661787.000000 37.000000
5 9662405.000000 63.000000
4 9663011.000000 15.000000
0 9663668.000000 15.000000
2 9664198.000000 15.000000
6 9664637.000000 10.000000
1 9666043.000000 15.000000
3 9666486.000000 15.000000
4 9667055.000000 15.000000
5 9667715.000000 21.000000
5 9668246.000000 26.000000
2 9668822.000000 15.000000
2 9669269.000000 15.000000
4 9669865.000000 15.000000
0 9670492.000000 15.000000
1 9671064.000000 15.000000
6 9671556.000000 10.000000
3 9672898.000000 15.000000
2 9673527.000000 15.000000
5 9674069.000000 56.000000
3 9674560.000000 15.000000
4 9675131.000000 15.000000
0 9675775.000000 15.000000
2 9676386.000000 15.000000
0 9676872.000000 15.000000
1 9677406.000000 15.000000
2 9677869.000000 15.000000
6 9678443.000000 10.000000
5 9679732.000000 56.000000
2 9680338.000000 15.000000
4 9680884.000000 15.000000
4 9681434.000000 15.000000
3 9682060.000000 15.000000
4 9682558.000000 15.000000
4 9683039.000000 15.000000
0 9683543.000000 15.000000
4 9684015.000000 15.000000
2 9684525.000000 15.000000
6 9685029.000000 10.000000
5 9686338.000000 70.000000
3 9686839.000000 15.000000
1 9687315.000000 15.000000
3 9687885.000000 15.000000
2 9688365.000000 15.000000
2 9688796.000000 15.000000
2 9689391.000000 15.000000
4 9689949.000000 15.000000
0 9690620.000000 15.000000
1 9691152.000000 15.000000
6 9691656.000000 10.000000
2 9692899.000000 15.000000
0 9693493.000000 15.000000
0 9693962.000000 15.000000
3 9694493.000000 15.000000
2 9695086.000000 15.000000
3 9695667.000000 15.000000
0 9696226.000000 15.000000
0 9696833.000000 15.000000
2 9697394.000000 15.000000
4 9697911.000000 15.000000
6 9698459.000000 10.000000
2 9699764.000000 15.000000
1 9700199.000000 15.000000
2 9700812.000000 15.000000
0 9701292.000000 15.000000
3 9701830.000000 15.000000
1 9702353.000000 15.000000
1 9702945.000000 15.000000
5 9703368.000000 21.000000
5 9703822.000000 26.000000
4 9704457.000000 15.000000
6 9705015.000000 10.000000
0 9706324.000000 15.000000
5 9706930.000000 68.000000
1 9707406.000000 15.000000
0 9707851.000000 15.000000
3 9708394.000000 15.000000
2 9708904.000000 15.000000
5 9709462.000000 78.000000
5 9709941.000000 24.000000
3 9710545.000000 15.000000
4 9711166.000000 15.000000
6 9711755.000000 10.000000
4 9713115.000000 15.000000
4 9713607.000000 15.000000
1 9714232.000000 15.000000
3 9714782.000000 15.000000
2 9715327.000000 15.000000
0 9715852.000000 15.000000
0 9716369.000000 15.000000
0 9716964.000000 15.000000
0 9717397.000000 15.000000
5 9717879.000000 70.000000
6 9718506.000000 10.000000
2 9719760.000000 15.000000
2 9720288.000000 15.000000
2 9720887.000000 15.000000
4 9721310.000000 15.000000
5 9721890.000000 71.000000
4 9722474.000000 15.000000
4 9722974.000000 15.000000
4 9723547.000000 15.000000
1 9724171.000000 15.000000
1 9724681.000000 15.000000
6 9725230.000000 10.000000
0 9726591.000000 15.000000
5 9727137.000000 55.000000
4 9727600.000000 15.000000
5 9728224.000000 82.000000
3 9728817.000000 15.000000
1 9729323.000000 15.000000
2 9729885.000000 15.000000
0 9730379.000000 15.000000
4 9730823.000000 15.000000
3 9731375.000000 15.000000
6 9731986.000000 10.000000
2 9733391.000000 15.000000
0 9733881.000000 15.000000
5 9734443.000000 30.000000
2 9735059.000000 15.000000
1 9735479.000000 15.000000
2 9735981.000000 15.000000
5 9736486.000000 43.000000
0 9737064.000000 15.000000
1 9737565.000000 15.000000
5 9738005.000000 51.000000
6 9738536.000000 10.000000
1 9739769.000000 15.000000
3 9740228.000000 15.000000
1 9740792.000000 15.000000
5 9741306.000000 67.000000
4 9741831.000000 15.000000
2 9742364.000000 15.000000
5 9742931.000000 56.000000
5 9743395.000000 29.000000
0 9743958.000000 15.000000
5 9744539.000000 41.000000
6 9745100.000000 10.000000
0 9746432.000000 15.000000
4 9747043.000000 15.000000
1 9747690.000000 15.000000
1 9748289.000000 15.000000
4 9748864.000000 15.000000
1 9749523.000000 15.000000
2 9750026.000000 15.000000
1 9750636.000000 15.000000
5 9751183.000000 80.000000
2 9751807.000000 15.000000
6 9752259.000000 10.000000
0 9753654.000000 15.000000
5 9754136.000000 42.000000
4 9754749.000000 15.000000
5 9755402.000000 76.000000
4 9755892.000000 15.000000
4 9756537.000000 15.000000
5 9757077.000000 84.000000
5 9757571.000000 52.000000
5 9758181.000000 46.000000
2 9758679.000000 15.000000
6 9759274.000000 10.000000
0 9760581.000000 15.000000
1 9761133.000000 15.000000
3 9761623.000000 15.000000
4 9762227.000000 15.000000
3 9762884.000000 15.000000
1 9763515.000000 15.000000
2 9764053.000000 15.000000
0 9764662.000000 15.000000
5 9765195.000000 40.000000
1 9765758.000000 15.000000
6 9766344.000000 10.000000
3 9767560.000000 15.000000
5 9768127.000000 39.000000
5 9768726.000000 23.000000
1 9769307.000000 15.000000
1 9769795.000000 15.000000
0 9770314.000000 15.000000
0 9770794.000000 15.000000
4 9771336.000000 15.000000
1 9771939.000000 15.000000
3 9772410.000000 15.000000
6 9772987.000000 10.000000
2 9774322.000000 15.000000
3 9774882.000000 15.000000
0 9775365.000000 15.000000
3 9775852.000000 15.000000
4 9776467.000000 15.000000
2 9777093.000000 15.000000
4 9777537.000000 15.000000
5 9778140.000000 45.000000
2 9778638.000000 15.000000
3 9779249.000000 15.000000
6 9779882.000000 10.000000
3 9781121.000000 15.000000
2 9781654.000000 15.000000
4 9782110.000000 15.000000
0 9782641.000000 15.000000
5 9783207.000000 64.000000
4 9783768.000000 15.000000
0 9784422.000000 15.000000
2 9784859.000000 15.000000
5 9785354.000000 72.000000
1 9785856.000000 15.000000
6 9786455.000000 10.000000
3 9787706.000000 15.000000
1 9788223.000000 15.000000
1 9788667.000000 15.000000
3 9789212.000000 15.000000
5 9789807.000000 82.000000
0 9790294.000000 15.000000
0 9790889.000000 15.000000
3 9791342.000000 15.000000
3 9791913.000000 15.000000
4 9792382.000000 15.000000
6 9792957.000000 10.000000
2 9794239.000000 15.000000
3 9794723.000000 15.000000
3 9795217.000000 15.000000
1 9795780.000000 15.000000
0 9796289.000000 15.000000
2 9796782.000000 15.000000
4 9797210.000000 15.000000
2 9797714.000000 15.000000
4 9798132.000000 15.000000
0 9798745.000000 15.000000
6 9799336.000000 10.000000
5 9800601.000000 59.000000
0 9801084.000000 15.000000
1 9801534.000000 15.000000
3 9802115.000000 15.000000
1 9802682.000000 15.000000
5 9803218.000000 69.000000
4 9803714.000000 15.000000
0 9804190.000000 15.000000
2 9804813.000000 15.000000
4 9805237.000000 15.000000
6 9805856.000000 10.000000
1 9807184.000000 15.000000
4 9807631.000000 15.000000
5 9808143.000000 73.000000
2 9808597.000000 15.000000
5 9809172.000000 65.000000
3 9809775.000000 15.000000
1 9810403.000000 15.000000
0 9810898.000000 15.000000
3 9811508.000000 15.000000
5 9811959.000000 46.000000
6 9812412.000000 10.000000
1 9813633.000000 15.000000
1 9814247.000000 15.000000
1 9814740.000000 15.000000
4 9815204.000000 15.000000
3 9815769.000000 15.000000
2 9816234.000000 15.000000
2 9816671.000000 15.000000
3 9817257.000000 15.000000
0 9817895.000000 15.000000
1 9818348.000000 15.000000
6 9818820.000000 10.000000
5 9820195.000000 39.000000
5 9820809.000000 45.000000
4 9821383.000000 15.000000
5 9821935.000000 70.000000
3 9822460.000000 15.000000
1 9823053.000000 15.000000
4 9823652.000000 15.000000
3 9824206.000000 15.000000
0 9824751.000000 15.000000
3 9825206.000000 15.000000
6 9825762.000000 10.000000
2 9827099.000000 15.000000
0 9827672.000000 15.000000
3 9828226.000000 15.000000
5 9828679.000000 59.000000
3 9829263.000000 15.000000
5 9829771.000000 52.000000
5 9830229.000000 73.000000
1 9830790.000000 15.000000
2 9831325.000000 15.000000
4 9831905.000000 15.000000
6 9832388.000000 10.000000
1 9833760.000000 15.000000
3 9834244.000000 15.000000
2 9834881.000000 15.000000
2 9835307.000000 15.000000
2 9835900.000000 15.000000
5 9836478.000000 46.000000
0 9837042.000000 15.000000
5 9837518.000000 41.000000
5 9838056.000000 35.000000
5 9838582.000000 66.000000
6 9839110.000000 10.000000
4 9840508.000000 15.000000
5 9841150.000000 46.000000
1 9841690.000000 15.000000
5 9842122.000000 68.000000
5 9842638.000000 56.000000
5 9843167.000000 62.000000
1 9843646.000000 15.000000
1 9844212.000000 15.000000
3 9844741.000000 15.000000
3 9845206.000000 15.000000
6 9845826.000000 10.000000
5 9847141.000000 52.000000
1 9847769.000000 15.000000
0 9848387.000000 15.000000
2 9848860.000000 15.000000
2 9849289.000000 15.000000
5 9849742.000000 42.000000
2 9850340.000000 15.000000
0 9850828.000000 15.000000
5 9851362.000000 66.000000
5 9851837.000000 30.000000
6 9852356.000000 10.000000
0 9853731.000000 15.000000
3 9854301.000000 15.000000
2 9854822.000000 15.000000
5 9855408.000000 47.000000
2 9855886.000000 15.000000
0 9856413.000000 15.000000
3 9856966.000000 15.000000
1 9857528.000000 15.000000
2 9857995.000000 15.000000
1 9858436.000000 15.000000
6 9859037.000000 10.000000
3 9860321.000000 15.000000
1 9860879.000000 15.000000
5 9861464.000000 41.000000
2 9861973.000000 15.000000
0 9862541.000000 15.000000
5 9863064.000000 59.000000
3 9863632.000000 15.000000
5 9864175.000000 65.000000
2 9864684.000000 15.000000
5 9865121.000000 68.000000
6 9865621.000000 10.000000
3 9866851.000000 15.000000
5 9867419.000000 53.000000
5 9867990.000000 32.000000
3 9868465.000000 15.000000
3 9869104.000000 15.000000
5 9869742.000000 41.000000
1 9870207.000000 15.000000
3 9870639.000000 15.000000
1 9871099.000000 15.000000
4 9871538.000000 15.000000
6 9872061.000000 10.000000
0 9873398.000000 15.000000
2 9873930.000000 15.000000
0 9874477.000000 15.000000
4 9874924.000000 15.000000
5 9875485.000000 81.000000
0 9876060.000000 15.000000
2 9876581.000000 15.000000
5 9877120.000000 43.000000
0 9877673.000000 15.000000
5 9878283.000000 27.000000
6 9878898.000000 10.000000
1 9880215.000000 15.000000
2 9880664.000000 15.000000
1 9881095.000000 15.000000
2 9881539.000000 15.000000
3 9882031.000000 15.000000
5 9882623.000000 58.000000
2 9883126.000000 15.000000
4 9883677.000000 15.000000
3 9884185.000000 15.000000
4 9884744.000000 15.000000
6 9885335.000000 10.000000
0 9886669.000000 15.000000
2 9887292.000000 15.000000
3 9887833.000000 15.000000
3 9888374.000000 15.000000
2 9888992.000000 15.000000
5 9889414.000000 59.000000
0 9890023.000000 15.000000
2 9890467.000000 15.000000
2 9890904.000000 15.000000
4 9891431.000000 15.000000
6 9892028.000000 10.000000
1 9893263.000000 15.000000
3 9893702.000000 15.000000
3 9894218.000000 15.000000
5 9894706.000000 46.000000
0 9895248.000000 15.000000
2 9895868.000000 15.000000
3 9896406.000000 15.000000
0 9897053.000000 15.000000
4 9897501.000000 15.000000
3 9898022.000000 15.000000
6 9898640.000000 10.000000
0 9899979.000000 15.000000
4 9900465.000000 15.000000
2 9900969.000000 15.000000
5 9901447.000000 61.000000
2 9901939.000000 15.000000
4 9902518.000000 15.000000
0 9903012.000000 15.000000
5 9903582.000000 83.000000
0 9904045.000000 15.000000
3 9904581.000000 15.000000
6 9905057.000000 10.000000
3 9906353.000000 15.000000
4 9906841.000000 15.000000
4 9907352.000000 15.000000
2 9907878.000000 15.000000
5 9908344.000000 48.000000
1 9908804.000000 15.000000
1 9909280.000000 15.000000
3 9909786.000000 15.000000
1 9910309.000000 15.000000
2 9910851.000000 15.000000
6 9911365.000000 10.000000
2 9912750.000000 15.000000
0 9913353.000000 15.000000
5 9913789.000000 39.000000
2 9914293.000000 15.000000
3 9914885.000000 15.000000
1 9915499.000000 15.000000
5 9916029.000000 60.000000
0 9916637.000000 15.000000
5 9917175.000000 38.000000
1 9917718.000000 15.000000
6 9918206.000000 10.000000
4 9919609.000000 15.000000
0 9920196.000000 15.000000
4 9920800.000000 15.000000
5 9921449.000000 23.000000
4 9921937.000000 15.000000
1 9922515.000000 15.000000
3 9923039.000000 15.000000
5 9923504.000000 77.000000
1 9924040.000000 15.000000
5 9924661.000000 38.000000
6 9925202.000000 10.000000
5 9926590.000000 45.000000
4 9927117.000000 15.000000
1 9927636.000000 15.000000
4 9928223.000000 15.000000
4 9928705.000000 15.000000
5 9929218.000000 23.000000
1 9929673.000000 15.000000
5 9930249.000000 39.000000
5 9930761.000000 32.000000
0 9931371.000000 15.000000
6 9931970.000000 10.000000
5 9933316.000000 26.000000
2 9933881.000000 15.000000
1 9934298.000000 15.000000
5 9934891.000000 39.000000
3 9935377.000000 15.000000
0 9935864.000000 15.000000
2 9936316.000000 15.000000
5 9936766.000000 73.000000
4 9937392.000000 15.000000
1 9937953.000000 15.000000
6 9938451.000000 10.000000
2 9939852.000000 15.000000
3 9940435.000000 15.000000
5 9941002.000000 70.000000
1 9941616.000000 15.000000
5 9942044.000000 33.000000
2 9942678.000000 15.000000
2 9943154.000000 15.000000
5 9943740.000000 58.000000
4 9944230.000000 15.000000
4 9944826.000000 15.000000
6 9945473.000000 10.000000
4 9946743.000000 15.000000
3 9947406.000000 15.000000
2 9947927.000000 15.000000
5 9948364.000000 81.000000
3 9948904.000000 15.000000
5 9949389.000000 26.000000
0 9949947.000000 15.000000
2 9950424.000000 15.000000
0 9951014.000000 15.000000
5 9951470.000000 69.000000
6 9951928.000000 10.000000
2 9953279.000000 15.000000
4 9953742.000000 15.000000
2 9954407.000000 15.000000
3 9954838.000000 15.000000
0 9955387.000000 15.000000
0 9955866.000000 15.000000
3 9956491.000000 15.000000
4 9956984.000000 15.000000
5 9957653.000000 32.000000
4 9958233.000000 15.000000
6 9958786.000000 10.000000
3 9960094.000000 15.000000
0 9960707.000000 15.000000
0 9961224.000000 15.000000
5 9961716.000000 32.000000
4 9962269.000000 15.000000
4 9962809.000000 15.000000
4 9963383.000000 15.000000
0 9963976.000000 15.000000
1 9964559.000000 15.000000
0 9965125.000000 15.000000
6 9965567.000000 10.000000
4 9966811.000000 15.000000
1 9967480.000000 15.000000
1 9968084.000000 15.000000
0 9968686.000000 15.000000
0 9969238.000000 15.000000
2 9969850.000000 15.000000
0 9970335.000000 15.000000
3 9970807.000000 15.000000
1 9971341.000000 15.000000
5 9971871.000000 48.000000
6 9972426.000000 10.000000
4 9973712.000000 15.000000
0 9974228.000000 15.000000
2 9974779.000000 15.000000
4 9975341.000000 15.000000
0 9975901.000000 15.000000
1 9976401.000000 15.000000
1 9976968.000000 15.000000
5 9977430.000000 39.000000
3 9978010.000000 15.000000
5 9978531.000000 58.000000
6 9979131.000000 10.000000
0 9980515.000000 15.000000
1 9981138.000000 15.000000
3 9981756.000000 15.000000
5 9982395.000000 34.000000
1 9983031.000000 15.000000
4 9983536.000000 15.000000
2 9984020.000000 15.000000
1 9984557.000000 15.000000
5 9985050.000000 64.000000
4 9985576.000000 15.000000
6 9986199.000000 10.000000
0 9987548.000000 15.000000
0 9988116.000000 15.000000
1 9988589.000000 15.000000
5 9989123.000000 80.000000
1 9989708.000000 15.000000
1 9990198.000000 15.000000
4 9990657.000000 15.000000
5 9991229.000000 58.000000
0 9991718.000000 15.000000
0 9992237.000000 15.000000
6 9992691.000000 10.000000
3 9994084.000000 15.000000
5 9994560.000000 48.000000
4 9995154.000000 15.000000
5 9995809.000000 70.000000
2 9996339.000000 15.000000
2 9996799.000000 15.000000
0 9997336.000000 15.000000
4 9997937.000000 15.000000
1 9998520.000000 15.000000
0 9998997.000000 15.000000
6 9999445.000000 10.000000
3 10000765.000000 15.000000
2 10001292.000000 15.000000
5 10001871.000000 27.000000
5 10002512.000000 34.000000
5 10003150.000000 75.000000
3 10003644.000000 15.000000
5 10004291.000000 44.000000
1 10004899.000000 15.000000
2 10005326.000000 15.000000
3 10005887.000000 15.000000
6 10006393.000000 10.000000
0 10007748.000000 15.000000
5 10008360.000000 80.000000
0 10008947.000000 15.000000
2 10009550.000000 15.000000
0 10010061.000000 15.000000
4 10010526.000000 15.000000
4 10011172.000000 15.000000
2 10011803.000000 15.000000
2 10012251.000000 15.000000
5 10012711.000000 56.000000
6 10013270.000000 10.000000
2 10014665.000000 15.000000
0 10015149.000000 15.000000
4 10015713.000000 15.000000
0 10016232.000000 15.000000
3 10016736.000000 15.000000
4 10017189.000000 15.000000
3 10017676.000000 15.000000
4 10018140.000000 15.000000
5 10018626.000000 77.000000
3 10019194.000000 15.000000
6 10019665.000000 10.000000
1 10020993.000000 15.000000
3 10021582.000000 15.000000
5 10022091.000000 24.000000
3 10022723.000000 15.000000
5 10023345.000000 30.000000
5 10023817.000000 46.000000
2 10024274.000000 15.000000
1 10024820.000000 15.000000
3 10025271.000000 15.000000
2 10025913.000000 15.000000
6 10026332.000000 10.000000
5 10027584.000000 38.000000
3 10028141.000000 15.000000
5 10028675.000000 51.000000
5 10029145.000000 36.000000
2 10029771.000000 15.000000
1 10030230.000000 15.000000
3 10030732.000000 15.000000
4 10031309.000000 15.000000
2 10031837.000000 15.000000
0 10032277.000000 15.000000
6 10032740.000000 10.000000
3 10033995.000000 15.000000
3 10034607.000000 15.000000
1 10035212.000000 15.000000
4 10035635.000000 15.000000
2 10036196.000000 15.000000
1 10036771.000000 15.000000
0 10037383.000000 15.000000
0 10037862.000000 15.000000
2 10038407.000000 15.000000
0 10039006.000000 15.000000
6 10039530.000000 10.000000
4 10040822.000000 15.000000
4 10041362.000000 15.000000
0 10041844.000000 15.000000
1 10042367.000000 15.000000
4 10042849.000000 15.000000
1 10043514.000000 15.000000
4 10044097.000000 15.000000
0 10044665.000000 15.000000
1 10045135.000000 15.000000
5 10045694.000000 78.000000
6 10046237.000000 10.000000
5 10047628.000000 63.000000
0 10048193.000000 15.000000
2 10048757.000000 15.000000
4 10049310.000000 15.000000
0 10049834.000000 15.000000
4 10050418.000000 15.000000
1 10050903.000000 15.000000
3 10051373.000000 15.000000
4 10051982.000000 15.000000
0 10052545.000000 15.000000
6 10053004.000000 10.000000
4 10054274.000000 15.000000
4 10054777.000000 15.000000
1 10055332.000000 15.000000
5 10055861.000000 73.000000
3 10056356.000000 15.000000
3 10056974.000000 15.000000
5 10057558.000000 20.000000
2 10058154.000000 15.000000
3 10058758.000000 15.000000
2 10059394.000000 15.000000
6 10059966.000000 10.000000
2 10061360.000000 15.000000
4 10061874.000000 15.000000
5 10062481.000000 80.000000
5 10062973.000000 72.000000
1 10063532.000000 15.000000
3 10063984.000000 15.000000
0 10064503.000000 15.000000
5 10065085.000000 42.000000
0 10065707.000000 15.000000
4 10066190.000000 15.000000
6 10066850.000000 10.000000
1 10068242.000000 15.000000
5 10068802.000000 83.000000
0 10069299.000000 15.000000
2 10069872.000000 15.000000
3 10070342.000000 15.000000
5 10070802.000000 22.000000
1 10071320.000000 15.000000
4 10071815.000000 15.000000
0 10072468.000000 15.000000
3 10073064.000000 15.000000
6 10073620.000000 10.000000
1 10075025.000000 15.000000
4 10075610.000000 15.000000
4 10076205.000000 15.000000
5 10076800.000000 40.000000
5 10077358.000000 49.000000
0 10077868.000000 15.000000
4 10078401.000000 15.000000
5 10079021.000000 38.000000
4 10079548.000000 15.000000
1 10080107.000000 15.000000
6 10080576.000000 10.000000
4 10081865.000000 15.000000
4 10082433.000000 15.000000
2 10083048.000000 15.000000
4 10083464.000000 15.000000
2 10084122.000000 15.000000
2 10084603.000000 15.000000
0 10085068.000000 15.000000
1 10085622.000000 15.000000
4 10086228.000000 15.000000
4 10086709.000000 15.000000
6 10087241.000000 10.000000
2 10088550.000000 15.000000
3 10088965.000000 15.000000
1 10089485.000000 15.000000
5 10090054.000000 46.000000
2 10090564.000000 15.000000
1 10091023.000000 15.000000
3 10091582.000000 15.000000
1 10092050.000000 15.000000
5 10092622.000000 51.000000
2 10093219.000000 15.000000
6 10093815.000000 10.000000
4 10095144.000000 15.000000
5 10095723.000000 52.000000
5 10096248.000000 83.000000
2 10096795.000000 15.000000
5 10097241.000000 55.000000
4 10097880.000000 15.000000
0 10098507.000000 15.000000
4 10099134.000000 15.000000
3 10099638.000000 15.000000
4 10100139.000000 15.000000
6 10100661.000000 10.000000
1 10102017.000000 15.000000
0 10102487.000000 15.000000
5 10102968.000000 38.000000
3 10103444.000000 15.000000
2 10103907.000000 15.000000
5 10104435.000000 53.000000
0 10104946.000000 15.000000
1 10105550.000000 15.000000
4 10106112.000000 15.000000
5 10106740.000000 30.000000
6 10107341.000000 10.000000
0 10108591.000000 15.000000
0 10109037.000000 15.000000
1 10109666.000000 15.000000
5 10110189.000000 32.000000
3 10110759.000000 15.000000
5 10111375.000000 49.000000
4 10111941.000000 15.000000
3 10112472.000000 15.000000
4 10112938.000000 15.000000
2 10113455.000000 15.000000
6 10114042.000000 10.000000
1 10115373.000000 15.000000
5 10115967.000000 50.000000
1 10116429.000000 15.000000
5 10116877.000000 48.000000
0 10117397.000000 15.000000
1 10117964.000000 15.000000
0 10118471.000000 15.000000
2 10118920.000000 15.000000
2 10119527.000000 15.000000
2 10120125.000000 15.000000
6 10120631.000000 10.000000
4 10121850.000000 15.000000
3 10122516.000000 15.000000
4 10123062.000000 15.000000
5 10123635.000000 43.000000
5 10124231.000000 42.000000
5 10124738.000000 46.000000
2 10125364.000000 15.000000
3 10125813.000000 15.000000
0 10126331.000000 15.000000
2 10126823.000000 15.000000
6 10127405.000000 10.000000
0 10128756.000000 15.000000
5 10129310.000000 21.000000
4 10129861.000000 15.000000
4 10130478.000000 15.000000
4 10131059.000000 15.000000
3 10131711.000000 15.000000
3 10132241.000000 15.000000
5 10132776.000000 64.000000
5 10133257.000000 49.000000
0 10133731.000000 15.000000
6 10134278.000000 10.000000
1 10135513.000000 15.000000
5 10136000.000000 81.000000
5 10136640.000000 74.000000
1 10137172.000000 15.000000
0 10137722.000000 15.000000
1 10138334.000000 15.000000
5 10138924.000000 52.000000
0 10139557.000000 15.000000
2 10140164.000000 15.000000
1 10140687.000000 15.000000
6 10141261.000000 10.000000
0 10142483.000000 15.000000
2 10143011.000000 15.000000
3 10143570.000000 15.000000
4 10144102.000000 15.000000
2 10144687.000000 15.000000
1 10145164.000000 15.000000
3 10145749.000000 15.000000
5 10146354.000000 73.000000
5 10146872.000000 72.000000
2 10147478.000000 15.000000
6 10147911.000000 10.000000
3 10149281.000000 15.000000
4 10149907.000000 15.000000
3 10150500.000000 15.000000
3 10151075.000000 15.000000
4 10151573.000000 15.000000
5 10152191.000000 35.000000
2 10152743.000000 15.000000
1 10153235.000000 15.000000
3 10153800.000000 15.000000
0 10154350.000000 15.000000
6 10154944.000000 10.000000
1 10156198.000000 15.000000
5 10156807.000000 80.000000
0 10157344.000000 15.000000
5 10157939.000000 50.000000
0 10158580.000000 15.000000
2 10159102.000000 15.000000
4 10159556.000000 15.000000
4 10160133.000000 15.000000
5 10160758.000000 31.000000
1 10161267.000000 15.000000
6 10161851.000000 10.000000
1 10163212.000000 15.000000
4 10163704.000000 15.000000
5 10164368.000000 68.000000
3 10164854.000000 15.000000
1 10165410.000000 15.000000
3 10165963.000000 15.000000
0 10166453.000000 15.000000
3 10166932.000000 15.000000
2 10167444.000000 15.000000
0 10167887.000000 15.000000
6 10168441.000000 10.000000
3 10169694.000000 15.000000
0 10170241.000000 15.000000
0 10170870.000000 15.000000
5 10171336.000000 22.000000
2 10171955.000000 15.000000
4 10172500.000000 15.000000
1 10173164.000000 15.000000
1 10173716.000000 15.000000
3 10174330.000000 15.000000
2 10174932.000000 15.000000
6 10175354.000000 10.000000
2 10176590.000000 15.000000
3 10177095.000000 15.000000
2 10177649.000000 15.000000
5 10178081.000000 46.000000
1 10178593.000000 15.000000
4 10179178.000000 15.000000
1 10179677.000000 15.000000
3 10180216.000000 15.000000
5 10180861.000000 39.000000
2 10181486.000000 15.000000
6 10182049.000000 10.000000
4 10183277.000000 15.000000
0 10183812.000000 15.000000
4 10184251.000000 15.000000
4 10184776.000000 15.000000
2 10185424.000000 15.000000
1 10185921.000000 15.000000
3 10186378.000000 15.000000
2 10186864.000000 15.000000
1 10187427.000000 15.000000
1 10187920.000000 15.000000
6 10188458.000000 10.000000
0 10189745.000000 15.000000
4 10190196.000000 15.000000
5 10190851.000000 48.000000
5 10191321.000000 77.000000
2 10191786.000000 15.000000
2 10192291.000000 15.000000
4 10192790.000000 15.000000
0 10193374.000000 15.000000
0 10193906.000000 15.000000
2 10194483.000000 15.000000
6 10195003.000000 10.000000
3 10196270.000000 15.000000
5 10196729.000000 34.000000
5 10197238.000000 74.000000
5 10197843.000000 23.000000
5 10198448.000000 54.000000
5 10199022.000000 64.000000
5 10199566.000000 28.000000
4 10200150.000000 15.000000
1 10200710.000000 15.000000
2 10201263.000000 15.000000
6 10201681.000000 10.000000
4 10203066.000000 15.000000
5 10203727.000000 62.000000
0 10204175.000000 15.000000
1 10204725.000000 15.000000
5 10205180.000000 31.000000
0 10205775.000000 15.000000
1 10206302.000000 15.000000
0 10206742.000000 15.000000
1 10207203.000000 15.000000
2 10207767.000000 15.000000
6 10208222.000000 10.000000
2 10209585.000000 15.000000
3 10210006.000000 15.000000
5 10210521.000000 65.000000
5 10211030.000000 81.000000
4 10211487.000000 15.000000
5 10212067.000000 29.000000
3 10212652.000000 15.000000
0 10213166.000000 15.000000
3 10213646.000000 15.000000
5 10214166.000000 67.000000
6 10214744.000000 10.000000
0 10216032.000000 15.000000
5 10216534.000000 27.000000
1 10217117.000000 15.000000
0 10217586.000000 15.000000
5 10218135.000000 63.000000
4 10218638.000000 15.000000
1 10219158.000000 15.000000
3 10219680.000000 15.000000
3 10220248.000000 15.000000
1 10220749.000000 15.000000
6 10221365.000000 10.000000
1 10222655.000000 15.000000
0 10223263.000000 15.000000
5 10223744.000000 54.000000
4 10224219.000000 15.000000
4 10224710.000000 15.000000
4 10225183.000000 15.000000
5 10225663.000000 68.000000
4 10226261.000000 15.000000
3 10226858.000000 15.000000
4 10227380.000000 15.000000
6 10227976.000000 10.000000
4 10229328.000000 15.000000
5 10229997.000000 32.000000
3 10230491.000000 15.000000
2 10231084.000000 15.000000
5 10231642.000000 31.000000
0 10232204.000000 15.000000
3 10232664.000000 15.000000
1 10233290.000000 15.000000
3 10233868.000000 15.000000
4 10234487.000000 15.000000
6 10235070.000000 10.000000
1 10236340.000000 15.000000
2 10236857.000000 15.000000
1 10237345.000000 15.000000
4 10237899.000000 15.000000
4 10238380.000000 15.000000
4 10238994.000000 15.000000
0 10239652.000000 15.000000
5 10240118.000000 53.000000
3 10240673.000000 15.000000
1 10241287.000000 15.000000
6 10241740.000000 10.000000
5 10243134.000000 29.000000
0 10243593.000000 15.000000
3 10244212.000000 15.000000
3 10244731.000000 15.000000
1 10245202.000000 15.000000
1 10245772.000000 15.000000
2 10246373.000000 15.000000
4 10246969.000000 15.000000
1 10247508.000000 15.000000
2 10247948.000000 15.000000
6 10248467.000000 10.000000
0 10249688.000000 15.000000
1 10250163.000000 15.000000
4 10250626.000000 15.000000
4 10251236.000000 15.000000
5 10251754.000000 25.000000
3 10252395.000000 15.000000
3 10252861.000000 15.000000
1 10253367.000000 15.000000
5 10253816.000000 84.000000
1 10254319.000000 15.000000
6 10254844.000000 10.000000
2 10256107.000000 15.000000
1 10256703.000000 15.000000
5 10257241.000000 55.000000
2 10257683.000000 15.000000
4 10258121.000000 15.000000
1 10258630.000000 15.000000
1 10259078.000000 15.000000
1 10259521.000000 15.000000
1 10260015.000000 15.000000
4 10260451.000000 15.000000
6 10260924.000000 10.000000
1 10262199.000000 15.000000
2 10262771.000000 15.000000
1 10263217.000000 15.000000
2 10263650.000000 15.000000
0 10264109.000000 15.000000
5 10264733.000000 45.000000
1 10265319.000000 15.000000
4 10265893.000000 15.000000
5 10266418.000000 25.000000
4 10266945.000000 15.000000
6 10267586.000000 10.000000
4 10268836.000000 15.000000
0 10269314.000000 15.000000
1 10269831.000000 15.000000
5 10270395.000000 49.000000
4 10270934.000000 15.000000
1 10271471.000000 15.000000
1 10271947.000000 15.000000
1 10272374.000000 15.000000
3 10272807.000000 15.000000
3 10273388.000000 15.000000
6 10274011.000000 10.000000
4 10275302.000000 15.000000
4 10275886.000000 15.000000
1 10276547.000000 15.000000
3 10277131.000000 15.000000
4 10277625.000000 15.000000
3 10278112.000000 15.000000
5 10278630.000000 32.000000
3 10279076.000000 15.000000
5 10279711.000000 55.000000
5 10280192.000000 51.000000
6 10280734.000000 10.000000
3 10282118.000000 15.000000
0 10282719.000000 15.000000
5 10283250.000000 48.000000
3 10283696.000000 15.000000
1 10284209.000000 15.000000
1 10284676.000000 15.000000
1 10285232.000000 15.000000
0 10285819.000000 15.000000
3 10286415.000000 15.000000
1 10286938.000000 15.000000
6 10287493.000000 10.000000
3 10288783.000000 15.000000
5 10289336.000000 38.000000
0 10289946.000000 15.000000
5 10290483.000000 72.000000
3 10291101.000000 15.000000
4 10291707.000000 15.000000
4 10292256.000000 15.000000
0 10292816.000000 15.000000
3 10293249.000000 15.000000
5 10293733.000000 54.000000
6 10294178.000000 10.000000
4 10295460.000000 15.000000
3 10296120.000000 15.000000
1 10296643.000000 15.000000
2 10297083.000000 15.000000
4 10297609.000000 15.000000
2 10298229.000000 15.000000
4 10298816.000000 15.000000
3 10299389.000000 15.000000
0 10299884.000000 15.000000
5 10300396.000000 79.000000
6 10300843.000000 10.000000
4 10302148.000000 15.000000
4 10302762.000000 15.000000
1 10303252.000000 15.000000
3 10303739.000000 15.000000
4 10304197.000000 15.000000
0 10304815.000000 15.000000
3 10305404.000000 15.000000
4 10305879.000000 15.000000
3 10306540.000000 15.000000
4 10307149.000000 15.000000
6 10307680.000000 10.000000
3 10308904.000000 15.000000
1 10309423.000000 15.000000
3 10309872.000000 15.000000
4 10310493.000000 15.000000
4 10310991.000000 15.000000
4 10311648.000000 15.000000
5 10312166.000000 57.000000
1 10312696.000000 15.000000
0 10313255.000000 15.000000
4 10313811.000000 15.000000
6 10314356.000000 10.000000
3 10315689.000000 15.000000
2 10316164.000000 15.000000
1 10316610.000000 15.000000
2 10317061.000000 15.000000
3 10317587.000000 15.000000
1 10318171.000000 15.000000
2 10318759.000000 15.000000
1 10319259.000000 15.000000
2 10319840.000000 15.000000
1 10320270.000000 15.000000
6 10320855.000000 10.000000
4 10322239.000000 15.000000
2 10322857.000000 15.000000
5 10323278.000000 52.000000
4 10323908.000000 15.000000
5 10324422.000000 76.000000
3 10324877.000000 15.000000
2 10325465.000000 15.000000
5 10325975.000000 47.000000
2 10326548.000000 15.000000
2 10327136.000000 15.000000
6 10327622.000000 10.000000
0 10328992.000000 15.000000
3 10329487.000000 15.000000
5 10330105.000000 70.000000
3 10330669.000000 15.000000
1 10331286.000000 15.000000
1 10331884.000000 15.000000
1 10332506.000000 15.000000
2 10332998.000000 15.000000
1 10333472.000000 15.000000
4 10334090.000000 15.000000
6 10334742.000000 10.000000
1 10336108.000000 15.000000
4 10336562.000000 15.000000
1 10337210.000000 15.000000
5 10337666.000000 57.000000
1 10338238.000000 15.000000
1 10338689.000000 15.000000
0 10339276.000000 15.000000
3 10339852.000000 15.000000
3 10340371.000000 15.000000
4 10341009.000000 15.000000
6 10341634.000000 10.000000
2 10343022.000000 15.000000
0 10343574.000000 15.000000
3 10344054.000000 15.000000
1 10344582.000000 15.000000
2 10345024.000000 15.000000
0 10345619.000000 15.000000
0 10346071.000000 15.000000
0 10346516.000000 15.000000
5 10347017.000000 74.000000
0 10347531.000000 15.000000
6 10348126.000000 10.000000
3 10349411.000000 15.000000
0 10349863.000000 15.000000
2 10350416.000000 15.000000
5 10350885.000000 44.000000
4 10351354.000000 15.000000
5 10351934.000000 21.000000
4 10352469.000000 15.000000
0 10353068.000000 15.000000
1 10353568.000000 15.000000
3 10354081.000000 15.000000
6 10354715.000000 10.000000
1 10356052.000000 15.000000
5 10356546.000000 64.000000
2 10357023.000000 15.000000
2 10357631.000000 15.000000
3 10358155.000000 15.000000
1 10358688.000000 15.000000
3 10359259.000000 15.000000
5 10359805.000000 63.000000
5 10360345.000000 63.000000
1 10360849.000000 15.000000
6 10361297.000000 10.000000
0 10362685.000000 15.000000
3 10363207.000000 15.000000
1 10363724.000000 15.000000
1 10364331.000000 15.000000
2 10364839.000000 15.000000
3 10365404.000000 15.000000
3 10365897.000000 15.000000
1 10366446.000000 15.000000
0 10366892.000000 15.000000
0 10367471.000000 15.000000
6 10368050.000000 10.000000
3 10369398.000000 15.000000
4 10369933.000000 15.000000
5 10370570.000000 38.000000
3 10371064.000000 15.000000
4 10371595.000000 15.000000
4 10372218.000000 15.000000
3 10372758.000000 15.000000
2 10373396.000000 15.000000
3 10373832.000000 15.000000
3 10374336.000000 15.000000
6 10374889.000000 10.000000
0 10376291.000000 15.000000
3 10376810.000000 15.000000
2 10377419.000000 15.000000
5 10377970.000000 35.000000
1 10378510.000000 15.000000
4 10379004.000000 15.000000
2 10379637.000000 15.000000
1 10380212.000000 15.000000
5 10380754.000000 23.000000
0 10381371.000000 15.000000
6 10381975.000000 10.000000
1 10383186.000000 15.000000
2 10383674.000000 15.000000
1 10384121.000000 15.000000
5 10384701.000000 29.000000
4 10385186.000000 15.000000
1 10385667.000000 15.000000
0 10386138.000000 15.000000
2 10386571.000000 15.000000
4 10387035.000000 15.000000
1 10387656.000000 15.000000
6 10388106.000000 10.000000
4 10389331.000000 15.000000
2 10389883.000000 15.000000
0 10390373.000000 15.000000
2 10390876.000000 15.000000
2 10391312.000000 15.000000
5 10391771.000000 67.000000
1 10392306.000000 15.000000
3 10392805.000000 15.000000
5 10393373.000000 84.000000
5 10393838.000000 57.000000
6 10394317.000000 10.000000
4 10395545.000000 15.000000
3 10396076.000000 15.000000
2 10396680.000000 15.000000
4 10397185.000000 15.000000
5 10397673.000000 65.000000
4 10398118.000000 15.000000
0 10398663.000000 15.000000
5 10399257.000000 75.000000
5 10399719.000000 27.000000
0 10400170.000000 15.000000
6 10400673.000000 10.000000
3 10402081.000000 15.000000
5 10402616.000000 28.000000
4 10403142.000000 15.000000
0 10403664.000000 15.000000
4 10404218.000000 15.000000
3 10404800.000000 15.000000
1 10405367.000000 15.000000
4 10405931.000000 15.000000
5 10406552.000000 35.000000
2 10407057.000000 15.000000
6 10407625.000000 10.000000
5 10408918.000000 46.000000
0 10409385.000000 15.000000
1 10409859.000000 15.000000
1 10410349.000000 15.000000
3 10410805.000000 15.000000
0 10411341.000000 15.000000
3 10411867.000000 15.000000
2 10412483.000000 15.000000
1 10413081.000000 15.000000
0 10413613.000000 15.000000
6 10414173.000000 10.000000
0 10415525.000000 15.000000
4 10415996.000000 15.000000
1 10416477.000000 15.000000
2 10417036.000000 15.000000
3 10417577.000000 15.000000
5 10418194.000000 53.000000
1 10418822.000000 15.000000
0 10419408.000000 15.000000
1 10419942.000000 15.000000
5 10420430.000000 62.000000
6 10421055.000000 10.000000
4 10422355.000000 15.000000
4 10422992.000000 15.000000
3 10423544.000000 15.000000
3 10424009.000000 15.000000
2 10424474.000000 15.000000
0 10425033.000000 15.000000
2 10425544.000000 15.000000
4 10426038.000000 15.000000
0 10426567.000000 15.000000
5 10427085.000000 58.000000
6 10427718.000000 10.000000
2 10429032.000000 15.000000
4 10429455.000000 15.000000
4 10430101.000000 15.000000
2 10430674.000000 15.000000
4 10431278.000000 15.000000
0 10431769.000000 15.000000
2 10432297.000000 15.000000
0 10432861.000000 15.000000
5 10433385.000000 31.000000
5 10433967.000000 62.000000
6 10434604.000000 10.000000
0 10435986.000000 15.000000
0 10436485.000000 15.000000
2 10437057.000000 15.000000
2 10437535.000000 15.000000
5 10438028.000000 81.000000
5 10438558.000000 36.000000
5 10439096.000000 44.000000
4 10439725.000000 15.000000
0 10440343.000000 15.000000
0 10440804.000000 15.000000
6 10441399.000000 10.000000
5 10442626.000000 68.000000
5 10443198.000000 66.000000
2 10443661.000000 15.000000
5 10444137.000000 25.000000
4 10444721.000000 15.000000
1 10445291.000000 15.000000
2 10445803.000000 15.000000
5 10446349.000000 20.000000
5 10446831.000000 60.000000
0 10447362.000000 15.000000
6 10447808.000000 10.000000
1 10449020.000000 15.000000
2 10449497.000000 15.000000
5 10449967.000000 51.000000
5 10450606.000000 75.000000
2 10451163.000000 15.000000
1 10451715.000000 15.000000
3 10452335.000000 15.000000
4 10452821.000000 15.000000
1 10453464.000000 15.000000
0 10454024.000000 15.000000
6 10454554.000000 10.000000
3 10455884.000000 15.000000
3 10456375.000000 15.000000
1 10456832.000000 15.000000
3 10457408.000000 15.000000
0 10457931.000000 15.000000
5 10458552.000000 54.000000
3 10459022.000000 15.000000
1 10459502.000000 15.000000
5 10460061.000000 38.000000
2 10460617.000000 15.000000
6 10461160.000000 10.000000
5 10462438.000000 77.000000
5 10463074.000000 32.000000
1 10463641.000000 15.000000
3 10464100.000000 15.000000
1 10464716.000000 15.000000
4 10465274.000000 15.000000
5 10465777.000000 74.000000
2 10466231.000000 15.000000
4 10466721.000000 15.000000
2 10467355.000000 15.000000
6 10467947.000000 10.000000
4 10469282.000000 15.000000
0 10469783.000000 15.000000
0 10470257.000000 15.000000
5 10470778.000000 76.000000
4 10471392.000000 15.000000
0 10471914.000000 15.000000
1 10472480.000000 15.000000
5 10472930.000000 22.000000
5 10473497.000000 45.000000
2 10474007.000000 15.000000
6 10474453.000000 10.000000
2 10475693.000000 15.000000
3 10476238.000000 15.000000
2 10476763.000000 15.000000
0 10477249.000000 15.000000
0 10477802.000000 15.000000
4 10478272.000000 15.000000
2 10478770.000000 15.000000
2 10479270.000000 15.000000
3 10479724.000000 15.000000
5 10480312.000000 50.000000
6 10480932.000000 10.000000
4 10482184.000000 15.000000
1 10482814.000000 15.000000
0 10483377.000000 15.000000
0 10483903.000000 15.000000
5 10484487.000000 53.000000
4 10484981.000000 15.000000
4 10485549.000000 15.000000
1 10486094.000000 15.000000
3 10486627.000000 15.000000
3 10487270.000000 15.000000
6 10487828.000000 10.000000
5 10489087.000000 54.000000
4 10489653.000000 15.000000
1 10490187.000000 15.000000
4 10490647.000000 15.000000
1 10491191.000000 15.000000
0 10491651.000000 15.000000
5 10492253.000000 45.000000
4 10492734.000000 15.000000
3 10493342.000000 15.000000
1 10493864.000000 15.000000
6 10494410.000000 10.000000
4 10495753.000000 15.000000
5 10496389.000000 24.000000
2 10496910.000000 15.000000
3 10497406.000000 15.000000
0 10497963.000000 15.000000
5 10498552.000000 47.000000
1 10499088.000000 15.000000
2 10499648.000000 15.000000
1 10500204.000000 15.000000
0 10500700.000000 15.000000
6 10501159.000000 10.000000
3 10502472.000000 15.000000
1 10503055.000000 15.000000
2 10503610.000000 15.000000
1 10504211.000000 15.000000
2 10504725.000000 15.000000
0 10505192.000000 15.000000
2 10505787.000000 15.000000
1 10506356.000000 15.000000
2 10506831.000000 15.000000
4 10507423.000000 15.000000
6 10507909.000000 10.000000
1 10509146.000000 15.000000
3 10509738.000000 15.000000
2 10510329.000000 15.000000
4 10510895.000000 15.000000
0 10511480.000000 15.000000
3 10512088.000000 15.000000
3 10512625.000000 15.000000
4 10513132.000000 15.000000
0 10513613.000000 15.000000
3 10514233.000000 15.000000
6 10514761.000000 10.000000
5 10516025.000000 26.000000
1 10516618.000000 15.000000
2 10517041.000000 15.000000
5 10517511.000000 40.000000
3 10518080.000000 15.000000
2 10518587.000000 15.000000
2 10519086.000000 15.000000
0 10519621.000000 15.000000
1 10520144.000000 15.000000
5 10520619.000000 84.000000
6 10521182.000000 10.000000
4 10522509.000000 15.000000
2 10523065.000000 15.000000
1 10523663.000000 15.000000
3 10524206.000000 15.000000
3 10524808.000000 15.000000
0 10525388.000000 15.000000
1 10525867.000000 15.000000
2 10526339.000000 15.000000
4 10526842.000000 15.000000
1 10527347.000000 15.000000
6 10527892.000000 10.000000
1 10529231.000000 15.000000
3 10529761.000000 15.000000
0 10530312.000000 15.000000
5 10530764.000000 34.000000
0 10531398.000000 15.000000
5 10531948.000000 71.000000
0 10532544.000000 15.000000
2 10533120.000000 15.000000
3 10533537.000000 15.000000
3 10534080.000000 15.000000
6 10534661.000000 10.000000
2 10536040.000000 15.000000
3 10536475.000000 15.000000
3 10537015.000000 15.000000
3 10537491.000000 15.000000
3 10538046.000000 15.000000
3 10538684.000000 15.000000
2 10539308.000000 15.000000
0 10539922.000000 15.000000
0 10540412.000000 15.000000
4 10540949.000000 15.000000
6 10541442.000000 10.000000
5 10542805.000000 73.000000
4 10543263.000000 15.000000
3 10543771.000000 15.000000
3 10544330.000000 15.000000
4 10544881.000000 15.000000
4 10545410.000000 15.000000
4 10545991.000000 15.000000
1 10546656.000000 15.000000
5 10547112.000000 51.000000
1 10547574.000000 15.000000
6 10548038.000000 10.000000
5 10549261.000000 73.000000
2 10549881.000000 15.000000
1 10550335.000000 15.000000
5 10550809.000000 76.000000
1 10551421.000000 15.000000
5 10551965.000000 37.000000
0 10552480.000000 15.000000
3 10553098.000000 15.000000
2 10553733.000000 15.000000
2 10554256.000000 15.000000
6 10554801.000000 10.000000
1 10556122.000000 15.000000
2 10556619.000000 15.000000
0 10557088.000000 15.000000
1 10557573.000000 15.000000
0 10558131.000000 15.000000
0 10558673.000000 15.000000
4 10559189.000000 15.000000
2 10559813.000000 15.000000
1 10560353.000000 15.000000
4 10560798.000000 15.000000
6 10561316.000000 10.000000
3 10562588.000000 15.000000
0 10563153.000000 15.000000
4 10563725.000000 15.000000
3 10564271.000000 15.000000
3 10564739.000000 15.000000
0 10565269.000000 15.000000
4 10565834.000000 15.000000
1 10566393.000000 15.000000
5 10566922.000000 40.000000
5 10567497.000000 83.000000
6 10567975.000000 10.000000
3 10569300.000000 15.000000
5 10569913.000000 63.000000
2 10570464.000000 15.000000
2 10570953.000000 15.000000
1 10571523.000000 15.000000
4 10572055.000000 15.000000
1 10572662.000000 15.000000
2 10573250.000000 15.000000
3 10573676.000000 15.000000
3 10574297.000000 15.000000
6 10574870.000000 10.000000
2 10576178.000000 15.000000
1 10576720.000000 15.000000
3 10577218.000000 15.000000
1 10577850.000000 15.000000
1 10578375.000000 15.000000
0 10578953.000000 15.000000
4 10579524.000000 15.000000
5 10580091.000000 73.000000
0 10580672.000000 15.000000
3 10581198.000000 15.000000
6 10581698.000000 10.000000
0 10583070.000000 15.000000
0 10583504.000000 15.000000
2 10584087.000000 15.000000
4 10584603.000000 15.000000
4 10585245.000000 15.000000
3 10585721.000000 15.000000
5 10586180.000000 36.000000
3 10586731.000000 15.000000
3 10587268.000000 15.000000
1 10587910.000000 15.000000
6 10588449.000000 10.000000
4 10589702.000000 15.000000
0 10590298.000000 15.000000
2 10590854.000000 15.000000
0 10591345.000000 15.000000
3 10591926.000000 15.000000
0 10592500.000000 15.000000
5 10592978.000000 21.000000
3 10593537.000000 15.000000
2 10594082.000000 15.000000
0 10594614.000000 15.000000
6 10595163.000000 10.000000
5 10596441.000000 64.000000
1 10596937.000000 15.000000
5 10597396.000000 61.000000
2 10597980.000000 15.000000
1 10598560.000000 15.000000
4 10599045.000000 15.000000
5 10599649.000000 33.000000
1 10600173.000000 15.000000
3 10600722.000000 15.000000
0 10601365.000000 15.000000
6 10601832.000000 10.000000
5 10603134.000000 68.000000
5 10603617.000000 68.000000
0 10604230.000000 15.000000
4 10604803.000000 15.000000
0 10605300.000000 15.000000
2 10605865.000000 15.000000
4 10606289.000000 15.000000
0 10606875.000000 15.000000
2 10607492.000000 15.000000
0 10608027.000000 15.000000
6 10608542.000000 10.000000
5 10609775.000000 59.000000
0 10610267.000000 15.000000
0 10610790.000000 15.000000
5 10611294.000000 42.000000
3 10611746.000000 15.000000
5 10612292.000000 83.000000
2 10612865.000000 15.000000
1 10613349.000000 15.000000
2 10613901.000000 15.000000
3 10614507.000000 15.000000
6 10614988.000000 10.000000
0 10616240.000000 15.000000
5 10616767.000000 47.000000
3 10617224.000000 15.000000
5 10617862.000000 55.000000
5 10618329.000000 35.000000
3 10618841.000000 15.000000
2 10619296.000000 15.000000
2 10619773.000000 15.000000
0 10620252.000000 15.000000
3 10620839.000000 15.000000
6 10621350.000000 10.000000
1 10622604.000000 15.000000
4 10623034.000000 15.000000
4 10623683.000000 15.000000
3 10624212.000000 15.000000
3 10624690.000000 15.000000
4 10625293.000000 15.000000
5 10625815.000000 42.000000
5 10626417.000000 36.000000
0 10626882.000000 15.000000
1 10627465.000000 15.000000
6 10628034.000000 10.000000
5 10629433.000000 49.000000
3 10629966.000000 15.000000
4 10630591.000000 15.000000
4 10631106.000000 15.000000
0 10631646.000000 15.000000
2 10632246.000000 15.000000
4 10632851.000000 15.000000
0 10633359.000000 15.000000
1 10633825.000000 15.000000
0 10634410.000000 15.000000
6 10635007.000000 10.000000
5 10636297.000000 37.000000
3 10636917.000000 15.000000
5 10637377.000000 70.000000
3 10637864.000000 15.000000
3 10638325.000000 15.000000
3 10638803.000000 15.000000
0 10639334.000000 15.000000
2 10639922.000000 15.000000
1 10640427.000000 15.000000
3 10640969.000000 15.000000
6 10641508.000000 10.000000
0 10642899.000000 15.000000
2 10643406.000000 15.000000
4 10643862.000000 15.000000
1 10644358.000000 15.000000
1 10644925.000000 15.000000
0 10645466.000000 15.000000
1 10646051.000000 15.000000
3 10646617.000000 15.000000
4 10647210.000000 15.000000
2 10647688.000000 15.000000
6 10648147.000000 10.000000
3 10649465.000000 15.000000
3 10650082.000000 15.000000
0 10650658.000000 15.000000
1 10651206.000000 15.000000
1 10651664.000000 15.000000
4 10652160.000000 15.000000
0 10652666.000000 15.000000
4 10653121.000000 15.000000
0 10653689.000000 15.000000
3 10654235.000000 15.000000
6 10654720.000000 10.000000
1 10656028.000000 15.000000
3 10656479.000000 15.000000
5 10656969.000000 43.000000
0 10657511.000000 15.000000
1 10658003.000000 15.000000
4 10658505.000000 15.000000
2 10659077.000000 15.000000
1 10659553.000000 15.000000
0 10660048.000000 15.000000
3 10660598.000000 15.000000
6 10661224.000000 10.000000
0 10662482.000000 15.000000
5 10662959.000000 55.000000
0 10663498.000000 15.000000
3 10664081.000000 15.000000
0 10664681.000000 15.000000
5 10665149.000000 42.000000
5 10665785.000000 56.000000
0 10666282.000000 15.000000
5 10666855.000000 53.000000
0 10667495.000000 15.000000
6 10668075.000000 10.000000
3 10669418.000000 15.000000
1 10669971.000000 15.000000
4 10670563.000000 15.000000
0 10671202.000000 15.000000
5 10671684.000000 54.000000
4 10672146.000000 15.000000
3 10672677.000000 15.000000
0 10673165.000000 15.000000
1 10673599.000000 15.000000
0 10674069.000000 15.000000
6 10674691.000000 10.000000
5 10675996.000000 27.000000
1 10676515.000000 15.000000
3 10676940.000000 15.000000
0 10677571.000000 15.000000
2 10678164.000000 15.000000
1 10678763.000000 15.000000
2 10679263.000000 15.000000
0 10679808.000000 15.000000
0 10680328.000000 15.000000
2 10680854.000000 15.000000
6 10681444.000000 10.000000
4 10682660.000000 15.000000
3 10683323.000000 15.000000
3 10683921.000000 15.000000
5 10684420.000000 64.000000
2 10684982.000000 15.000000
0 10685494.000000 15.000000
5 10685947.000000 32.000000
3 10686574.000000 15.000000
4 10687045.000000 15.000000
0 10687577.000000 15.000000
6 10688144.000000 10.000000
2 10689409.000000 15.000000
5 10689955.000000 40.000000
0 10690400.000000 15.000000
3 10690992.000000 15.000000
1 10691492.000000 15.000000
5 10692075.000000 60.000000
3 10692614.000000 15.000000
3 10693179.000000 15.000000
5 10693817.000000 37.000000
3 10694341.000000 15.000000
6 10694930.000000 10.000000
5 10696198.000000 27.000000
2 10696816.000000 15.000000
0 10697304.000000 15.000000
5 10697861.000000 29.000000
2 10698334.000000 15.000000
3 10698850.000000 15.000000
4 10699330.000000 15.000000
4 10699879.000000 15.000000
1 10700377.000000 15.000000
5 10700899.000000 36.000000
6 10701527.000000 10.000000
4 10702918.000000 15.000000
1 10703537.000000 15.000000
0 10704122.000000 15.000000
4 10704605.000000 15.000000
2 10705157.000000 15.000000
4 10705641.000000 15.000000
1 10706281.000000 15.000000
5 10706714.000000 81.000000
2 10707325.000000 15.000000
2 10707896.000000 15.000000
6 10708509.000000 10.000000
1 10709840.000000 15.000000
1 10710274.000000 15.000000
3 10710697.000000 15.000000
4 10711293.000000 15.000000
5 10711926.000000 44.000000
4 10712528.000000 15.000000
3 10713160.000000 15.000000
0 10713659.000000 15.000000
2 10714261.000000 15.000000
0 10714684.000000 15.000000
6 10715277.000000 10.000000
5 10716599.000000 35.000000
2 10717099.000000 15.000000
0 10717561.000000 15.000000
1 10718081.000000 15.000000
2 10718675.000000 15.000000
3 10719178.000000 15.000000
1 10719642.000000 15.000000
5 10720207.000000 54.000000
3 10720653.000000 15.000000
0 10721177.000000 15.000000
6 10721778.000000 10.000000
2 10723126.000000 15.000000
1 10723563.000000 15.000000
5 10724024.000000 68.000000
4 10724568.000000 15.000000
5 10725081.000000 53.000000
0 10725612.000000 15.000000
5 10726079.000000 46.000000
0 10726524.000000 15.000000
2 10726980.000000 15.000000
3 10727556.000000 15.000000
6 10728133.000000 10.000000
5 10729453.000000 43.000000
5 10729909.000000 39.000000
1 10730355.000000 15.000000
5 10730787.000000 64.000000
4 10731348.000000 15.000000
3 10731937.000000 15.000000
4 10732430.000000 15.000000
1 10733071.000000 15.000000
3 10733658.000000 15.000000
4 10734221.000000 15.000000
6 10734885.000000 10.000000
0 10736126.000000 15.000000
3 10736747.000000 15.000000
4 10737319.000000 15.000000
3 10737986.000000 15.000000
2 10738482.000000 15.000000
5 10739089.000000 70.000000
4 10739574.000000 15.000000
4 10740206.000000 15.000000
1 10740841.000000 15.000000
4 10741414.000000 15.000000
6 10742031.000000 10.000000
4 10743438.000000 15.000000
0 10743985.000000 15.000000
4 10744479.000000 15.000000
5 10745118.000000 80.000000
2 10745572.000000 15.000000
0 10746112.000000 15.000000
0 10746567.000000 15.000000
0 10747174.000000 15.000000
0 10747728.000000 15.000000
0 10748261.000000 15.000000
6 10748801.000000 10.000000
3 10750107.000000 15.000000
3 10750576.000000 15.000000
3 10751170.000000 15.000000
2 10751653.000000 15.000000
0 10752138.000000 15.000000
1 10752766.000000 15.000000
1 10753330.000000 15.000000
2 10753945.000000 15.000000
2 10754388.000000 15.000000
3 10754911.000000 15.000000
6 10755409.000000 10.000000
2 10756751.000000 15.000000
2 10757274.000000 15.000000
1 10757715.000000 15.000000
0 10758235.000000 15.000000
5 10758673.000000 33.000000
0 10759298.000000 15.000000
0 10759810.000000 15.000000
4 10760244.000000 15.000000
5 10760859.000000 23.000000
3 10761455.000000 15.000000
6 10761959.000000 10.000000
5 10763270.000000 76.000000
4 10763838.000000 15.000000
3 10764427.000000 15.000000
3 10764997.000000 15.000000
2 10765619.000000 15.000000
3 10766103.000000 15.000000
1 10766599.000000 15.000000
5 10767034.000000 66.000000
0 10767539.000000 15.000000
3 10768071.000000 15.000000
6 10768699.000000 10.000000
2 10770027.000000 15.000000
1 10770573.000000 15.000000
4 10771028.000000 15.000000
0 10771608.000000 15.000000
2 10772122.000000 15.000000
3 10772567.000000 15.000000
3 10773117.000000 15.000000
3 10773687.000000 15.000000
3 10774323.000000 15.000000
4 10774946.000000 15.000000
6 10775557.000000 10.000000
0 10776960.000000 15.000000
5 10777419.000000 56.000000
5 10777958.000000 48.000000
0 10778544.000000 15.000000
2 10779162.000000 15.000000
1 10779608.000000 15.000000
2 10780110.000000 15.000000
1 10780641.000000 15.000000
5 10781197.000000 75.000000
1 10781785.000000 15.000000
6 10782283.000000 10.000000
0 10783556.000000 15.000000
1 10784048.000000 15.000000
0 10784640.000000 15.000000
3 10785157.000000 15.000000
2 10785718.000000 15.000000
3 10786160.000000 15.000000
0 10786631.000000 15.000000
0 10787209.000000 15.000000
5 10787827.000000 32.000000
2 10788447.000000 15.000000
6 10788865.000000 10.000000
1 10790190.000000 15.000000
1 10790633.000000 15.000000
5 10791056.000000 36.000000
0 10791568.000000 15.000000
2 10792184.000000 15.000000
5 10792729.000000 39.000000
2 10793189.000000 15.000000
0 10793737.000000 15.000000
3 10794293.000000 15.000000
3 10794873.000000 15.000000
6 10795413.000000 10.000000
3 10796720.000000 15.000000
3 10797231.000000 15.000000
1 10797850.000000 15.000000
1 10798443.000000 15.000000
4 10799045.000000 15.000000
3 10799622.000000 15.000000
2 10800260.000000 15.000000
0 10800829.000000 15.000000
1 10801437.000000 15.000000
5 10801929.000000 35.000000
6 10802386.000000 10.000000
4 10803703.000000 15.000000
2 10804283.000000 15.000000
2 10804721.000000 15.000000
4 10805315.000000 15.000000
4 10805902.000000 15.000000
1 10806394.000000 15.000000
3 10806943.000000 15.000000
4 10807554.000000 15.000000
2 10808125.000000 15.000000
0 10808556.000000 15.000000
6 10809136.000000 10.000000
1 10810464.000000 15.000000
2 10810972.000000 15.000000
2 10811582.000000 15.000000
2 10811999.000000 15.000000
1 10812550.000000 15.000000
0 10813049.000000 15.000000
4 10813611.000000 15.000000
2 10814132.000000 15.000000
3 10814731.000000 15.000000
4 10815330.000000 15.000000
6 10815921.000000 10.000000
1 10817258.000000 15.000000
4 10817789.000000 15.000000
2 10818461.000000 15.000000
3 10818980.000000 15.000000
4 10819480.000000 15.000000
5 10820147.000000 36.000000
1 10820699.000000 15.000000
3 10821167.000000 15.000000
5 10821746.000000 64.000000
4 10822358.000000 15.000000
6 10822894.000000 10.000000
5 10824201.000000 61.000000
1 10824726.000000 15.000000
5 10825156.000000 31.000000
4 10825673.000000 15.000000
3 10826179.000000 15.000000
0 10826665.000000 15.000000
1 10827222.000000 15.000000
0 10827731.000000 15.000000
5 10828184.000000 74.000000
0 10828818.000000 15.000000
6 10829327.000000 10.000000
2 10830725.000000 15.000000
2 10831313.000000 15.000000
5 10831867.000000 47.000000
0 10832473.000000 15.000000
0 10832933.000000 15.000000
1 10833547.000000 15.000000
3 10833998.000000 15.000000
0 10834610.000000 15.000000
0 10835164.000000 15.000000
4 10835766.000000 15.000000
6 10836391.000000 10.000000
5 10837715.000000 45.000000
0 10838165.000000 15.000000
2 10838656.000000 15.000000
1 10839268.000000 15.000000
3 10839866.000000 15.000000
5 10840431.000000 53.000000
1 10841058.000000 15.000000
4 10841636.000000 15.000000
2 10842124.000000 15.000000
5 10842634.000000 64.000000
6 10843229.000000 10.000000
2 10844443.000000 15.000000
1 10845041.000000 15.000000
5 10845613.000000 68.000000
4 10846205.000000 15.000000
0 10846720.000000 15.000000
5 10847203.000000 69.000000
3 10847838.000000 15.000000
3 10848417.000000 15.000000
2 10849013.000000 15.000000
3 10849461.000000 15.000000
6 10849988.000000 10.000000
3 10851283.000000 15.000000
0 10851903.000000 15.000000
3 10852459.000000 15.000000
4 10853029.000000 15.000000
4 10853676.000000 15.000000
0 10854265.000000 15.000000
5 10854836.000000 84.000000
5 10855408.000000 82.000000
5 10855949.000000 35.000000
3 10856442.000000 15.000000
6 10857046.000000 10.000000
5 10858435.000000 26.000000
5 10858880.000000 81.000000
2 10859495.000000 15.000000
5 10859986.000000 49.000000
4 10860590.000000 15.000000
5 10861121.000000 81.000000
0 10861645.000000 15.000000
2 10862132.000000 15.000000
5 10862723.000000 59.000000
4 10863310.000000 15.000000
6 10863949.000000 10.000000
0 10865347.000000 15.000000
3 10865883.000000 15.000000
2 10866507.000000 15.000000
1 10867006.000000 15.000000
2 10867501.000000 15.000000
3 10867955.000000 15.000000
3 10868483.000000 15.000000
2 10869015.000000 15.000000
4 10869603.000000 15.000000
2 10870260.000000 15.000000
6 10870749.000000 10.000000
5 10872051.000000 67.000000
3 10872605.000000 15.000000
2 10873198.000000 15.000000
2 10873800.000000 15.000000
2 10874316.000000 15.000000
5 10874765.000000 56.000000
0 10875268.000000 15.000000
1 10875843.000000 15.000000
2 10876382.000000 15.000000
3 10876993.000000 15.000000
6 10877462.000000 10.000000
4 10878674.000000 15.000000
4 10879294.000000 15.000000
2 10879813.000000 15.000000
4 10880252.000000 15.000000
2 10880814.000000 15.000000
0 10881359.000000 15.000000
0 10881892.000000 15.000000
1 10882464.000000 15.000000
1 10883017.000000 15.000000
2 10883471.000000 15.000000
6 10883967.000000 10.000000
4 10885263.000000 15.000000
0 10885818.000000 15.000000
1 10886359.000000 15.000000
4 10886967.000000 15.000000
4 10887589.000000 15.000000
5 10888168.000000 66.000000
0 10888725.000000 15.000000
1 10889175.000000 15.000000
5 10889672.000000 84.000000
4 10890179.000000 15.000000
6 10890673.000000 10.000000
5 10891890.000000 30.000000
1 10892393.000000 15.000000
3 10892861.000000 15.000000
2 10893502.000000 15.000000
2 10893982.000000 15.000000
5 10894460.000000 67.000000
5 10895033.000000 79.000000
3 10895478.000000 15.000000
2 10895946.000000 15.000000
1 10896528.000000 15.000000
6 10897034.000000 10.000000
5 10898269.000000 20.000000
0 10898881.000000 15.000000
2 10899472.000000 15.000000
0 10899954.000000 15.000000
4 10900554.000000 15.000000
2 10901069.000000 15.000000
5 10901618.000000 21.000000
1 10902196.000000 15.000000
4 10902661.000000 15.000000
0 10903163.000000 15.000000
6 10903757.000000 10.000000
3 10905074.000000 15.000000
2 10905714.000000 15.000000
4 10906151.000000 15.000000
5 10906702.000000 48.000000
4 10907314.000000 15.000000
0 10907892.000000 15.000000
2 10908472.000000 15.000000
5 10908993.000000 60.000000
3 10909632.000000 15.000000
5 10910278.000000 55.000000
6 10910757.000000 10.000000
5 10912111.000000 45.000000
2 10912563.000000 15.000000
1 10913138.000000 15.000000
1 10913670.000000 15.000000
2 10914198.000000 15.000000
2 10914663.000000 15.000000
4 10915085.000000 15.000000
0 10915578.000000 15.000000
4 10916073.000000 15.000000
5 10916576.000000 23.000000
6 10917068.000000 10.000000
0 10918466.000000 15.000000
2 10918916.000000 15.000000
0 10919527.000000 15.000000
1 10920087.000000 15.000000
1 10920635.000000 15.000000
1 10921149.000000 15.000000
0 10921651.000000 15.000000
5 10922158.000000 66.000000
5 10922601.000000 29.000000
3 10923215.000000 15.000000
6 10923763.000000 10.000000
1 10925129.000000 15.000000
1 10925591.000000 15.000000
4 10926084.000000 15.000000
3 10926620.000000 15.000000
2 10927144.000000 15.000000
3 10927724.000000 15.000000
5 10928218.000000 43.000000
2 10928704.000000 15.000000
0 10929165.000000 15.000000
0 10929719.000000 15.000000
6 10930192.000000 10.000000
3 10931446.000000 15.000000
2 10931913.000000 15.000000
2 10932384.000000 15.000000
1 10932842.000000 15.000000
3 10933446.000000 15.000000
5 10933978.000000 74.000000
5 10934452.000000 31.000000
1 10934921.000000 15.000000
3 10935499.000000 15.000000
2 10936041.000000 15.000000
6 10936521.000000 10.000000
3 10937859.000000 15.000000
4 10938393.000000 15.000000
1 10938932.000000 15.000000
3 10939476.000000 15.000000
2 10939950.000000 15.000000
3 10940533.000000 15.000000
3 10941073.000000 15.000000
3 10941575.000000 15.000000
0 10942173.000000 15.000000
1 10942638.000000 15.000000
6 10943226.000000 10.000000
5 10944546.000000 53.000000
2 10945026.000000 15.000000
1 10945572.000000 15.000000
4 10946116.000000 15.000000
1 10946597.000000 15.000000
3 10947207.000000 15.000000
2 10947765.000000 15.000000
1 10948375.000000 15.000000
3 10948868.000000 15.000000
3 10949323.000000 15.000000
6 10949819.000000 10.000000
0 10951106.000000 15.000000
2 10951638.000000 15.000000
3 10952114.000000 15.000000
0 10952625.000000 15.000000
0 10953058.000000 15.000000
3 10953606.000000 15.000000
3 10954066.000000 15.000000
5 10954651.000000 42.000000
1 10955233.000000 15.000000
1 10955684.000000 15.000000
6 10956276.000000 10.000000
3 10957647.000000 15.000000
4 10958102.000000 15.000000
2 10958593.000000 15.000000
2 10959131.000000 15.000000
0 10959574.000000 15.000000
0 10960141.000000 15.000000
5 10960607.000000 42.000000
4 10961204.000000 15.000000
2 10961811.000000 15.000000
2 10962231.000000 15.000000
6 10962840.000000 10.000000
4 10964230.000000 15.000000
3 10964735.000000 15.000000
5 10965230.000000 74.000000
4 10965676.000000 15.000000
2 10966296.000000 15.000000
3 10966860.000000 15.000000
3 10967375.000000 15.000000
5 10968005.000000 34.000000
0 10968505.000000 15.000000
0 10969067.000000 15.000000
6 10969596.000000 10.000000
3 10970894.000000 15.000000
3 10971377.000000 15.000000
4 10971941.000000 15.000000
5 10972566.000000 84.000000
5 10973148.000000 66.000000
3 10973604.000000 15.000000
2 10974071.000000 15.000000
1 10974504.000000 15.000000
4 10974975.000000 15.000000
1 10975590.000000 15.000000
6 10976143.000000 10.000000
0 10977541.000000 15.000000
5 10978035.000000 47.000000
5 10978645.000000 76.000000
5 10979284.000000 74.000000
3 10979805.000000 15.000000
4 10980440.000000 15.000000
5 10981012.000000 29.000000
3 10981546.000000 15.000000
3 10982129.000000 15.000000
4 10982625.000000 15.000000
6 10983254.000000 10.000000
2 10984484.000000 15.000000
0 10984899.000000 15.000000
5 10985528.000000 32.000000
4 10986052.000000 15.000000
0 10986625.000000 15.000000
1 10987254.000000 15.000000
2 10987807.000000 15.000000
2 10988384.000000 15.000000
4 10988858.000000 15.000000
0 10989365.000000 15.000000
6 10989887.000000 10.000000
3 10991151.000000 15.000000
4 10991640.000000 15.000000
4 10992274.000000 15.000000
4 10992782.000000 15.000000
2 10993312.000000 15.000000
5 10993858.000000 42.000000
4 10994305.000000 15.000000
2 10994811.000000 15.000000
4 10995405.000000 15.000000
3 10996053.000000 15.000000
6 10996613.000000 10.000000
1 10997874.000000 15.000000
4 10998434.000000 15.000000
0 10999086.000000 15.000000
1 10999614.000000 15.000000
0 11000130.000000 15.000000
2 11000636.000000 15.000000
3 11001057.000000 15.000000
5 11001572.000000 73.000000
5 11002032.000000 65.000000
2 11002648.000000 15.000000
6 11003242.000000 10.000000
4 11004617.000000 15.000000
2 11005244.000000 15.000000
5 11005666.000000 71.000000
5 11006216.000000 23.000000
2 11006765.000000 15.000000
0 11007199.000000 15.000000
4 11007655.000000 15.000000
2 11008172.000000 15.000000
3 11008587.000000 15.000000
0 11009090.000000 15.000000
6 11009553.000000 10.000000
1 11010840.000000 15.000000
4 11011278.000000 15.000000
5 11011752.000000 57.000000
1 11012292.000000 15.000000
3 11012806.000000 15.000000
5 11013313.000000 49.000000
5 11013893.000000 31.000000
4 11014389.000000 15.000000
5 11014967.000000 75.000000
3 11015423.000000 15.000000
6 11015950.000000 10.000000
0 11017352.000000 15.000000
3 11017894.000000 15.000000
0 11018453.000000 15.000000
2 11018901.000000 15.000000
2 11019325.000000 15.000000
3 11019820.000000 15.000000
3 11020299.000000 15.000000
4 11020910.000000 15.000000
2 11021390.000000 15.000000
3 11021837.000000 15.000000
6 11022404.000000 10.000000
3 11023756.000000 15.000000
1 11024218.000000 15.000000
2 11024711.000000 15.000000
1 11025135.000000 15.000000
4 11025570.000000 15.000000
0 11026188.000000 15.000000
4 11026803.000000 15.000000
5 11027331.000000 25.000000
4 11027866.000000 15.000000
0 11028473.000000 15.000000
6 11029011.000000 10.000000
5 11030296.000000 34.000000
3 11030838.000000 15.000000
5 11031344.000000 83.000000
1 11031840.000000 15.000000
2 11032400.000000 15.000000
0 11032881.000000 15.000000
4 11033463.000000 15.000000
0 11034059.000000 15.000000
1 11034503.000000 15.000000
2 11035048.000000 15.000000
6 11035645.000000 10.000000
1 11036857.000000 15.000000
2 11037298.000000 15.000000
1 11037868.000000 15.000000
2 11038474.000000 15.000000
0 11038960.000000 15.000000
3 11039565.000000 15.000000
4 11040206.000000 15.000000
1 11040809.000000 15.000000
4 11041401.000000 15.000000
2 11042056.000000 15.000000
6 11042577.000000 10.000000
2 11043983.000000 15.000000
0 11044501.000000 15.000000
3 11044984.000000 15.000000
0 11045597.000000 15.000000
5 11046168.000000 69.000000
5 11046762.000000 61.000000
5 11047393.000000 42.000000
4 11047847.000000 15.000000
3 11048510.000000 15.000000
0 11049017.000000 15.000000
6 11049498.000000 10.000000
5 11050890.000000 55.000000
2 11051407.000000 15.000000
4 11051992.000000 15.000000
3 11052584.000000 15.000000
0 11053063.000000 15.000000
1 11053572.000000 15.000000
4 11054021.000000 15.000000
4 11054510.000000 15.000000
1 11054988.000000 15.000000
4 11055563.000000 15.000000
6 11056050.000000 10.000000
3 11057368.000000 15.000000
2 11057838.000000 15.000000
5 11058289.000000 58.000000
4 11058811.000000 15.000000
0 11059439.000000 15.000000
3 11060059.000000 15.000000
5 11060543.000000 40.000000
2 11061171.000000 15.000000
3 11061603.000000 15.000000
3 11062091.000000 15.000000
6 11062626.000000 10.000000
3 11063908.000000 15.000000
0 11064552.000000 15.000000
4 11065027.000000 15.000000
1 11065655.000000 15.000000
4 11066084.000000 15.000000
1 11066565.000000 15.000000
1 11067110.000000 15.000000
1 11067582.000000 15.000000
4 11068068.000000 15.000000
2 11068552.000000 15.000000
6 11068990.000000 10.000000
3 11070328.000000 15.000000
3 11070913.000000 15.000000
2 11071538.000000 15.000000
3 11072028.000000 15.000000
5 11072556.000000 49.000000
3 11073032.000000 15.000000
5 11073516.000000 77.000000
0 11074048.000000 15.000000
0 11074538.000000 15.000000
0 11075052.000000 15.000000
6 11075608.000000 10.000000
3 11076909.000000 15.000000
0 11077371.000000 15.000000
3 11077970.000000 15.000000
2 11078544.000000 15.000000
2 11079046.000000 15.000000
1 11079477.000000 15.000000
1 11079962.000000 15.000000
4 11080389.000000 15.000000
2 11080967.000000 15.000000
4 11081511.000000 15.000000
6 11082012.000000 10.000000
4 11083316.000000 15.000000
0 11083940.000000 15.000000
2 11084393.000000 15.000000
0 11084873.000000 15.000000
5 11085434.000000 41.000000
4 11086069.000000 15.000000
0 11086636.000000 15.000000
5 11087084.000000 73.000000
4 11087547.000000 15.000000
4 11088028.000000 15.000000
6 11088674.000000 10.000000
3 11090002.000000 15.000000
2 11090501.000000 15.000000
3 11090963.000000 15.000000
0 11091423.000000 15.000000
2 11092030.000000 15.000000
3 11092456.000000 15.000000
4 11092972.000000 15.000000
0 11093624.000000 15.000000
1 11094250.000000 15.000000
1 11094754.000000 15.000000
6 11095328.000000 10.000000
2 11096689.000000 15.000000
1 11097301.000000 15.000000
0 11097897.000000 15.000000
5 11098478.000000 79.000000
4 11099072.000000 15.000000
4 11099618.000000 15.000000
0 11100254.000000 15.000000
5 11100732.000000 31.000000
5 11101280.000000 54.000000
0 11101758.000000 15.000000
6 11102375.000000 10.000000
0 11103641.000000 15.000000
0 11104264.000000 15.000000
1 11104871.000000 15.000000
2 11105332.000000 15.000000
0 11105764.000000 15.000000
4 11106225.000000 15.000000
2 11106887.000000 15.000000
2 11107342.000000 15.000000
5 11107844.000000 52.000000
5 11108333.000000 44.000000
6 11108959.000000 10.000000
2 11110277.000000 15.000000
0 11110773.000000 15.000000
3 11111236.000000 15.000000
2 11111743.000000 15.000000
1 11112336.000000 15.000000
0 11112911.000000 15.000000
2 11113414.000000 15.000000
1 11113899.000000 15.000000
1 11114499.000000 15.000000
1 11114942.000000 15.000000
6 11115501.000000 10.000000
0 11116714.000000 15.000000
2 11117313.000000 15.000000
4 11117887.000000 15.000000
5 11118365.000000 57.000000
3 11118824.000000 15.000000
3 11119332.000000 15.000000
1 11119874.000000 15.000000
2 11120308.000000 15.000000
5 11120921.000000 61.000000
1 11121381.000000 15.000000
6 11121950.000000 10.000000
4 11123260.000000 15.000000
1 11123828.000000 15.000000
0 11124258.000000 15.000000
3 11124841.000000 15.000000
3 11125369.000000 15.000000
5 11125839.000000 45.000000
1 11126358.000000 15.000000
3 11126789.000000 15.000000
3 11127264.000000 15.000000
5 11127776.000000 59.000000
6 11128404.000000 10.000000
5 11129809.000000 78.000000
1 11130282.000000 15.000000
4 11130867.000000 15.000000
4 11131387.000000 15.000000
2 11131861.000000 15.000000
4 11132404.000000 15.000000
3 11132909.000000 15.000000
2 11133381.000000 15.000000
2 11133946.000000 15.000000
4 11134385.000000 15.000000
6 11135032.000000 10.000000
4 11136363.000000 15.000000
1 11136947.000000 15.000000
2 11137538.000000 15.000000
3 11137999.000000 15.000000
2 11138456.000000 15.000000
0 11138993.000000 15.000000
2 11139454.000000 15.000000
2 11139905.000000 15.000000
1 11140340.000000 15.000000
2 11140929.000000 15.000000
6 11141396.000000 10.000000
2 11142750.000000 15.000000
4 11143363.000000 15.000000
0 11143975.000000 15.000000
0 11144428.000000 15.000000
0 11144929.000000 15.000000
2 11145406.000000 15.000000
2 11145845.000000 15.000000
1 11146296.000000 15.000000
4 11146831.000000 15.000000
3 11147415.000000 15.000000
6 11147918.000000 10.000000
0 11149160.000000 15.000000
3 11149711.000000 15.000000
4 11150293.000000 15.000000
4 11150786.000000 15.000000
4 11151410.000000 15.000000
3 11152052.000000 15.000000
3 11152565.000000 15.000000
0 11153059.000000 15.000000
2 11153597.000000 15.000000
4 11154149.000000 15.000000
6 11154681.000000 10.000000
2 11156033.000000 15.000000
2 11156466.000000 15.000000
5 11157010.000000 58.000000
1 11157617.000000 15.000000
0 11158196.000000 15.000000
2 11158696.000000 15.000000
5 11159240.000000 53.000000
0 11159831.000000 15.000000
5 11160436.000000 74.000000
3 11160965.000000 15.000000
6 11161438.000000 10.000000
4 11162766.000000 15.000000
4 11163241.000000 15.000000
2 11163786.000000 15.000000
3 11164388.000000 15.000000
3 11165002.000000 15.000000
3 11165470.000000 15.000000
1 11165977.000000 15.000000
5 11166441.000000 70.000000
0 11166949.000000 15.000000
2 11167532.000000 15.000000
6 11168029.000000 10.000000
0 11169283.000000 15.000000
0 11169885.000000 15.000000
4 11170369.000000 15.000000
1 11170979.000000 15.000000
1 11171497.000000 15.000000
1 11171927.000000 15.000000
1 11172369.000000 15.000000
3 11172906.000000 15.000000
1 11173359.000000 15.000000
2 11173872.000000 15.000000
6 11174305.000000 10.000000
5 11175642.000000 43.000000
2 11176179.000000 15.000000
4 11176677.000000 15.000000
0 11177214.000000 15.000000
4 11177683.000000 15.000000
4 11178325.000000 15.000000
3 11178839.000000 15.000000
3 11179485.000000 15.000000
2 11180015.000000 15.000000
5 11180564.000000 30.000000
6 11181187.000000 10.000000
3 11182551.000000 15.000000
4 11183022.000000 15.000000
2 11183614.000000 15.000000
0 11184138.000000 15.000000
1 11184763.000000 15.000000
2 11185317.000000 15.000000
0 11185901.000000 15.000000
4 11186399.000000 15.000000
0 11187063.000000 15.000000
1 11187531.000000 15.000000
6 11188110.000000 10.000000
4 11189475.000000 15.000000
5 11189992.000000 60.000000
0 11190530.000000 15.000000
3 11191031.000000 15.000000
1 11191575.000000 15.000000
4 11192139.000000 15.000000
5 11192719.000000 63.000000
2 11193252.000000 15.000000
2 11193700.000000 15.000000
1 11194280.000000 15.000000
6 11194763.000000 10.000000
0 11196163.000000 15.000000
1 11196652.000000 15.000000
5 11197251.000000 37.000000
2 11197695.000000 15.000000
2 11198111.000000 15.000000
0 11198546.000000 15.000000
4 11199105.000000 15.000000
2 11199715.000000 15.000000
2 11200205.000000 15.000000
5 11200764.000000 60.000000
6 11201343.000000 10.000000
5 11202654.000000 82.000000
1 11203142.000000 15.000000
2 11203653.000000 15.000000
4 11204229.000000 15.000000
1 11204741.000000 15.000000
2 11205285.000000 15.000000
0 11205749.000000 15.000000
2 11206335.000000 15.000000
0 11206936.000000 15.000000
2 11207371.000000 15.000000
6 11207849.000000 10.000000
0 11209140.000000 15.000000
5 11209665.000000 52.000000
3 11210227.000000 15.000000
0 11210733.000000 15.000000
2 11211285.000000 15.000000
5 11211725.000000 75.000000
5 11212175.000000 28.000000
2 11212657.000000 15.000000
0 11213163.000000 15.000000
0 11213699.000000 15.000000
6 11214144.000000 10.000000
2 11215492.000000 15.000000
4 11216098.000000 15.000000
1 11216717.000000 15.000000
1 11217231.000000 15.000000
1 11217722.000000 15.000000
3 11218333.000000 15.000000
3 11218863.000000 15.000000
2 11219492.000000 15.000000
2 11220018.000000 15.000000
4 11220494.000000 15.000000
6 11221162.000000 10.000000
2 11222427.000000 15.000000
2 11222844.000000 15.000000
0 11223262.000000 15.000000
2 11223737.000000 15.000000
5 11224255.000000 82.000000
4 11224747.000000 15.000000
2 11225379.000000 15.000000
2 11225800.000000 15.000000
4 11226256.000000 15.000000
2 11226912.000000 15.000000
6 11227457.000000 10.000000
5 11228692.000000 38.000000
2 11229270.000000 15.000000
1 11229826.000000 15.000000
1 11230357.000000 15.000000
1 11230804.000000 15.000000
4 11231353.000000 15.000000
1 11231982.000000 15.000000
2 11232603.000000 15.000000
0 11233069.000000 15.000000
0 11233532.000000 15.000000
6 11233979.000000 10.000000
3 11235321.000000 15.000000
5 11235903.000000 20.000000
0 11236386.000000 15.000000
5 11236821.000000 28.000000
1 11237437.000000 15.000000
2 11237978.000000 15.000000
1 11238522.000000 15.000000
2 11239140.000000 15.000000
5 11239669.000000 30.000000
0 11240113.000000 15.000000
6 11240623.000000 10.000000
5 11241994.000000 76.000000
1 11242441.000000 15.000000
2 11242955.000000 15.000000
0 11243408.000000 15.000000
0 11243969.000000 15.000000
3 11244484.000000 15.000000
1 11245031.000000 15.000000
0 11245596.000000 15.000000
3 11246180.000000 15.000000
1 11246692.000000 15.000000
6 11247212.000000 10.000000
5 11248565.000000 55.000000
4 11249160.000000 15.000000
1 11249680.000000 15.000000
3 11250122.000000 15.000000
2 11250609.000000 15.000000
5 11251214.000000 53.000000
2 11251677.000000 15.000000
1 11252154.000000 15.000000
5 11252662.000000 52.000000
0 11253301.000000 15.000000
6 11253858.000000 10.000000
4 11255179.000000 15.000000
4 11255697.000000 15.000000
0 11256287.000000 15.000000
0 11256742.000000 15.000000
4 11257280.000000 15.000000
4 11257835.000000 15.000000
1 11258507.000000 15.000000
5 11258955.000000 55.000000
4 11259498.000000 15.000000
0 11260135.000000 15.000000
6 11260685.000000 10.000000
4 11261915.000000 15.000000
5 11262542.000000 29.000000
0 11263078.000000 15.000000
0 11263556.000000 15.000000
5 11263991.000000 70.000000
1 11264542.000000 15.000000
0 11265164.000000 15.000000
2 11265678.000000 15.000000
3 11266103.000000 15.000000
4 11266672.000000 15.000000
6 11267323.000000 10.000000
4 11268719.000000 15.000000
1 11269328.000000 15.000000
1 11269832.000000 15.000000
1 11270432.000000 15.000000
1 11270929.000000 15.000000
2 11271455.000000 15.000000
1 11272000.000000 15.000000
1 11272609.000000 15.000000
2 11273182.000000 15.000000
3 11273703.000000 15.000000
6 11274315.000000 10.000000
1 11275568.000000 15.000000
0 11276089.000000 15.000000
5 11276625.000000 75.000000
0 11277075.000000 15.000000
4 11277588.000000 15.000000
0 11278110.000000 15.000000
1 11278617.000000 15.000000
5 11279128.000000 30.000000
5 11279662.000000 47.000000
2 11280187.000000 15.000000
6 11280623.000000 10.000000
1 11281844.000000 15.000000
3 11282292.000000 15.000000
5 11282781.000000 33.000000
4 11283280.000000 15.000000
2 11283881.000000 15.000000
2 11284330.000000 15.000000
5 11284807.000000 79.000000
2 11285319.000000 15.000000
3 11285772.000000 15.000000
4 11286350.000000 15.000000
6 11286931.000000 10.000000
3 11288250.000000 15.000000
2 11288835.000000 15.000000
3 11289255.000000 15.000000
5 11289823.000000 67.000000
1 11290363.000000 15.000000
4 11290979.000000 15.000000
0 11291620.000000 15.000000
2 11292197.000000 15.000000
0 11292705.000000 15.000000
5 11293150.000000 83.000000
6 11293770.000000 10.000000
1 11295176.000000 15.000000
3 11295717.000000 15.000000
0 11296298.000000 15.000000
1 11296735.000000 15.000000
4 11297341.000000 15.000000
1 11297947.000000 15.000000
3 11298547.000000 15.000000
3 11299143.000000 15.000000
0 11299697.000000 15.000000
2 11300239.000000 15.000000
6 11300817.000000 10.000000
4 11302134.000000 15.000000
2 11302761.000000 15.000000
2 11303259.000000 15.000000
5 11303735.000000 27.000000
1 11304213.000000 15.000000
1 11304698.000000 15.000000
4 11305305.000000 15.000000
0 11305957.000000 15.000000
0 11306548.000000 15.000000
3 11307071.000000 15.000000
6 11307714.000000 10.000000
3 11309117.000000 15.000000
3 11309668.000000 15.000000
5 11310170.000000 57.000000
3 11310675.000000 15.000000
0 11311157.000000 15.000000
4 11311779.000000 15.000000
5 11312325.000000 59.000000
5 11312902.000000 44.000000
5 11313387.000000 75.000000
4 11313980.000000 15.000000
6 11314551.000000 10.000000
2 11315885.000000 15.000000
0 11316435.000000 15.000000
5 11316927.000000 53.000000
3 11317385.000000 15.000000
1 11317988.000000 15.000000
1 11318483.000000 15.000000
0 11318922.000000 15.000000
4 11319452.000000 15.000000
0 11319994.000000 15.000000
5 11320515.000000 40.000000
6 11321101.000000 10.000000
5 11322348.000000 32.000000
5 11322796.000000 45.000000
3 11323291.000000 15.000000
4 11323834.000000 15.000000
0 11324352.000000 15.000000
3 11324881.000000 15.000000
5 11325490.000000 28.000000
0 11326008.000000 15.000000
1 11326443.000000 15.000000
5 11326914.000000 63.000000
6 11327445.000000 10.000000
3 11328847.000000 15.000000
5 11329405.000000 43.000000
2 11329949.000000 15.000000
0 11330441.000000 15.000000
1 11330986.000000 15.000000
3 11331477.000000 15.000000
5 11332091.000000 67.000000
4 11332631.000000 15.000000
0 11333177.000000 15.000000
3 11333717.000000 15.000000
6 11334216.000000 10.000000
0 11335429.000000 15.000000
0 11335903.000000 15.000000
3 11336356.000000 15.000000
3 11336807.000000 15.000000
5 11337284.000000 63.000000
2 11337909.000000 15.000000
5 11338485.000000 42.000000
1 11339031.000000 15.000000
4 11339471.000000 15.000000
0 11340134.000000 15.000000
6 11340673.000000 10.000000
5 11341932.000000 62.000000
4 11342388.000000 15.000000
1 11342992.000000 15.000000
1 11343463.000000 15.000000
4 11343916.000000 15.000000
4 11344499.000000 15.000000
3 11345028.000000 15.000000
2 11345602.000000 15.000000
2 11346048.000000 15.000000
1 11346534.000000 15.000000
6 11346984.000000 10.000000
2 11348339.000000 15.000000
4 11348918.000000 15.000000
2 11349492.000000 15.000000
5 11350106.000000 77.000000
4 11350608.000000 15.000000
4 11351194.000000 15.000000
1 11351723.000000 15.000000
2 11352230.000000 15.000000
1 11352832.000000 15.000000
0 11353447.000000 15.000000
6 11354037.000000 10.000000
2 11355354.000000 15.000000
2 11355845.000000 15.000000
5 11356317.000000 81.000000
5 11356792.000000 44.000000
4 11357309.000000 15.000000
2 11357816.000000 15.000000
3 11358371.000000 15.000000
2 11358918.000000 15.000000
4 11359342.000000 15.000000
3 11359895.000000 15.000000
6 11360379.000000 10.000000
5 11361705.000000 41.000000
3 11362179.000000 15.000000
3 11362700.000000 15.000000
3 11363280.000000 15.000000
2 11363924.000000 15.000000
2 11364346.000000 15.000000
2 11364841.000000 15.000000
4 11365408.000000 15.000000
2 11366075.000000 15.000000
3 11366594.000000 15.000000
6 11367087.000000 10.000000
3 11368467.000000 15.000000
4 11368958.000000 15.000000
1 11369560.000000 15.000000
1 11370075.000000 15.000000
1 11370629.000000 15.000000
4 11371176.000000 15.000000
1 11371746.000000 15.000000
1 11372285.000000 15.000000
0 11372725.000000 15.000000
0 11373168.000000 15.000000
6 11373723.000000 10.000000
2 11375095.000000 15.000000
4 11375675.000000 15.000000
5 11376182.000000 64.000000
1 11376744.000000 15.000000
0 11377315.000000 15.000000
5 11377803.000000 55.000000
2 11378402.000000 15.000000
0 11378938.000000 15.000000
3 11379373.000000 15.000000
3 11379979.000000 15.000000
6 11380500.000000 10.000000
3 11381841.000000 15.000000
3 11382454.000000 15.000000
4 11383039.000000 15.000000
4 11383692.000000 15.000000
1 11384284.000000 15.000000
3 11384840.000000 15.000000
1 11385409.000000 15.000000
3 11385883.000000 15.000000
5 11386417.000000 51.000000
4 11386921.000000 15.000000
6 11387411.000000 10.000000
0 11388708.000000 15.000000
0 11389218.000000 15.000000
2 11389687.000000 15.000000
0 11390102.000000 15.000000
3 11390676.000000 15.000000
2 11391161.000000 15.000000
3 11391711.000000 15.000000
0 11392326.000000 15.000000
0 11392801.000000 15.000000
2 11393338.000000 15.000000
6 11393915.000000 10.000000
1 11395274.000000 15.000000
5 11395799.000000 53.000000
4 11396356.000000 15.000000
4 11396978.000000 15.000000
5 11397536.000000 64.000000
4 11398025.000000 15.000000
3 11398629.000000 15.000000
5 11399128.000000 62.000000
3 11399586.000000 15.000000
2 11400150.000000 15.000000
6 11400641.000000 10.000000
1 11402028.000000 15.000000
0 11402599.000000 15.000000
3 11403171.000000 15.000000
2 11403754.000000 15.000000
3 11404330.000000 15.000000
4 11404852.000000 15.000000
3 11405397.000000 15.000000
0 11406027.000000 15.000000
4 11406525.000000 15.000000
2 11407035.000000 15.000000
6 11407547.000000 10.000000
1 11408848.000000 15.000000
5 11409326.000000 28.000000
1 11409930.000000 15.000000
0 11410518.000000 15.000000
3 11411045.000000 15.000000
3 11411511.000000 15.000000
3 11412147.000000 15.000000
4 11412761.000000 15.000000
5 11413422.000000 66.000000
4 11413950.000000 15.000000
6 11414432.000000 10.000000
3 11415685.000000 15.000000
4 11416149.000000 15.000000
0 11416760.000000 15.000000
2 11417361.000000 15.000000
0 11417858.000000 15.000000
5 11418402.000000 62.000000
2 11418876.000000 15.000000
0 11419297.000000 15.000000
2 11419874.000000 15.000000
3 11420317.000000 15.000000
6 11420778.000000 10.000000
5 11422034.000000 68.000000
5 11422560.000000 28.000000
1 11423122.000000 15.000000
1 11423608.000000 15.000000
4 11424199.000000 15.000000
0 11424787.000000 15.000000
5 11425389.000000 28.000000
3 11425928.000000 15.000000
2 11426512.000000 15.000000
3 11427114.000000 15.000000
6 11427672.000000 10.000000
1 11429073.000000 15.000000
4 11429665.000000 15.000000
5 11430244.000000 33.000000
3 11430742.000000 15.000000
2 11431258.000000 15.000000
4 11431870.000000 15.000000
2 11432397.000000 15.000000
5 11432813.000000 58.000000
1 11433310.000000 15.000000
2 11433919.000000 15.000000
6 11434409.000000 10.000000
0 11435644.000000 15.000000
4 11436218.000000 15.000000
0 11436729.000000 15.000000
5 11437294.000000 78.000000
2 11437884.000000 15.000000
3 11438403.000000 15.000000
5 11438925.000000 71.000000
4 11439502.000000 15.000000
3 11440123.000000 15.000000
4 11440745.000000 15.000000
6 11441393.000000 10.000000
0 11442758.000000 15.000000
4 11443313.000000 15.000000
1 11443842.000000 15.000000
0 11444437.000000 15.000000
4 11445067.000000 15.000000
3 11445614.000000 15.000000
1 11446116.000000 15.000000
2 11446560.000000 15.000000
0 11447118.000000 15.000000
4 11447681.000000 15.000000
6 11448278.000000 10.000000
3 11449491.000000 15.000000
5 11450139.000000 73.000000
4 11450720.000000 15.000000
5 11451368.000000 71.000000
3 11451913.000000 15.000000
2 11452505.000000 15.000000
2 11453000.000000 15.000000
3 11453448.000000 15.000000
5 11454001.000000 72.000000
2 11454447.000000 15.000000
6 11455019.000000 10.000000
5 11456302.000000 45.000000
0 11456882.000000 15.000000
4 11457389.000000 15.000000
0 11458014.000000 15.000000
0 11458481.000000 15.000000
5 11458975.000000 68.000000
0 11459567.000000 15.000000
2 11460157.000000 15.000000
1 11460762.000000 15.000000
0 11461284.000000 15.000000
6 11461770.000000 10.000000
2 11463116.000000 15.000000
4 11463697.000000 15.000000
3 11464296.000000 15.000000
4 11464783.000000 15.000000
3 11465433.000000 15.000000
0 11466033.000000 15.000000
0 11466662.000000 15.000000
4 11467203.000000 15.000000
1 11467781.000000 15.000000
5 11468218.000000 65.000000
6 11468836.000000 10.000000
3 11470182.000000 15.000000
0 11470784.000000 15.000000
3 11471343.000000 15.000000
0 11471841.000000 15.000000
0 11472400.000000 15.000000
4 11472967.000000 15.000000
2 11473607.000000 15.000000
3 11474174.000000 15.000000
4 11474646.000000 15.000000
0 11475188.000000 15.000000
6 11475815.000000 10.000000
1 11477074.000000 15.000000
0 11477547.000000 15.000000
1 11478034.000000 15.000000
4 11478489.000000 15.000000
3 11478980.000000 15.000000
1 11479599.000000 15.000000
2 11480044.000000 15.000000
2 11480568.000000 15.000000
5 11481068.000000 26.000000
4 11481548.000000 15.000000
6 11482042.000000 10.000000
4 11483301.000000 15.000000
5 11483848.000000 21.000000
3 11484290.000000 15.000000
2 11484880.000000 15.000000
0 11485419.000000 15.000000
0 11485915.000000 15.000000
4 11486384.000000 15.000000
3 11486870.000000 15.000000
3 11487502.000000 15.000000
5 11488060.000000 78.000000
6 11488570.000000 10.000000
0 11489895.000000 15.000000
1 11490409.000000 15.000000
4 11490902.000000 15.000000
4 11491482.000000 15.000000
2 11492062.000000 15.000000
5 11492486.000000 63.000000
5 11493079.000000 25.000000
3 11493674.000000 15.000000
2 11494228.000000 15.000000
5 11494673.000000 59.000000
6 11495255.000000 10.000000
2 11496601.000000 15.000000
4 11497117.000000 15.000000
0 11497671.000000 15.000000
2 11498122.000000 15.000000
5 11498677.000000 51.000000
5 11499196.000000 78.000000
4 11499715.000000 15.000000
1 11500285.000000 15.000000
4 11500894.000000 15.000000
2 11501370.000000 15.000000
6 11501939.000000 10.000000
2 11503151.000000 15.000000
3 11503724.000000 15.000000
3 11504228.000000 15.000000
0 11504793.000000 15.000000
4 11505265.000000 15.000000
2 11505740.000000 15.000000
1 11506270.000000 15.000000
5 11506704.000000 79.000000
2 11507167.000000 15.000000
1 11507710.000000 15.000000
6 11508144.000000 10.000000
0 11509494.000000 15.000000
5 11510010.000000 68.000000
2 11510609.000000 15.000000
1 11511138.000000 15.000000
4 11511705.000000 15.000000
4 11512247.000000 15.000000
2 11512825.000000 15.000000
5 11513399.000000 77.000000
0 11513891.000000 15.000000
1 11514522.000000 15.000000
6 11514975.000000 10.000000
1 11516257.000000 15.000000
3 11516692.000000 15.000000
3 11517243.000000 15.000000
2 11517887.000000 15.000000
1 11518367.000000 15.000000
3 11518976.000000 15.000000
5 11519522.000000 44.000000
3 11520040.000000 15.000000
0 11520489.000000 15.000000
5 11520949.000000 28.000000
6 11521581.000000 10.000000
2 11522800.000000 15.000000
3 11523271.000000 15.000000
3 11523919.000000 15.000000
4 11524433.000000 15.000000
4 11524993.000000 15.000000
5 11525640.000000 57.000000
1 11526265.000000 15.000000
5 11526727.000000 45.000000
0 11527248.000000 15.000000
5 11527824.000000 78.000000
6 11528456.000000 10.000000
3 11529683.000000 15.000000
1 11530160.000000 15.000000
3 11530654.000000 15.000000
5 11531251.000000 36.000000
1 11531761.000000 15.000000
4 11532229.000000 15.000000
1 11532784.000000 15.000000
3 11533328.000000 15.000000
5 11533918.000000 20.000000
1 11534533.000000 15.000000
6 11535061.000000 10.000000
4 11536451.000000 15.000000
0 11536941.000000 15.000000
0 11537507.000000 15.000000
5 11538038.000000 42.000000
0 11538550.000000 15.000000
5 11539024.000000 48.000000
3 11539612.000000 15.000000
4 11540076.000000 15.000000
4 11540566.000000 15.000000
0 11541115.000000 15.000000
6 11541550.000000 10.000000
2 11542870.000000 15.000000
0 11543353.000000 15.000000
3 11543861.000000 15.000000
2 11544335.000000 15.000000
4 11544756.000000 15.000000
5 11545302.000000 81.000000
5 11545860.000000 21.000000
2 11546322.000000 15.000000
0 11546893.000000 15.000000
0 11547352.000000 15.000000
6 11547785.000000 10.000000
4 11549009.000000 15.000000
3 11549601.000000 15.000000
1 11550176.000000 15.000000
3 11550683.000000 15.000000
0 11551303.000000 15.000000
2 11551845.000000 15.000000
4 11552377.000000 15.000000
0 11552970.000000 15.000000
0 11553437.000000 15.000000
4 11553932.000000 15.000000
6 11554555.000000 10.000000
3 11555790.000000 15.000000
4 11556412.000000 15.000000
0 11556974.000000 15.000000
0 11557576.000000 15.000000
2 11558111.000000 15.000000
4 11558693.000000 15.000000
1 11559298.000000 15.000000
0 11559914.000000 15.000000
0 11560396.000000 15.000000
1 11561008.000000 15.000000
6 11561528.000000 10.000000
1 11562925.000000 15.000000
0 11563474.000000 15.000000
0 11564066.000000 15.000000
4 11564575.000000 15.000000
5 11565229.000000 61.000000
5 11565693.000000 70.000000
0 11566327.000000 15.000000
5 11566782.000000 72.000000
2 11567349.000000 15.000000
3 11567907.000000 15.000000
6 11568431.000000 10.000000
5 11569703.000000 34.000000
3 11570208.000000 15.000000
4 11570683.000000 15.000000
1 11571278.000000 15.000000
2 11571812.000000 15.000000
0 11572376.000000 15.000000
4 11572900.000000 15.000000
2 11573421.000000 15.000000
0 11573895.000000 15.000000
2 11574483.000000 15.000000
6 11575090.000000 10.000000
2 11576489.000000 15.000000
0 11576940.000000 15.000000
5 11577516.000000 47.000000
0 11577966.000000 15.000000
4 11578592.000000 15.000000
2 11579255.000000 15.000000
4 11579782.000000 15.000000
2 11580330.000000 15.000000
1 11580880.000000 15.000000
5 11581440.000000 41.000000
6 11582069.000000 10.000000
1 11583316.000000 15.000000
2 11583929.000000 15.000000
5 11584540.000000 61.000000
3 11585074.000000 15.000000
4 11585624.000000 15.000000
3 11586165.000000 15.000000
0 11586782.000000 15.000000
3 11587329.000000 15.000000
5 11587946.000000 35.000000
1 11588401.000000 15.000000
6 11588845.000000 10.000000
0 11590210.000000 15.000000
5 11590784.000000 20.000000
5 11591361.000000 22.000000
3 11591985.000000 15.000000
3 11592508.000000 15.000000
4 11593072.000000 15.000000
4 11593604.000000 15.000000
5 11594131.000000 22.000000
3 11594718.000000 15.000000
2 11595308.000000 15.000000
6 11595753.000000 10.000000
0 11597058.000000 15.000000
5 11597515.000000 62.000000
0 11598122.000000 15.000000
4 11598683.000000 15.000000
2 11599338.000000 15.000000
0 11599932.000000 15.000000
0 11600470.000000 15.000000
1 11600953.000000 15.000000
0 11601534.000000 15.000000
3 11602063.000000 15.000000
6 11602564.000000 10.000000
5 11603903.000000 80.000000
3 11604366.000000 15.000000
1 11604903.000000 15.000000
3 11605339.000000 15.000000
0 11605983.000000 15.000000
2 11606435.000000 15.000000
2 11606909.000000 15.000000
4 11607428.000000 15.000000
1 11607942.000000 15.000000
3 11608542.000000 15.000000
6 11609143.000000 10.000000
5 11610540.000000 30.000000
2 11611163.000000 15.000000
4 11611721.000000 15.000000
3 11612232.000000 15.000000
5 11612875.000000 29.000000
0 11613471.000000 15.000000
4 11613952.000000 15.000000
0 11614612.000000 15.000000
3 11615164.000000 15.000000
0 11615682.000000 15.000000
6 11616212.000000 10.000000
3 11617513.000000 15.000000
2 11618056.000000 15.000000
2 11618517.000000 15.000000
4 11618947.000000 15.000000
1 11619490.000000 15.000000
3 11619925.000000 15.000000
1 11620468.000000 15.000000
5 11621001.000000 71.000000
5 11621530.000000 34.000000
2 11621986.000000 15.000000
6 11622414.000000 10.000000
3 11623713.000000 15.000000
4 11624271.000000 15.000000
3 11624884.000000 15.000000
5 11625436.000000 74.000000
3 11625981.000000 15.000000
5 11626603.000000 75.000000
1 11627064.000000 15.000000
5 11627514.000000 61.000000
3 11627991.000000 15.000000
3 11628510.000000 15.000000
6 11628971.000000 10.000000
3 11630198.000000 15.000000
0 11630776.000000 15.000000
3 11631321.000000 15.000000
5 11631879.000000 77.000000
2 11632399.000000 15.000000
1 11632892.000000 15.000000
3 11633357.000000 15.000000
3 11633881.000000 15.000000
2 11634473.000000 15.000000
1 11635087.000000 15.000000
6 11635586.000000 10.000000
1 11636901.000000 15.000000
2 11637421.000000 15.000000
3 11637854.000000 15.000000
1 11638449.000000 15.000000
2 11638985.000000 15.000000
4 11639563.000000 15.000000
2 11640064.000000 15.000000
5 11640595.000000 66.000000
1 11641148.000000 15.000000
0 11641575.000000 15.000000
6 11642144.000000 10.000000
3 11643379.000000 15.000000
3 11643846.000000 15.000000
0 11644392.000000 15.000000
2 11645023.000000 15.000000
1 11645458.000000 15.000000
2 11645993.000000 15.000000
2 11646445.000000 15.000000
1 11646982.000000 15.000000
5 11647596.000000 37.000000
3 11648078.000000 15.000000
6 11648700.000000 10.000000
3 11650069.000000 15.000000
4 11650577.000000 15.000000
5 11651104.000000 66.000000
0 11651646.000000 15.000000
0 11652198.000000 15.000000
1 11652653.000000 15.000000
3 11653118.000000 15.000000
2 11653672.000000 15.000000
2 11654145.000000 15.000000
5 11654672.000000 79.000000
6 11655235.000000 10.000000
0 11656614.000000 15.000000
2 11657225.000000 15.000000
0 11657654.000000 15.000000
3 11658274.000000 15.000000
1 11658768.000000 15.000000
1 11659263.000000 15.000000
1 11659812.000000 15.000000
5 11660258.000000 66.000000
3 11660763.000000 15.000000
4 11661293.000000 15.000000
6 11661879.000000 10.000000
3 11663160.000000 15.000000
0 11663765.000000 15.000000
1 11664352.000000 15.000000
1 11664972.000000 15.000000
4 11665459.000000 15.000000
4 11666030.000000 15.000000
2 11666635.000000 15.000000
2 11667115.000000 15.000000
0 11667566.000000 15.000000
3 11668143.000000 15.000000
6 11668672.000000 10.000000
1 11669963.000000 15.000000
2 11670423.000000 15.000000
1 11670879.000000 15.000000
2 11671380.000000 15.000000
3 11671899.000000 15.000000
3 11672519.000000 15.000000
1 11673009.000000 15.000000
5 11673493.000000 72.000000
4 11674005.000000 15.000000
4 11674480.000000 15.000000
6 11675015.000000 10.000000
5 11676385.000000 21.000000
4 11676870.000000 15.000000
1 11677377.000000 15.000000
3 11677829.000000 15.000000
5 11678359.000000 25.000000
5 11678890.000000 69.000000
1 11679353.000000 15.000000
5 11679934.000000 82.000000
3 11680531.000000 15.000000
5 11681010.000000 37.000000
6 11681569.000000 10.000000
3 11682913.000000 15.000000
4 11683520.000000 15.000000
3 11684068.000000 15.000000
0 11684630.000000 15.000000
0 11685101.000000 15.000000
2 11685602.000000 15.000000
0 11686039.000000 15.000000
2 11686529.000000 15.000000
4 11687035.000000 15.000000
3 11687534.000000 15.000000
6 11688030.000000 10.000000
2 11689252.000000 15.000000
3 11689667.000000 15.000000
0 11690126.000000 15.000000
2 11690740.000000 15.000000
3 11691168.000000 15.000000
4 11691636.000000 15.000000
5 11692220.000000 33.000000
0 11692676.000000 15.000000
3 11693214.000000 15.000000
0 11693737.000000 15.000000
6 11694196.000000 10.000000
3 11695557.000000 15.000000
2 11696170.000000 15.000000
5 11696651.000000 39.000000
5 11697191.000000 46.000000
5 11697814.000000 54.000000
5 11698424.000000 36.000000
1 11698938.000000 15.000000
3 11699440.000000 15.000000
5 11699950.000000 61.000000
1 11700494.000000 15.000000
6 11700985.000000 10.000000
0 11702380.000000 15.000000
0 11702958.000000 15.000000
1 11703392.000000 15.000000
5 11703820.000000 36.000000
3 11704373.000000 15.000000
3 11704840.000000 15.000000
1 11705327.000000 15.000000
1 11705845.000000 15.000000
5 11706295.000000 64.000000
1 11706882.000000 15.000000
6 11707352.000000 10.000000
2 11708584.000000 15.000000
1 11709080.000000 15.000000
4 11709512.000000 15.000000
0 11710105.000000 15.000000
3 11710694.000000 15.000000
4 11711165.000000 15.000000
0 11711721.000000 15.000000
1 11712191.000000 15.000000
2 11712667.000000 15.000000
4 11713185.000000 15.000000
6 11713791.000000 10.000000
2 11715040.000000 15.000000
4 11715592.000000 15.000000
0 11716260.000000 15.000000
1 11716773.000000 15.000000
5 11717352.000000 79.000000
1 11717958.000000 15.000000
5 11718441.000000 74.000000
3 11718888.000000 15.000000
4 11719383.000000 15.000000
0 11719924.000000 15.000000
6 11720414.000000 10.000000
3 11721680.000000 15.000000
3 11722275.000000 15.000000
3 11722843.000000 15.000000
1 11723435.000000 15.000000
0 11723862.000000 15.000000
2 11724302.000000 15.000000
1 11724872.000000 15.000000
4 11725420.000000 15.000000
5 11725996.000000 32.000000
0 11726469.000000 15.000000
6 11727066.000000 10.000000
3 11728407.000000 15.000000
3 11728883.000000 15.000000
2 11729454.000000 15.000000
5 11729993.000000 65.000000
0 11730540.000000 15.000000
3 11731058.000000 15.000000
2 11731650.000000 15.000000
4 11732065.000000 15.000000
1 11732707.000000 15.000000
1 11733327.000000 15.000000
6 11733947.000000 10.000000
3 11735241.000000 15.000000
5 11735848.000000 56.000000
3 11736374.000000 15.000000
5 11736958.000000 32.000000
4 11737455.000000 15.000000
3 11738013.000000 15.000000
5 11738519.000000 76.000000
5 11739007.000000 42.000000
3 11739499.000000 15.000000
3 11740122.000000 15.000000
6 11740653.000000 10.000000
5 11741985.000000 78.000000
1 11742438.000000 15.000000
2 11742877.000000 15.000000
5 11743427.000000 35.000000
3 11743882.000000 15.000000
5 11744491.000000 63.000000
0 11744994.000000 15.000000
0 11745625.000000 15.000000
2 11746226.000000 15.000000
5 11746642.000000 55.000000
6 11747112.000000 10.000000
1 11748519.000000 15.000000
4 11748942.000000 15.000000
4 11749428.000000 15.000000
4 11750036.000000 15.000000
2 11750631.000000 15.000000
3 11751240.000000 15.000000
5 11751778.000000 60.000000
0 11752339.000000 15.000000
1 11752949.000000 15.000000
5 11753443.000000 74.000000
6 11753887.000000 10.000000
2 11755102.000000 15.000000
0 11755655.000000 15.000000
5 11756235.000000 52.000000
3 11756838.000000 15.000000
3 11757466.000000 15.000000
4 11757997.000000 15.000000
3 11758494.000000 15.000000
4 11759137.000000 15.000000
1 11759734.000000 15.000000
1 11760275.000000 15.000000
6 11760775.000000 10.000000
5 11762000.000000 52.000000
4 11762609.000000 15.000000
5 11763173.000000 64.000000
2 11763685.000000 15.000000
2 11764102.000000 15.000000
5 11764538.000000 46.000000
5 11765035.000000 31.000000
4 11765485.000000 15.000000
2 11766030.000000 15.000000
2 11766450.000000 15.000000
6 11766960.000000 10.000000
0 11768295.000000 15.000000
4 11768837.000000 15.000000
1 11769493.000000 15.000000
4 11769998.000000 15.000000
2 11770475.000000 15.000000
1 11770973.000000 15.000000
2 11771419.000000 15.000000
3 11771961.000000 15.000000
1 11772532.000000 15.000000
5 11773078.000000 21.000000
6 11773553.000000 10.000000
0 11774840.000000 15.000000
3 11775398.000000 15.000000
1 11775995.000000 15.000000
2 11776463.000000 15.000000
2 11776879.000000 15.000000
0 11777342.000000 15.000000
2 11777800.000000 15.000000
0 11778301.000000 15.000000
4 11778736.000000 15.000000
5 11779248.000000 39.000000
6 11779882.000000 10.000000
0 11781119.000000 15.000000
2 11781553.000000 15.000000
3 11782020.000000 15.000000
2 11782595.000000 15.000000
4 11783051.000000 15.000000
3 11783656.000000 15.000000
0 11784262.000000 15.000000
2 11784771.000000 15.000000
1 11785233.000000 15.000000
3 11785702.000000 15.000000
6 11786225.000000 10.000000
3 11787447.000000 15.000000
5 11788085.000000 44.000000
3 11788577.000000 15.000000
4 11789198.000000 15.000000
5 11789847.000000 28.000000
2 11790327.000000 15.000000
2 11790886.000000 15.000000
2 11791405.000000 15.000000
1 11791933.000000 15.000000
4 11792427.000000 15.000000
6 11792984.000000 10.000000
5 11794300.000000 58.000000
4 11794760.000000 15.000000
1 11795273.000000 15.000000
1 11795773.000000 15.000000
0 11796265.000000 15.000000
0 11796743.000000 15.000000
3 11797189.000000 15.000000
2 11797728.000000 15.000000
2 11798290.000000 15.000000
5 11798823.000000 34.000000
6 11799308.000000 10.000000
4 11800559.000000 15.000000
0 11801100.000000 15.000000
1 11801665.000000 15.000000
4 11802188.000000 15.000000
4 11802663.000000 15.000000
5 11803319.000000 47.000000
0 11803766.000000 15.000000
3 11804210.000000 15.000000
0 11804660.000000 15.000000
0 11805259.000000 15.000000
6 11805705.000000 10.000000
3 11807051.000000 15.000000
0 11807551.000000 15.000000
5 11807985.000000 73.000000
2 11808500.000000 15.000000
3 11809074.000000 15.000000
3 11809701.000000 15.000000
0 11810175.000000 15.000000
3 11810686.000000 15.000000
3 11811201.000000 15.000000
5 11811777.000000 21.000000
6 11812414.000000 10.000000
1 11813664.000000 15.000000
1 11814243.000000 15.000000
5 11814806.000000 30.000000
2 11815284.000000 15.000000
5 11815830.000000 64.000000
1 11816296.000000 15.000000
4 11816879.000000 15.000000
5 11817353.000000 31.000000
0 11817930.000000 15.000000
0 11818506.000000 15.000000
6 11818976.000000 10.000000
1 11820205.000000 15.000000
0 11820675.000000 15.000000
2 11821265.000000 15.000000
5 11821839.000000 54.000000
5 11822473.000000 32.000000
4 11823075.000000 15.000000
0 11823550.000000 15.000000
0 11824167.000000 15.000000
1 11824732.000000 15.000000
3 11825281.000000 15.000000
6 11825742.000000 10.000000
3 11827122.000000 15.000000
2 11827710.000000 15.000000
1 11828288.000000 15.000000
1 11828743.000000 15.000000
3 11829323.000000 15.000000
0 11829947.000000 15.000000
0 11830578.000000 15.000000
4 11831109.000000 15.000000
1 11831608.000000 15.000000
1 11832109.000000 15.000000
6 11832588.000000 10.000000
3 11833801.000000 15.000000
5 11834395.000000 44.000000
5 11834937.000000 72.000000
0 11835504.000000 15.000000
2 11836056.000000 15.000000
4 11836509.000000 15.000000
3 11837127.000000 15.000000
2 11837717.000000 15.000000
0 11838281.000000 15.000000
2 11838807.000000 15.000000
6 11839381.000000 10.000000
2 11840619.000000 15.000000
3 11841213.000000 15.000000
3 11841674.000000 15.000000
1 11842277.000000 15.000000
4 11842785.000000 15.000000
4 11843403.000000 15.000000
2 11844008.000000 15.000000
1 11844432.000000 15.000000
3 11844903.000000 15.000000
1 11845549.000000 15.000000
6 11846059.000000 10.000000
2 11847424.000000 15.000000
4 11847880.000000 15.000000
3 11848444.000000 15.000000
3 11849060.000000 15.000000
1 11849586.000000 15.000000
0 11850033.000000 15.000000
3 11850658.000000 15.000000
0 11851126.000000 15.000000
3 11851667.000000 15.000000
2 11852173.000000 15.000000
6 11852700.000000 10.000000
4 11853943.000000 15.000000
4 11854483.000000 15.000000
0 11855124.000000 15.000000
3 11855586.000000 15.000000
5 11856048.000000 29.000000
4 11856673.000000 15.000000
1 11857282.000000 15.000000
0 11857759.000000 15.000000
0 11858301.000000 15.000000
1 11858787.000000 15.000000
6 11859368.000000 10.000000
1 11860668.000000 15.000000
3 11861143.000000 15.000000
3 11861662.000000 15.000000
4 11862135.000000 15.000000
5 11862608.000000 49.000000
4 11863234.000000 15.000000
3 11863709.000000 15.000000
1 11864294.000000 15.000000
3 11864869.000000 15.000000
2 11865412.000000 15.000000
6 11865933.000000 10.000000
3 11867267.000000 15.000000
5 11867752.000000 22.000000
5 11868364.000000 52.000000
5 11868866.000000 62.000000
5 11869475.000000 25.000000
2 11870075.000000 15.000000
2 11870619.000000 15.000000
5 11871192.000000 55.000000
1 11871707.000000 15.000000
3 11872196.000000 15.000000
6 11872780.000000 10.000000
1 11874093.000000 15.000000
0 11874597.000000 15.000000
3 11875176.000000 15.000000
1 11875712.000000 15.000000
5 11876334.000000 41.000000
2 11876794.000000 15.000000
0 11877314.000000 15.000000
1 11877817.000000 15.000000
4 11878250.000000 15.000000
0 11878733.000000 15.000000
6 11879191.000000 10.000000
5 11880585.000000 34.000000
5 11881143.000000 24.000000
0 11881624.000000 15.000000
4 11882063.000000 15.000000
3 11882594.000000 15.000000
0 11883169.000000 15.000000
3 11883717.000000 15.000000
3 11884211.000000 15.000000
3 11884847.000000 15.000000
2 11885342.000000 15.000000
6 11885820.000000 10.000000
3 11887115.000000 15.000000
4 11887651.000000 15.000000
4 11888128.000000 15.000000
3 11888717.000000 15.000000
2 11889288.000000 15.000000
3 11889726.000000 15.000000
3 11890263.000000 15.000000
3 11890812.000000 15.000000
5 11891440.000000 60.000000
3 11892031.000000 15.000000
6 11892606.000000 10.000000
1 11893852.000000 15.000000
1 11894322.000000 15.000000
2 11894890.000000 15.000000
1 11895329.000000 15.000000
1 11895872.000000 15.000000
1 11896432.000000 15.000000
1 11896927.000000 15.000000
4 11897546.000000 15.000000
5 11898111.000000 24.000000
0 11898725.000000 15.000000
6 11899252.000000 10.000000
0 11900498.000000 15.000000
2 11901105.000000 15.000000
2 11901651.000000 15.000000
5 11902230.000000 37.000000
0 11902765.000000 15.000000
3 11903260.000000 15.000000
1 11903751.000000 15.000000
0 11904215.000000 15.000000
5 11904790.000000 25.000000
4 11905327.000000 15.000000
6 11905990.000000 10.000000
4 11907249.000000 15.000000
2 11907846.000000 15.000000
0 11908364.000000 15.000000
2 11908973.000000 15.000000
5 11909389.000000 57.000000
1 11909833.000000 15.000000
1 11910337.000000 15.000000
2 11910947.000000 15.000000
5 11911550.000000 48.000000
0 11912185.000000 15.000000
6 11912718.000000 10.000000
5 11913938.000000 39.000000
0 11914485.000000 15.000000
0 11915113.000000 15.000000
2 11915678.000000 15.000000
0 11916182.000000 15.000000
0 11916784.000000 15.000000
3 11917324.000000 15.000000
3 11917913.000000 15.000000
4 11918500.000000 15.000000
1 11918995.000000 15.000000
6 11919584.000000 10.000000
3 11920869.000000 15.000000
0 11921454.000000 15.000000
4 11921964.000000 15.000000
4 11922493.000000 15.000000
5 11923105.000000 22.000000
3 11923590.000000 15.000000
3 11924190.000000 15.000000
3 11924684.000000 15.000000
3 11925181.000000 15.000000
1 11925738.000000 15.000000
6 11926306.000000 10.000000
2 11927658.000000 15.000000
2 11928226.000000 15.000000
0 11928678.000000 15.000000
5 11929181.000000 73.000000
4 11929647.000000 15.000000
0 11930271.000000 15.000000
4 11930737.000000 15.000000
4 11931324.000000 15.000000
3 11931979.000000 15.000000
2 11932522.000000 15.000000
6 11933099.000000 10.000000
0 11934449.000000 15.000000
1 11935060.000000 15.000000
1 11935641.000000 15.000000
0 11936183.000000 15.000000
1 11936744.000000 15.000000
4 11937264.000000 15.000000
3 11937885.000000 15.000000
4 11938434.000000 15.000000
4 11939014.000000 15.000000
3 11939638.000000 15.000000
6 11940096.000000 10.000000
4 11941447.000000 15.000000
0 11942065.000000 15.000000
5 11942627.000000 70.000000
2 11943241.000000 15.000000
4 11943846.000000 15.000000
1 11944506.000000 15.000000
2 11945108.000000 15.000000
1 11945611.000000 15.000000
1 11946090.000000 15.000000
5 11946520.000000 32.000000
6 11947052.000000 10.000000
2 11948369.000000 15.000000
2 11948814.000000 15.000000
2 11949252.000000 15.000000
2 11949711.000000 15.000000
5 11950134.000000 58.000000
1 11950632.000000 15.000000
3 11951082.000000 15.000000
2 11951575.000000 15.000000
2 11952037.000000 15.000000
1 11952453.000000 15.000000
6 11952986.000000 10.000000
5 11954276.000000 78.000000
3 11954765.000000 15.000000
5 11955392.000000 62.000000
5 11956028.000000 37.000000
0 11956506.000000 15.000000
5 11957097.000000 82.000000
4 11957693.000000 15.000000
4 11958220.000000 15.000000
4 11958695.000000 15.000000
0 11959331.000000 15.000000
6 11959818.000000 10.000000
0 11961179.000000 15.000000
4 11961671.000000 15.000000
3 11962144.000000 15.000000
3 11962773.000000 15.000000
3 11963345.000000 15.000000
1 11963880.000000 15.000000
4 11964498.000000 15.000000
4 11965003.000000 15.000000
3 11965659.000000 15.000000
3 11966253.000000 15.000000
6 11966723.000000 10.000000
4 11968069.000000 15.000000
4 11968679.000000 15.000000
3 11969226.000000 15.000000
5 11969693.000000 67.000000
0 11970283.000000 15.000000
5 11970798.000000 49.000000
2 11971245.000000 15.000000
2 11971788.000000 15.000000
3 11972266.000000 15.000000
2 11972887.000000 15.000000
6 11973463.000000 10.000000
0 11974760.000000 15.000000
2 11975290.000000 15.000000
0 11975855.000000 15.000000
0 11976340.000000 15.000000
1 11976854.000000 15.000000
4 11977409.000000 15.000000
4 11978010.000000 15.000000
4 11978678.000000 15.000000
2 11979303.000000 15.000000
4 11979913.000000 15.000000
6 11980569.000000 10.000000
1 11981916.000000 15.000000
4 11982434.000000 15.000000
0 11982954.000000 15.000000
2 11983555.000000 15.000000
1 11984132.000000 15.000000
4 11984713.000000 15.000000
0 11985287.000000 15.000000
4 11985857.000000 15.000000
5 11986469.000000 59.000000
4 11987031.000000 15.000000
6 11987552.000000 10.000000
5 11988769.000000 45.000000
0 11989240.000000 15.000000
0 11989844.000000 15.000000
1 11990280.000000 15.000000
1 11990723.000000 15.000000
1 11991221.000000 15.000000
2 11991697.000000 15.000000
1 11992155.000000 15.000000
2 11992739.000000 15.000000
3 11993345.000000 15.000000
6 11993929.000000 10.000000
5 11995268.000000 36.000000
2 11995734.000000 15.000000
2 11996206.000000 15.000000
2 11996783.000000 15.000000
0 11997381.000000 15.000000
0 11997914.000000 15.000000
2 11998418.000000 15.000000
3 11998856.000000 15.000000
5 11999407.000000 30.000000
0 11999872.000000 15.000000
6 12000467.000000 10.000000
1 12001846.000000 15.000000
2 12002444.000000 15.000000
5 12002880.000000 26.000000
3 12003340.000000 15.000000
1 12003881.000000 15.000000
2 12004365.000000 15.000000
2 12004973.000000 15.000000
5 12005409.000000 68.000000
5 12006015.000000 20.000000
0 12006523.000000 15.000000
6 12006982.000000 10.000000
5 12008242.000000 21.000000
1 12008812.000000 15.000000
3 12009287.000000 15.000000
0 12009761.000000 15.000000
3 12010383.000000 15.000000
5 12011011.000000 71.000000
2 12011484.000000 15.000000
4 12011955.000000 15.000000
1 12012460.000000 15.000000
2 12012936.000000 15.000000
6 12013460.000000 10.000000
1 12014838.000000 15.000000
0 12015266.000000 15.000000
3 12015892.000000 15.000000
0 12016516.000000 15.000000
3 12016988.000000 15.000000
2 12017570.000000 15.000000
1 12018007.000000 15.000000
1 12018558.000000 15.000000
1 12018998.000000 15.000000
2 12019442.000000 15.000000
6 12019924.000000 10.000000
2 12021330.000000 15.000000
1 12021836.000000 15.000000
4 12022344.000000 15.000000
3 12023007.000000 15.000000
4 12023609.000000 15.000000
4 12024105.000000 15.000000
1 12024732.000000 15.000000
2 12025161.000000 15.000000
3 12025749.000000 15.000000
1 12026354.000000 15.000000
6 12026874.000000 10.000000
1 12028138.000000 15.000000
3 12028671.000000 15.000000
3 12029156.000000 15.000000
2 12029709.000000 15.000000
4 12030205.000000 15.000000
3 12030703.000000 15.000000
0 12031216.000000 15.000000
3 12031724.000000 15.000000
1 12032309.000000 15.000000
0 12032787.000000 15.000000
6 12033317.000000 10.000000
2 12034610.000000 15.000000
5 12035083.000000 81.000000
3 12035563.000000 15.000000
4 12036148.000000 15.000000
4 12036774.000000 15.000000
5 12037264.000000 53.000000
3 12037777.000000 15.000000
4 12038265.000000 15.000000
3 12038770.000000 15.000000
4 12039361.000000 15.000000
6 12039897.000000 10.000000
1 12041296.000000 15.000000
4 12041900.000000 15.000000
2 12042536.000000 15.000000
4 12043025.000000 15.000000
3 12043677.000000 15.000000
5 12044253.000000 35.000000
5 12044814.000000 38.000000
2 12045284.000000 15.000000
2 12045737.000000 15.000000
5 12046293.000000 76.000000
6 12046821.000000 10.000000
5 12048031.000000 81.000000
0 12048572.000000 15.000000
0 12049146.000000 15.000000
5 12049743.000000 61.000000
2 12050265.000000 15.000000
0 12050828.000000 15.000000
0 12051448.000000 15.000000
3 12051971.000000 15.000000
5 12052556.000000 63.000000
4 12053129.000000 15.000000
6 12053750.000000 10.000000
2 12054965.000000 15.000000
1 12055492.000000 15.000000
2 12056047.000000 15.000000
2 12056500.000000 15.000000
0 12057099.000000 15.000000
2 12057535.000000 15.000000
5 12058122.000000 66.000000
0 12058570.000000 15.000000
5 12059139.000000 43.000000
0 12059752.000000 15.000000
6 12060289.000000 10.000000
4 12061586.000000 15.000000
0 12062142.000000 15.000000
3 12062704.000000 15.000000
3 12063313.000000 15.000000
3 12063850.000000 15.000000
5 12064395.000000 63.000000
1 12064915.000000 15.000000
5 12065347.000000 37.000000
4 12065926.000000 15.000000
3 12066484.000000 15.000000
6 12067069.000000 10.000000
0 12068370.000000 15.000000
1 12068946.000000 15.000000
0 12069531.000000 15.000000
3 12070019.000000 15.000000
4 12070631.000000 15.000000
1 12071180.000000 15.000000
5 12071720.000000 31.000000
1 12072253.000000 15.000000
1 12072692.000000 15.000000
2 12073284.000000 15.000000
6 12073873.000000 10.000000
1 12075260.000000 15.000000
1 12075713.000000 15.000000
2 12076255.000000 15.000000
4 12076845.000000 15.000000
4 12077453.000000 15.000000
5 12077993.000000 40.000000
5 12078536.000000 34.000000
2 12079061.000000 15.000000
1 12079532.000000 15.000000
1 12079960.000000 15.000000
6 12080392.000000 10.000000
3 12081668.000000 15.000000
4 12082180.000000 15.000000
5 12082764.000000 32.000000
4 12083271.000000 15.000000
0 12083926.000000 15.000000
0 12084500.000000 15.000000
1 12085088.000000 15.000000
3 12085650.000000 15.000000
2 12086214.000000 15.000000
2 12086653.000000 15.000000
6 12087230.000000 10.000000
5 12088578.000000 59.000000
2 12089097.000000 15.000000
0 12089588.000000 15.000000
2 12090101.000000 15.000000
1 12090589.000000 15.000000
2 12091015.000000 15.000000
3 12091558.000000 15.000000
2 12092099.000000 15.000000
1 12092595.000000 15.000000
2 12093175.000000 15.000000
6 12093634.000000 10.000000
4 12095013.000000 15.000000
3 12095523.000000 15.000000
0 12096089.000000 15.000000
3 12096621.000000 15.000000
5 12097116.000000 54.000000
2 12097618.000000 15.000000
3 12098109.000000 15.000000
3 12098596.000000 15.000000
3 12099126.000000 15.000000
4 12099739.000000 15.000000
6 12100307.000000 10.000000
4 12101571.000000 15.000000
3 12102123.000000 15.000000
4 12102652.000000 15.000000
2 12103187.000000 15.000000
4 12103709.000000 15.000000
1 12104279.000000 15.000000
3 12104706.000000 15.000000
4 12105211.000000 15.000000
3 12105790.000000 15.000000
1 12106242.000000 15.000000
6 12106779.000000 10.000000
5 12108149.000000 40.000000
5 12108714.000000 53.000000
2 12109199.000000 15.000000
3 12109793.000000 15.000000
1 12110304.000000 15.000000
1 12110925.000000 15.000000
5 12111481.000000 25.000000
5 12111996.000000 52.000000
1 12112570.000000 15.000000
2 12113049.000000 15.000000
6 12113605.000000 10.000000
3 12114859.000000 15.000000
0 12115336.000000 15.000000
3 12115939.000000 15.000000
4 12116571.000000 15.000000
0 12117157.000000 15.000000
3 12117625.000000 15.000000
5 12118190.000000 62.000000
5 12118789.000000 65.000000
3 12119235.000000 15.000000
5 12119789.000000 33.000000
6 12120353.000000 10.000000
3 12121646.000000 15.000000
5 12122221.000000 51.000000
3 12122793.000000 15.000000
2 12123244.000000 15.000000
2 12123767.000000 15.000000
2 12124286.000000 15.000000
3 12124801.000000 15.000000
3 12125335.000000 15.000000
4 12125838.000000 15.000000
4 12126420.000000 15.000000
6 12127037.000000 10.000000
5 12128441.000000 23.000000
2 12128883.000000 15.000000
1 12129439.000000 15.000000
3 12129953.000000 15.000000
1 12130454.000000 15.000000
1 12130964.000000 15.000000
4 12131461.000000 15.000000
2 12131977.000000 15.000000
1 12132413.000000 15.000000
2 12132896.000000 15.000000
6 12133363.000000 10.000000
3 12134591.000000 15.000000
4 12135164.000000 15.000000
2 12135707.000000 15.000000
2 12136176.000000 15.000000
2 12136607.000000 15.000000
3 12137103.000000 15.000000
2 12137713.000000 15.000000
3 12138162.000000 15.000000
4 12138663.000000 15.000000
2 12139214.000000 15.000000
6 12139669.000000 10.000000
0 12140975.000000 15.000000
5 12141520.000000 46.000000
5 12142133.000000 37.000000
2 12142679.000000 15.000000
2 12143289.000000 15.000000
4 12143796.000000 15.000000
4 12144309.000000 15.000000
4 12144841.000000 15.000000
5 12145383.000000 47.000000
1 12145825.000000 15.000000
6 12146249.000000 10.000000
2 12147606.000000 15.000000
4 12148036.000000 15.000000
1 12148515.000000 15.000000
2 12149052.000000 15.000000
4 12149639.000000 15.000000
3 12150139.000000 15.000000
1 12150726.000000 15.000000
2 12151173.000000 15.000000
2 12151749.000000 15.000000
3 12152251.000000 15.000000
6 12152853.000000 10.000000
5 12154220.000000 33.000000
3 12154725.000000 15.000000
3 12155213.000000 15.000000
4 12155731.000000 15.000000
5 12156254.000000 55.000000
2 12156710.000000 15.000000
1 12157157.000000 15.000000
0 12157746.000000 15.000000
2 12158376.000000 15.000000
2 12158975.000000 15.000000
6 12159437.000000 10.000000
1 12160672.000000 15.000000
4 12161177.000000 15.000000
2 12161679.000000 15.000000
4 12162150.000000 15.000000
1 12162670.000000 15.000000
5 12163262.000000 37.000000
3 12163852.000000 15.000000
0 12164392.000000 15.000000
2 12164937.000000 15.000000
4 12165400.000000 15.000000
6 12165886.000000 10.000000
3 12167227.000000 15.000000
