5 1250.000000 15.000000
0 1774.000000 15.000000
0 2362.000000 15.000000
2 2885.000000 15.000000
5 3421.000000 83.000000
4 3905.000000 15.000000
0 4509.000000 15.000000
1 5113.000000 15.000000
2 5626.000000 15.000000
4 6191.000000 15.000000
5 6822.000000 82.000000
6 7265.000000 10.000000
2 8673.000000 15.000000
3 9227.000000 15.000000
4 9869.000000 15.000000
0 10384.000000 15.000000
1 10925.000000 15.000000
0 11486.000000 15.000000
4 11943.000000 15.000000
0 12595.000000 15.000000
1 13120.000000 15.000000
1 13557.000000 15.000000
6 14136.000000 10.000000
4 15524.000000 15.000000
5 16104.000000 65.000000
3 16603.000000 15.000000
4 17151.000000 15.000000
1 17736.000000 15.000000
2 18323.000000 15.000000
0 18754.000000 15.000000
2 19271.000000 15.000000
1 19772.000000 15.000000
4 20313.000000 15.000000
6 20889.000000 10.000000
0 22147.000000 15.000000
4 22606.000000 15.000000
1 23161.000000 15.000000
3 23688.000000 15.000000
2 24245.000000 15.000000
5 24778.000000 43.000000
2 25275.000000 15.000000
2 25868.000000 15.000000
0 26302.000000 15.000000
3 26784.000000 15.000000
6 27266.000000 10.000000
1 28490.000000 15.000000
0 28936.000000 15.000000
3 29543.000000 15.000000
4 30122.000000 15.000000
3 30764.000000 15.000000
5 31396.000000 40.000000
4 31911.000000 15.000000
1 32520.000000 15.000000
5 33104.000000 55.000000
4 33563.000000 15.000000
6 34065.000000 10.000000
0 35405.000000 15.000000
2 35997.000000 15.000000
4 36544.000000 15.000000
0 37056.000000 15.000000
0 37653.000000 15.000000
1 38133.000000 15.000000
4 38661.000000 15.000000
5 39243.000000 50.000000
1 39741.000000 15.000000
3 40181.000000 15.000000
6 40781.000000 10.000000
5 42001.000000 47.000000
3 42627.000000 15.000000
3 43200.000000 15.000000
3 43789.000000 15.000000
4 44403.000000 15.000000
1 45070.000000 15.000000
2 45620.000000 15.000000
3 46189.000000 15.000000
5 46768.000000 66.000000
1 47214.000000 15.000000
6 47667.000000 10.000000
1 49005.000000 15.000000
3 49443.000000 15.000000
2 49984.000000 15.000000
3 50438.000000 15.000000
2 50914.000000 15.000000
2 51437.000000 15.000000
0 52022.000000 15.000000
4 52521.000000 15.000000
2 53033.000000 15.000000
2 53573.000000 15.000000
6 54185.000000 10.000000
3 55592.000000 15.000000
0 56118.000000 15.000000
5 56566.000000 82.000000
4 57011.000000 15.000000
3 57576.000000 15.000000
3 58070.000000 15.000000
4 58672.000000 15.000000
4 59149.000000 15.000000
0 59814.000000 15.000000
4 60367.000000 15.000000
6 60872.000000 10.000000
4 62155.000000 15.000000
3 62699.000000 15.000000
4 63190.000000 15.000000
2 63827.000000 15.000000
2 64321.000000 15.000000
1 64932.000000 15.000000
3 65471.000000 15.000000
1 66005.000000 15.000000
4 66543.000000 15.000000
4 67153.000000 15.000000
6 67724.000000 10.000000
2 69069.000000 15.000000
2 69530.000000 15.000000
1 69970.000000 15.000000
2 70477.000000 15.000000
3 70961.000000 15.000000
5 71602.000000 72.000000
3 72109.000000 15.000000
1 72605.000000 15.000000
1 73160.000000 15.000000
2 73597.000000 15.000000
6 74039.000000 10.000000
1 75285.000000 15.000000
0 75762.000000 15.000000
0 76352.000000 15.000000
5 76965.000000 59.000000
5 77561.000000 51.000000
1 78199.000000 15.000000
1 78713.000000 15.000000
1 79220.000000 15.000000
3 79818.000000 15.000000
4 80296.000000 15.000000
6 80964.000000 10.000000
3 82284.000000 15.000000
3 82857.000000 15.000000
1 83464.000000 15.000000
5 83912.000000 33.000000
5 84358.000000 22.000000
4 84901.000000 15.000000
5 85552.000000 45.000000
5 86070.000000 64.000000
2 86622.000000 15.000000
2 87150.000000 15.000000
6 87639.000000 10.000000
5 88904.000000 31.000000
4 89436.000000 15.000000
4 90018.000000 15.000000
2 90601.000000 15.000000
0 91034.000000 15.000000
4 91537.000000 15.000000
4 92180.000000 15.000000
5 92752.000000 39.000000
5 93194.000000 38.000000
3 93644.000000 15.000000
6 94126.000000 10.000000
0 95447.000000 15.000000
5 95890.000000 29.000000
3 96495.000000 15.000000
4 96994.000000 15.000000
3 97625.000000 15.000000
5 98116.000000 39.000000
3 98633.000000 15.000000
0 99212.000000 15.000000
3 99752.000000 15.000000
2 100277.000000 15.000000
6 100796.000000 10.000000
0 102022.000000 15.000000
3 102621.000000 15.000000
1 103246.000000 15.000000
4 103763.000000 15.000000
4 104243.000000 15.000000
1 104747.000000 15.000000
2 105327.000000 15.000000
3 105820.000000 15.000000
5 106310.000000 36.000000
0 106927.000000 15.000000
6 107456.000000 10.000000
1 108779.000000 15.000000
4 109372.000000 15.000000
4 109946.000000 15.000000
4 110560.000000 15.000000
0 111180.000000 15.000000
2 111623.000000 15.000000
5 112223.000000 41.000000
0 112864.000000 15.000000
4 113329.000000 15.000000
4 113938.000000 15.000000
6 114575.000000 10.000000
5 115944.000000 36.000000
5 116406.000000 41.000000
2 116876.000000 15.000000
2 117330.000000 15.000000
3 117749.000000 15.000000
5 118387.000000 37.000000
0 118892.000000 15.000000
2 119514.000000 15.000000
3 120034.000000 15.000000
5 120674.000000 45.000000
6 121171.000000 10.000000
5 122415.000000 70.000000
3 122897.000000 15.000000
1 123455.000000 15.000000
2 123947.000000 15.000000
1 124514.000000 15.000000
2 125021.000000 15.000000
2 125588.000000 15.000000
4 126094.000000 15.000000
5 126617.000000 45.000000
0 127148.000000 15.000000
6 127596.000000 10.000000
1 128866.000000 15.000000
5 129425.000000 72.000000
1 130023.000000 15.000000
4 130486.000000 15.000000
0 131076.000000 15.000000
0 131512.000000 15.000000
1 131950.000000 15.000000
5 132515.000000 58.000000
0 132972.000000 15.000000
3 133475.000000 15.000000
6 133955.000000 10.000000
2 135168.000000 15.000000
1 135610.000000 15.000000
1 136120.000000 15.000000
2 136679.000000 15.000000
4 137288.000000 15.000000
3 137874.000000 15.000000
0 138324.000000 15.000000
0 138940.000000 15.000000
2 139390.000000 15.000000
1 139806.000000 15.000000
6 140422.000000 10.000000
2 141750.000000 15.000000
4 142303.000000 15.000000
0 142833.000000 15.000000
5 143447.000000 36.000000
5 143959.000000 37.000000
5 144560.000000 78.000000
3 145024.000000 15.000000
2 145534.000000 15.000000
5 146064.000000 48.000000
1 146523.000000 15.000000
6 146976.000000 10.000000
1 148293.000000 15.000000
5 148890.000000 59.000000
2 149358.000000 15.000000
5 149970.000000 55.000000
1 150574.000000 15.000000
3 151091.000000 15.000000
3 151613.000000 15.000000
5 152206.000000 25.000000
4 152838.000000 15.000000
1 153469.000000 15.000000
6 154031.000000 10.000000
1 155385.000000 15.000000
1 155988.000000 15.000000
3 156545.000000 15.000000
5 157166.000000 20.000000
2 157633.000000 15.000000
1 158094.000000 15.000000
5 158647.000000 84.000000
1 159151.000000 15.000000
0 159736.000000 15.000000
4 160226.000000 15.000000
6 160867.000000 10.000000
3 162145.000000 15.000000
2 162670.000000 15.000000
4 163154.000000 15.000000
1 163684.000000 15.000000
4 164253.000000 15.000000
1 164837.000000 15.000000
1 165430.000000 15.000000
4 166003.000000 15.000000
5 166660.000000 48.000000
3 167218.000000 15.000000
6 167802.000000 10.000000
1 169108.000000 15.000000
0 169660.000000 15.000000
1 170241.000000 15.000000
0 170683.000000 15.000000
3 171230.000000 15.000000
3 171773.000000 15.000000
0 172396.000000 15.000000
0 173014.000000 15.000000
0 173564.000000 15.000000
5 174047.000000 36.000000
6 174534.000000 10.000000
3 175768.000000 15.000000
2 176397.000000 15.000000
2 176878.000000 15.000000
0 177404.000000 15.000000
2 177902.000000 15.000000
4 178435.000000 15.000000
1 178994.000000 15.000000
4 179559.000000 15.000000
3 180118.000000 15.000000
2 180726.000000 15.000000
6 181325.000000 10.000000
5 182578.000000 82.000000
1 183129.000000 15.000000
0 183686.000000 15.000000
5 184141.000000 64.000000
1 184645.000000 15.000000
4 185248.000000 15.000000
0 185868.000000 15.000000
3 186350.000000 15.000000
5 186993.000000 32.000000
3 187590.000000 15.000000
6 188128.000000 10.000000
5 189468.000000 51.000000
4 190074.000000 15.000000
0 190743.000000 15.000000
2 191269.000000 15.000000
2 191833.000000 15.000000
1 192295.000000 15.000000
1 192816.000000 15.000000
5 193302.000000 48.000000
3 193766.000000 15.000000
2 194354.000000 15.000000
6 194897.000000 10.000000
0 196137.000000 15.000000
2 196735.000000 15.000000
5 197166.000000 22.000000
1 197736.000000 15.000000
3 198354.000000 15.000000
2 198995.000000 15.000000
1 199569.000000 15.000000
2 200100.000000 15.000000
5 200688.000000 51.000000
2 201146.000000 15.000000
6 201618.000000 10.000000
2 202846.000000 15.000000
4 203359.000000 15.000000
1 203934.000000 15.000000
0 204549.000000 15.000000
2 205171.000000 15.000000
2 205644.000000 15.000000
2 206145.000000 15.000000
5 206707.000000 47.000000
1 207264.000000 15.000000
3 207808.000000 15.000000
6 208387.000000 10.000000
5 209787.000000 59.000000
2 210250.000000 15.000000
5 210717.000000 21.000000
3 211345.000000 15.000000
0 211810.000000 15.000000
1 212246.000000 15.000000
4 212691.000000 15.000000
3 213311.000000 15.000000
0 213833.000000 15.000000
0 214297.000000 15.000000
6 214830.000000 10.000000
3 216193.000000 15.000000
5 216718.000000 33.000000
1 217249.000000 15.000000
0 217865.000000 15.000000
0 218305.000000 15.000000
5 218813.000000 64.000000
4 219347.000000 15.000000
2 219897.000000 15.000000
2 220470.000000 15.000000
2 220960.000000 15.000000
6 221491.000000 10.000000
0 222890.000000 15.000000
1 223343.000000 15.000000
4 223906.000000 15.000000
4 224561.000000 15.000000
3 225188.000000 15.000000
1 225652.000000 15.000000
5 226200.000000 80.000000
0 226666.000000 15.000000
0 227198.000000 15.000000
4 227664.000000 15.000000
6 228292.000000 10.000000
2 229599.000000 15.000000
3 230023.000000 15.000000
1 230665.000000 15.000000
2 231088.000000 15.000000
5 231503.000000 23.000000
3 232038.000000 15.000000
1 232580.000000 15.000000
5 233036.000000 25.000000
4 233493.000000 15.000000
5 233972.000000 39.000000
6 234477.000000 10.000000
1 235723.000000 15.000000
3 236228.000000 15.000000
4 236719.000000 15.000000
0 237383.000000 15.000000
5 237968.000000 64.000000
3 238438.000000 15.000000
1 238968.000000 15.000000
4 239562.000000 15.000000
3 240180.000000 15.000000
4 240781.000000 15.000000
6 241265.000000 10.000000
0 242489.000000 15.000000
1 242961.000000 15.000000
3 243525.000000 15.000000
0 244155.000000 15.000000
3 244655.000000 15.000000
1 245204.000000 15.000000
0 245695.000000 15.000000
0 246129.000000 15.000000
0 246673.000000 15.000000
1 247133.000000 15.000000
6 247606.000000 10.000000
0 248885.000000 15.000000
1 249388.000000 15.000000
3 249995.000000 15.000000
4 250619.000000 15.000000
3 251287.000000 15.000000
4 251933.000000 15.000000
4 252445.000000 15.000000
0 253049.000000 15.000000
2 253649.000000 15.000000
5 254235.000000 47.000000
6 254814.000000 10.000000
3 256120.000000 15.000000
0 256676.000000 15.000000
3 257192.000000 15.000000
1 257718.000000 15.000000
2 258256.000000 15.000000
2 258692.000000 15.000000
0 259218.000000 15.000000
5 259650.000000 61.000000
4 260198.000000 15.000000
3 260697.000000 15.000000
6 261323.000000 10.000000
3 262632.000000 15.000000
5 263151.000000 49.000000
2 263757.000000 15.000000
4 264313.000000 15.000000
2 264833.000000 15.000000
0 265340.000000 15.000000
2 265902.000000 15.000000
5 266332.000000 42.000000
4 266832.000000 15.000000
4 267421.000000 15.000000
6 268089.000000 10.000000
5 269325.000000 79.000000
0 269811.000000 15.000000
3 270374.000000 15.000000
4 270881.000000 15.000000
3 271398.000000 15.000000
2 271978.000000 15.000000
2 272472.000000 15.000000
0 272924.000000 15.000000
3 273503.000000 15.000000
3 274111.000000 15.000000
6 274570.000000 10.000000
5 275925.000000 38.000000
3 276513.000000 15.000000
2 277089.000000 15.000000
0 277665.000000 15.000000
2 278275.000000 15.000000
4 278822.000000 15.000000
0 279306.000000 15.000000
5 279850.000000 82.000000
2 280471.000000 15.000000
3 280890.000000 15.000000
6 281341.000000 10.000000
3 282638.000000 15.000000
3 283119.000000 15.000000
3 283748.000000 15.000000
0 284346.000000 15.000000
3 284900.000000 15.000000
5 285356.000000 43.000000
0 285944.000000 15.000000
0 286419.000000 15.000000
5 286888.000000 50.000000
2 287465.000000 15.000000
6 287948.000000 10.000000
2 289324.000000 15.000000
2 289916.000000 15.000000
5 290448.000000 54.000000
5 290941.000000 30.000000
4 291516.000000 15.000000
5 292058.000000 41.000000
0 292675.000000 15.000000
0 293158.000000 15.000000
1 293734.000000 15.000000
5 294266.000000 22.000000
6 294783.000000 10.000000
1 296128.000000 15.000000
5 296648.000000 78.000000
0 297200.000000 15.000000
3 297652.000000 15.000000
0 298170.000000 15.000000
1 298625.000000 15.000000
4 299205.000000 15.000000
0 299768.000000 15.000000
5 300374.000000 61.000000
1 300852.000000 15.000000
6 301345.000000 10.000000
0 302724.000000 15.000000
0 303177.000000 15.000000
2 303642.000000 15.000000
2 304062.000000 15.000000
4 304661.000000 15.000000
2 305143.000000 15.000000
2 305695.000000 15.000000
1 306187.000000 15.000000
1 306756.000000 15.000000
1 307259.000000 15.000000
6 307698.000000 10.000000
2 308941.000000 15.000000
1 309407.000000 15.000000
5 309922.000000 40.000000
5 310520.000000 32.000000
3 311160.000000 15.000000
4 311627.000000 15.000000
0 312224.000000 15.000000
1 312742.000000 15.000000
5 313180.000000 24.000000
5 313776.000000 64.000000
6 314236.000000 10.000000
1 315576.000000 15.000000
0 316014.000000 15.000000
0 316518.000000 15.000000
2 316972.000000 15.000000
5 317463.000000 21.000000
2 318103.000000 15.000000
3 318667.000000 15.000000
1 319142.000000 15.000000
5 319697.000000 38.000000
2 320324.000000 15.000000
6 320803.000000 10.000000
2 322086.000000 15.000000
5 322567.000000 46.000000
1 323136.000000 15.000000
5 323633.000000 65.000000
4 324264.000000 15.000000
5 324875.000000 75.000000
2 325399.000000 15.000000
5 326001.000000 38.000000
5 326637.000000 74.000000
2 327116.000000 15.000000
6 327603.000000 10.000000
0 328819.000000 15.000000
3 329415.000000 15.000000
0 330029.000000 15.000000
2 330610.000000 15.000000
0 331212.000000 15.000000
3 331789.000000 15.000000
2 332426.000000 15.000000
0 332854.000000 15.000000
5 333410.000000 43.000000
0 333905.000000 15.000000
6 334487.000000 10.000000
0 335858.000000 15.000000
1 336385.000000 15.000000
0 336977.000000 15.000000
3 337587.000000 15.000000
2 338066.000000 15.000000
3 338677.000000 15.000000
5 339249.000000 50.000000
5 339730.000000 71.000000
3 340207.000000 15.000000
5 340813.000000 41.000000
6 341304.000000 10.000000
2 342560.000000 15.000000
1 343042.000000 15.000000
1 343612.000000 15.000000
4 344155.000000 15.000000
0 344795.000000 15.000000
2 345407.000000 15.000000
2 345840.000000 15.000000
0 346286.000000 15.000000
5 346761.000000 60.000000
1 347371.000000 15.000000
6 347801.000000 10.000000
5 349141.000000 29.000000
1 349601.000000 15.000000
4 350049.000000 15.000000
4 350545.000000 15.000000
0 351132.000000 15.000000
2 351725.000000 15.000000
1 352200.000000 15.000000
3 352745.000000 15.000000
4 353199.000000 15.000000
5 353826.000000 29.000000
6 354364.000000 10.000000
2 355745.000000 15.000000
3 356184.000000 15.000000
0 356776.000000 15.000000
1 357367.000000 15.000000
0 357985.000000 15.000000
4 358568.000000 15.000000
4 359054.000000 15.000000
2 359552.000000 15.000000
4 360076.000000 15.000000
1 360586.000000 15.000000
6 361075.000000 10.000000
4 362431.000000 15.000000
5 363079.000000 80.000000
0 363550.000000 15.000000
2 364052.000000 15.000000
5 364481.000000 69.000000
0 365097.000000 15.000000
5 365534.000000 51.000000
3 366003.000000 15.000000
4 366574.000000 15.000000
1 367094.000000 15.000000
6 367684.000000 10.000000
2 368995.000000 15.000000
3 369455.000000 15.000000
3 370096.000000 15.000000
4 370615.000000 15.000000
5 371209.000000 77.000000
3 371796.000000 15.000000
4 372251.000000 15.000000
4 372853.000000 15.000000
5 373404.000000 23.000000
3 373918.000000 15.000000
6 374412.000000 10.000000
5 375791.000000 45.000000
1 376424.000000 15.000000
3 376948.000000 15.000000
5 377544.000000 80.000000
5 378101.000000 35.000000
4 378640.000000 15.000000
5 379181.000000 75.000000
0 379777.000000 15.000000
1 380359.000000 15.000000
4 380901.000000 15.000000
6 381420.000000 10.000000
5 382764.000000 69.000000
5 383339.000000 23.000000
2 383810.000000 15.000000
1 384289.000000 15.000000
0 384742.000000 15.000000
2 385222.000000 15.000000
0 385750.000000 15.000000
4 386352.000000 15.000000
5 386959.000000 70.000000
1 387407.000000 15.000000
6 387893.000000 10.000000
1 389151.000000 15.000000
5 389694.000000 54.000000
3 390297.000000 15.000000
2 390910.000000 15.000000
4 391328.000000 15.000000
3 391898.000000 15.000000
3 392489.000000 15.000000
4 393075.000000 15.000000
2 393577.000000 15.000000
1 394003.000000 15.000000
6 394510.000000 10.000000
3 395752.000000 15.000000
1 396303.000000 15.000000
0 396799.000000 15.000000
0 397371.000000 15.000000
0 397984.000000 15.000000
4 398615.000000 15.000000
1 399189.000000 15.000000
3 399614.000000 15.000000
2 400206.000000 15.000000
3 400773.000000 15.000000
6 401270.000000 10.000000
0 402573.000000 15.000000
1 403104.000000 15.000000
1 403670.000000 15.000000
3 404133.000000 15.000000
1 404745.000000 15.000000
2 405172.000000 15.000000
5 405737.000000 33.000000
1 406373.000000 15.000000
5 406809.000000 76.000000
3 407446.000000 15.000000
6 407942.000000 10.000000
1 409250.000000 15.000000
3 409816.000000 15.000000
4 410405.000000 15.000000
0 410946.000000 15.000000
5 411381.000000 54.000000
5 411841.000000 52.000000
3 412330.000000 15.000000
3 412848.000000 15.000000
3 413337.000000 15.000000
1 413838.000000 15.000000
6 414418.000000 10.000000
0 415704.000000 15.000000
3 416291.000000 15.000000
0 416753.000000 15.000000
2 417299.000000 15.000000
1 417860.000000 15.000000
1 418372.000000 15.000000
3 418936.000000 15.000000
2 419438.000000 15.000000
1 419941.000000 15.000000
1 420467.000000 15.000000
6 420910.000000 10.000000
2 422127.000000 15.000000
1 422560.000000 15.000000
4 423180.000000 15.000000
1 423653.000000 15.000000
3 424180.000000 15.000000
5 424659.000000 79.000000
3 425284.000000 15.000000
0 425877.000000 15.000000
3 426316.000000 15.000000
2 426955.000000 15.000000
6 427447.000000 10.000000
0 428721.000000 15.000000
1 429215.000000 15.000000
0 429767.000000 15.000000
3 430384.000000 15.000000
1 430858.000000 15.000000
1 431386.000000 15.000000
1 431874.000000 15.000000
4 432436.000000 15.000000
0 433101.000000 15.000000
0 433714.000000 15.000000
6 434151.000000 10.000000
2 435373.000000 15.000000
0 435916.000000 15.000000
3 436501.000000 15.000000
1 437014.000000 15.000000
4 437550.000000 15.000000
2 438056.000000 15.000000
2 438576.000000 15.000000
3 439009.000000 15.000000
1 439546.000000 15.000000
2 440091.000000 15.000000
6 440550.000000 10.000000
5 441786.000000 41.000000
1 442286.000000 15.000000
3 442750.000000 15.000000
4 443365.000000 15.000000
1 443852.000000 15.000000
2 444291.000000 15.000000
1 444839.000000 15.000000
3 445375.000000 15.000000
5 445927.000000 61.000000
0 446396.000000 15.000000
6 446838.000000 10.000000
3 448232.000000 15.000000
2 448705.000000 15.000000
5 449166.000000 23.000000
4 449719.000000 15.000000
1 450370.000000 15.000000
1 450971.000000 15.000000
4 451557.000000 15.000000
4 452178.000000 15.000000
3 452705.000000 15.000000
2 453326.000000 15.000000
6 453839.000000 10.000000
5 455135.000000 44.000000
0 455685.000000 15.000000
3 456171.000000 15.000000
1 456718.000000 15.000000
1 457145.000000 15.000000
4 457719.000000 15.000000
0 458261.000000 15.000000
4 458831.000000 15.000000
4 459321.000000 15.000000
1 459925.000000 15.000000
6 460459.000000 10.000000
5 461855.000000 73.000000
4 462305.000000 15.000000
2 462970.000000 15.000000
1 463427.000000 15.000000
4 463923.000000 15.000000
1 464541.000000 15.000000
0 465119.000000 15.000000
3 465660.000000 15.000000
0 466208.000000 15.000000
5 466815.000000 40.000000
6 467398.000000 10.000000
3 468662.000000 15.000000
4 469243.000000 15.000000
5 469838.000000 21.000000
4 470302.000000 15.000000
0 470967.000000 15.000000
5 471577.000000 72.000000
2 472031.000000 15.000000
2 472516.000000 15.000000
2 472947.000000 15.000000
1 473378.000000 15.000000
6 473876.000000 10.000000
0 475146.000000 15.000000
1 475702.000000 15.000000
5 476264.000000 43.000000
0 476771.000000 15.000000
4 477379.000000 15.000000
0 477886.000000 15.000000
0 478471.000000 15.000000
2 478985.000000 15.000000
3 479583.000000 15.000000
1 480138.000000 15.000000
6 480685.000000 10.000000
1 482060.000000 15.000000
1 482597.000000 15.000000
4 483048.000000 15.000000
0 483532.000000 15.000000
4 484098.000000 15.000000
2 484715.000000 15.000000
4 485145.000000 15.000000
1 485807.000000 15.000000
4 486363.000000 15.000000
0 486875.000000 15.000000
6 487375.000000 10.000000
3 488730.000000 15.000000
1 489179.000000 15.000000
4 489635.000000 15.000000
4 490218.000000 15.000000
0 490877.000000 15.000000
2 491455.000000 15.000000
1 491990.000000 15.000000
5 492558.000000 61.000000
4 493061.000000 15.000000
4 493711.000000 15.000000
6 494213.000000 10.000000
1 495621.000000 15.000000
1 496219.000000 15.000000
4 496761.000000 15.000000
2 497347.000000 15.000000
5 497941.000000 54.000000
4 498546.000000 15.000000
2 499198.000000 15.000000
1 499697.000000 15.000000
3 500144.000000 15.000000
3 500768.000000 15.000000
6 501378.000000 10.000000
0 502733.000000 15.000000
0 503284.000000 15.000000
3 503720.000000 15.000000
0 504249.000000 15.000000
0 504780.000000 15.000000
4 505362.000000 15.000000
1 505964.000000 15.000000
3 506457.000000 15.000000
2 507103.000000 15.000000
2 507689.000000 15.000000
6 508106.000000 10.000000
5 509334.000000 36.000000
2 509933.000000 15.000000
0 510524.000000 15.000000
2 511149.000000 15.000000
2 511582.000000 15.000000
5 512056.000000 23.000000
4 512660.000000 15.000000
4 513260.000000 15.000000
2 513903.000000 15.000000
0 514506.000000 15.000000
6 515048.000000 10.000000
3 516374.000000 15.000000
4 516890.000000 15.000000
3 517466.000000 15.000000
5 518073.000000 23.000000
4 518678.000000 15.000000
1 519172.000000 15.000000
5 519713.000000 31.000000
1 520267.000000 15.000000
4 520799.000000 15.000000
1 521311.000000 15.000000
6 521913.000000 10.000000
2 523168.000000 15.000000
3 523717.000000 15.000000
0 524174.000000 15.000000
0 524668.000000 15.000000
2 525274.000000 15.000000
4 525783.000000 15.000000
2 526311.000000 15.000000
1 526865.000000 15.000000
0 527314.000000 15.000000
4 527901.000000 15.000000
6 528384.000000 10.000000
2 529690.000000 15.000000
1 530244.000000 15.000000
4 530845.000000 15.000000
0 531374.000000 15.000000
4 531994.000000 15.000000
4 532562.000000 15.000000
1 533103.000000 15.000000
4 533594.000000 15.000000
0 534067.000000 15.000000
0 534546.000000 15.000000
6 534978.000000 10.000000
0 536188.000000 15.000000
3 536745.000000 15.000000
4 537204.000000 15.000000
1 537677.000000 15.000000
5 538128.000000 38.000000
0 538623.000000 15.000000
5 539189.000000 66.000000
0 539649.000000 15.000000
0 540153.000000 15.000000
1 540613.000000 15.000000
6 541113.000000 10.000000
4 542499.000000 15.000000
2 543109.000000 15.000000
0 543575.000000 15.000000
4 544134.000000 15.000000
1 544784.000000 15.000000
2 545278.000000 15.000000
2 545891.000000 15.000000
1 546371.000000 15.000000
1 546840.000000 15.000000
5 547373.000000 73.000000
6 547928.000000 10.000000
5 549184.000000 76.000000
2 549774.000000 15.000000
1 550200.000000 15.000000
1 550688.000000 15.000000
4 551279.000000 15.000000
4 551926.000000 15.000000
1 552588.000000 15.000000
2 553205.000000 15.000000
2 553798.000000 15.000000
0 554356.000000 15.000000
6 554908.000000 10.000000
1 556213.000000 15.000000
5 556728.000000 55.000000
1 557320.000000 15.000000
0 557897.000000 15.000000
1 558443.000000 15.000000
5 558880.000000 60.000000
1 559490.000000 15.000000
0 560078.000000 15.000000
4 560667.000000 15.000000
2 561154.000000 15.000000
6 561592.000000 10.000000
1 562921.000000 15.000000
1 563512.000000 15.000000
4 563986.000000 15.000000
0 564487.000000 15.000000
4 565068.000000 15.000000
0 565593.000000 15.000000
5 566168.000000 21.000000
2 566624.000000 15.000000
4 567127.000000 15.000000
2 567697.000000 15.000000
6 568178.000000 10.000000
0 569540.000000 15.000000
3 570139.000000 15.000000
1 570738.000000 15.000000
2 571347.000000 15.000000
4 571829.000000 15.000000
5 572470.000000 63.000000
2 573009.000000 15.000000
0 573602.000000 15.000000
5 574050.000000 26.000000
2 574500.000000 15.000000
6 575003.000000 10.000000
3 576272.000000 15.000000
0 576765.000000 15.000000
1 577384.000000 15.000000
0 577924.000000 15.000000
4 578489.000000 15.000000
5 579057.000000 67.000000
2 579520.000000 15.000000
5 579935.000000 70.000000
1 580563.000000 15.000000
2 581087.000000 15.000000
6 581676.000000 10.000000
1 582914.000000 15.000000
1 583425.000000 15.000000
4 583994.000000 15.000000
3 584559.000000 15.000000
1 585117.000000 15.000000
4 585560.000000 15.000000
5 586056.000000 62.000000
3 586574.000000 15.000000
5 587043.000000 67.000000
3 587651.000000 15.000000
6 588241.000000 10.000000
3 589452.000000 15.000000
2 590048.000000 15.000000
2 590549.000000 15.000000
4 591054.000000 15.000000
2 591577.000000 15.000000
1 592049.000000 15.000000
0 592606.000000 15.000000
3 593045.000000 15.000000
3 593658.000000 15.000000
2 594155.000000 15.000000
6 594601.000000 10.000000
4 595855.000000 15.000000
4 596411.000000 15.000000
4 596944.000000 15.000000
2 597500.000000 15.000000
3 598068.000000 15.000000
5 598706.000000 27.000000
3 599323.000000 15.000000
4 599953.000000 15.000000
3 600429.000000 15.000000
0 600897.000000 15.000000
6 601350.000000 10.000000
5 602718.000000 73.000000
3 603323.000000 15.000000
2 603957.000000 15.000000
4 604570.000000 15.000000
0 605125.000000 15.000000
0 605750.000000 15.000000
3 606230.000000 15.000000
5 606765.000000 84.000000
5 607327.000000 54.000000
2 607783.000000 15.000000
6 608234.000000 10.000000
2 609582.000000 15.000000
0 610108.000000 15.000000
5 610701.000000 52.000000
3 611169.000000 15.000000
1 611793.000000 15.000000
4 612237.000000 15.000000
2 612790.000000 15.000000
3 613221.000000 15.000000
3 613810.000000 15.000000
4 614366.000000 15.000000
6 614950.000000 10.000000
2 616174.000000 15.000000
4 616707.000000 15.000000
2 617297.000000 15.000000
4 617763.000000 15.000000
1 618270.000000 15.000000
4 618865.000000 15.000000
3 619500.000000 15.000000
5 620053.000000 36.000000
2 620498.000000 15.000000
3 621060.000000 15.000000
6 621681.000000 10.000000
4 623064.000000 15.000000
5 623599.000000 52.000000
1 624223.000000 15.000000
0 624649.000000 15.000000
0 625245.000000 15.000000
5 625807.000000 53.000000
2 626407.000000 15.000000
3 626889.000000 15.000000
2 627438.000000 15.000000
3 628048.000000 15.000000
6 628510.000000 10.000000
4 629747.000000 15.000000
0 630314.000000 15.000000
2 630775.000000 15.000000
3 631218.000000 15.000000
5 631843.000000 71.000000
4 632371.000000 15.000000
5 632937.000000 84.000000
0 633495.000000 15.000000
3 634031.000000 15.000000
1 634623.000000 15.000000
6 635208.000000 10.000000
0 636582.000000 15.000000
5 637172.000000 20.000000
5 637760.000000 28.000000
0 638382.000000 15.000000
4 638979.000000 15.000000
3 639543.000000 15.000000
5 640118.000000 39.000000
4 640635.000000 15.000000
1 641278.000000 15.000000
5 641807.000000 55.000000
6 642272.000000 10.000000
4 643646.000000 15.000000
2 644175.000000 15.000000
3 644775.000000 15.000000
3 645240.000000 15.000000
3 645798.000000 15.000000
4 646358.000000 15.000000
0 646886.000000 15.000000
0 647501.000000 15.000000
5 647946.000000 64.000000
4 648407.000000 15.000000
6 648906.000000 10.000000
0 650210.000000 15.000000
4 650644.000000 15.000000
2 651246.000000 15.000000
5 651826.000000 29.000000
4 652296.000000 15.000000
1 652777.000000 15.000000
0 653328.000000 15.000000
3 653943.000000 15.000000
5 654558.000000 21.000000
4 655038.000000 15.000000
6 655519.000000 10.000000
1 656730.000000 15.000000
2 657203.000000 15.000000
1 657737.000000 15.000000
1 658290.000000 15.000000
2 658713.000000 15.000000
1 659195.000000 15.000000
0 659804.000000 15.000000
2 660272.000000 15.000000
1 660777.000000 15.000000
2 661333.000000 15.000000
6 661790.000000 10.000000
4 663108.000000 15.000000
3 663743.000000 15.000000
3 664323.000000 15.000000
3 664878.000000 15.000000
5 665434.000000 84.000000
3 666053.000000 15.000000
5 666684.000000 31.000000
4 667240.000000 15.000000
2 667907.000000 15.000000
2 668382.000000 15.000000
6 668834.000000 10.000000
5 670076.000000 78.000000
0 670530.000000 15.000000
1 671035.000000 15.000000
4 671491.000000 15.000000
4 672028.000000 15.000000
3 672558.000000 15.000000
0 673053.000000 15.000000
4 673588.000000 15.000000
1 674252.000000 15.000000
4 674792.000000 15.000000
6 675383.000000 10.000000
0 676723.000000 15.000000
4 677266.000000 15.000000
3 677810.000000 15.000000
4 678326.000000 15.000000
1 678823.000000 15.000000
3 679395.000000 15.000000
1 680042.000000 15.000000
5 680502.000000 28.000000
2 681095.000000 15.000000
0 681695.000000 15.000000
6 682320.000000 10.000000
5 683643.000000 73.000000
4 684146.000000 15.000000
1 684660.000000 15.000000
4 685144.000000 15.000000
4 685760.000000 15.000000
1 686356.000000 15.000000
0 686840.000000 15.000000
5 687396.000000 39.000000
4 687953.000000 15.000000
3 688499.000000 15.000000
6 689095.000000 10.000000
3 690437.000000 15.000000
5 690918.000000 34.000000
0 691518.000000 15.000000
3 691980.000000 15.000000
0 692571.000000 15.000000
4 693072.000000 15.000000
1 693583.000000 15.000000
2 694153.000000 15.000000
3 694651.000000 15.000000
5 695130.000000 52.000000
6 695671.000000 10.000000
4 696901.000000 15.000000
1 697549.000000 15.000000
3 698140.000000 15.000000
1 698786.000000 15.000000
3 699264.000000 15.000000
3 699890.000000 15.000000
4 700478.000000 15.000000
2 701075.000000 15.000000
1 701649.000000 15.000000
5 702149.000000 68.000000
6 702604.000000 10.000000
0 703942.000000 15.000000
2 704395.000000 15.000000
3 704878.000000 15.000000
2 705485.000000 15.000000
4 706038.000000 15.000000
4 706617.000000 15.000000
2 707180.000000 15.000000
5 707704.000000 78.000000
0 708203.000000 15.000000
2 708786.000000 15.000000
6 709272.000000 10.000000
0 710595.000000 15.000000
3 711175.000000 15.000000
2 711780.000000 15.000000
2 712258.000000 15.000000
3 712866.000000 15.000000
3 713345.000000 15.000000
4 713926.000000 15.000000
2 714537.000000 15.000000
1 714965.000000 15.000000
3 715449.000000 15.000000
6 715947.000000 10.000000
0 717179.000000 15.000000
2 717727.000000 15.000000
1 718291.000000 15.000000
2 718776.000000 15.000000
3 719275.000000 15.000000
0 719864.000000 15.000000
1 720435.000000 15.000000
0 720957.000000 15.000000
5 721448.000000 20.000000
4 721980.000000 15.000000
6 722475.000000 10.000000
4 723769.000000 15.000000
5 724286.000000 62.000000
4 724851.000000 15.000000
1 725426.000000 15.000000
3 725902.000000 15.000000
4 726363.000000 15.000000
4 726845.000000 15.000000
5 727354.000000 25.000000
4 727840.000000 15.000000
1 728452.000000 15.000000
6 728994.000000 10.000000
5 730276.000000 62.000000
2 730747.000000 15.000000
1 731289.000000 15.000000
4 731884.000000 15.000000
3 732480.000000 15.000000
1 733101.000000 15.000000
2 733590.000000 15.000000
5 734090.000000 57.000000
3 734679.000000 15.000000
4 735171.000000 15.000000
6 735829.000000 10.000000
1 737066.000000 15.000000
4 737513.000000 15.000000
5 738113.000000 84.000000
2 738601.000000 15.000000
0 739180.000000 15.000000
2 739734.000000 15.000000
5 740231.000000 55.000000
1 740741.000000 15.000000
2 741269.000000 15.000000
4 741686.000000 15.000000
6 742179.000000 10.000000
5 743560.000000 82.000000
0 744048.000000 15.000000
0 744486.000000 15.000000
4 745109.000000 15.000000
5 745689.000000 84.000000
4 746160.000000 15.000000
0 746829.000000 15.000000
4 747285.000000 15.000000
4 747919.000000 15.000000
3 748414.000000 15.000000
6 748927.000000 10.000000
5 750158.000000 40.000000
1 750757.000000 15.000000
5 751375.000000 60.000000
3 751984.000000 15.000000
1 752630.000000 15.000000
5 753205.000000 77.000000
0 753762.000000 15.000000
2 754340.000000 15.000000
4 754823.000000 15.000000
0 755445.000000 15.000000
6 756016.000000 10.000000
4 757254.000000 15.000000
2 757807.000000 15.000000
0 758283.000000 15.000000
4 758868.000000 15.000000
4 759535.000000 15.000000
2 760200.000000 15.000000
5 760702.000000 56.000000
5 761246.000000 28.000000
0 761867.000000 15.000000
1 762373.000000 15.000000
6 762910.000000 10.000000
3 764236.000000 15.000000
0 764865.000000 15.000000
2 765492.000000 15.000000
4 766083.000000 15.000000
5 766600.000000 83.000000
2 767100.000000 15.000000
4 767693.000000 15.000000
4 768268.000000 15.000000
2 768901.000000 15.000000
3 769448.000000 15.000000
6 769982.000000 10.000000
0 771345.000000 15.000000
4 771863.000000 15.000000
5 772470.000000 75.000000
3 773092.000000 15.000000
3 773553.000000 15.000000
4 774161.000000 15.000000
3 774796.000000 15.000000
3 775377.000000 15.000000
1 775980.000000 15.000000
3 776534.000000 15.000000
6 777085.000000 10.000000
0 778312.000000 15.000000
1 778794.000000 15.000000
1 779381.000000 15.000000
4 779875.000000 15.000000
2 780525.000000 15.000000
0 780965.000000 15.000000
3 781487.000000 15.000000
2 781941.000000 15.000000
2 782496.000000 15.000000
4 782914.000000 15.000000
6 783561.000000 10.000000
0 784941.000000 15.000000
5 785525.000000 24.000000
1 785984.000000 15.000000
3 786589.000000 15.000000
0 787209.000000 15.000000
5 787749.000000 25.000000
3 788236.000000 15.000000
2 788811.000000 15.000000
4 789387.000000 15.000000
1 789990.000000 15.000000
6 790579.000000 10.000000
4 791887.000000 15.000000
2 792506.000000 15.000000
3 793043.000000 15.000000
4 793660.000000 15.000000
2 794195.000000 15.000000
5 794737.000000 73.000000
5 795378.000000 76.000000
3 795827.000000 15.000000
5 796359.000000 48.000000
1 796970.000000 15.000000
6 797517.000000 10.000000
0 798838.000000 15.000000
5 799360.000000 33.000000
5 799934.000000 35.000000
0 800390.000000 15.000000
0 800900.000000 15.000000
0 801505.000000 15.000000
4 802061.000000 15.000000
4 802639.000000 15.000000
5 803140.000000 70.000000
5 803645.000000 80.000000
6 804262.000000 10.000000
2 805509.000000 15.000000
4 805931.000000 15.000000
1 806595.000000 15.000000
2 807169.000000 15.000000
1 807601.000000 15.000000
3 808093.000000 15.000000
1 808643.000000 15.000000
5 809203.000000 83.000000
2 809734.000000 15.000000
1 810163.000000 15.000000
6 810726.000000 10.000000
2 811970.000000 15.000000
0 812416.000000 15.000000
2 813034.000000 15.000000
5 813531.000000 32.000000
4 813991.000000 15.000000
2 814555.000000 15.000000
5 814997.000000 32.000000
4 815586.000000 15.000000
1 816079.000000 15.000000
0 816607.000000 15.000000
6 817236.000000 10.000000
1 818544.000000 15.000000
4 819027.000000 15.000000
2 819575.000000 15.000000
4 820050.000000 15.000000
2 820695.000000 15.000000
1 821239.000000 15.000000
3 821783.000000 15.000000
2 822421.000000 15.000000
0 822958.000000 15.000000
0 823474.000000 15.000000
6 823980.000000 10.000000
5 825276.000000 81.000000
5 825903.000000 71.000000
4 826361.000000 15.000000
1 826993.000000 15.000000
5 827456.000000 84.000000
2 827911.000000 15.000000
3 828354.000000 15.000000
5 828859.000000 27.000000
1 829322.000000 15.000000
5 829794.000000 27.000000
6 830316.000000 10.000000
3 831675.000000 15.000000
5 832176.000000 39.000000
1 832816.000000 15.000000
2 833251.000000 15.000000
0 833754.000000 15.000000
0 834266.000000 15.000000
1 834780.000000 15.000000
0 835246.000000 15.000000
2 835688.000000 15.000000
2 836226.000000 15.000000
6 836795.000000 10.000000
0 838076.000000 15.000000
2 838671.000000 15.000000
3 839105.000000 15.000000
5 839716.000000 48.000000
5 840174.000000 62.000000
0 840730.000000 15.000000
3 841302.000000 15.000000
4 841867.000000 15.000000
2 842528.000000 15.000000
2 843129.000000 15.000000
6 843722.000000 10.000000
5 845045.000000 64.000000
1 845658.000000 15.000000
4 846086.000000 15.000000
0 846720.000000 15.000000
4 847340.000000 15.000000
0 847962.000000 15.000000
4 848548.000000 15.000000
3 849140.000000 15.000000
1 849657.000000 15.000000
1 850232.000000 15.000000
6 850699.000000 10.000000
1 852082.000000 15.000000
5 852534.000000 62.000000
0 853109.000000 15.000000
4 853581.000000 15.000000
4 854097.000000 15.000000
0 854572.000000 15.000000
5 855126.000000 74.000000
4 855587.000000 15.000000
3 856091.000000 15.000000
1 856662.000000 15.000000
6 857117.000000 10.000000
5 858408.000000 21.000000
2 858951.000000 15.000000
2 859367.000000 15.000000
1 859919.000000 15.000000
3 860430.000000 15.000000
1 860888.000000 15.000000
2 861390.000000 15.000000
1 861903.000000 15.000000
0 862435.000000 15.000000
3 862955.000000 15.000000
6 863458.000000 10.000000
5 864835.000000 60.000000
0 865466.000000 15.000000
4 865973.000000 15.000000
0 866520.000000 15.000000
0 867148.000000 15.000000
5 867705.000000 37.000000
4 868297.000000 15.000000
0 868830.000000 15.000000
3 869355.000000 15.000000
4 869919.000000 15.000000
6 870447.000000 10.000000
0 871694.000000 15.000000
4 872262.000000 15.000000
2 872869.000000 15.000000
0 873306.000000 15.000000
3 873849.000000 15.000000
3 874433.000000 15.000000
3 875062.000000 15.000000
3 875589.000000 15.000000
0 876086.000000 15.000000
5 876613.000000 60.000000
6 877241.000000 10.000000
5 878606.000000 76.000000
3 879229.000000 15.000000
3 879716.000000 15.000000
0 880272.000000 15.000000
4 880875.000000 15.000000
3 881414.000000 15.000000
2 881980.000000 15.000000
3 882490.000000 15.000000
5 882957.000000 57.000000
2 883446.000000 15.000000
6 884015.000000 10.000000
1 885387.000000 15.000000
3 885936.000000 15.000000
4 886457.000000 15.000000
5 887044.000000 57.000000
5 887654.000000 67.000000
5 888120.000000 47.000000
1 888598.000000 15.000000
5 889153.000000 39.000000
4 889751.000000 15.000000
1 890406.000000 15.000000
6 890996.000000 10.000000
2 892295.000000 15.000000
1 892819.000000 15.000000
5 893254.000000 81.000000
1 893696.000000 15.000000
2 894180.000000 15.000000
0 894661.000000 15.000000
2 895201.000000 15.000000
3 895736.000000 15.000000
1 896263.000000 15.000000
0 896715.000000 15.000000
6 897295.000000 10.000000
1 898554.000000 15.000000
1 899108.000000 15.000000
3 899691.000000 15.000000
3 900316.000000 15.000000
4 900868.000000 15.000000
1 901475.000000 15.000000
3 902015.000000 15.000000
2 902552.000000 15.000000
2 903114.000000 15.000000
2 903600.000000 15.000000
6 904175.000000 10.000000
4 905518.000000 15.000000
0 906085.000000 15.000000
5 906665.000000 60.000000
4 907121.000000 15.000000
2 907691.000000 15.000000
2 908160.000000 15.000000
1 908676.000000 15.000000
3 909198.000000 15.000000
1 909788.000000 15.000000
2 910388.000000 15.000000
6 910928.000000 10.000000
3 912203.000000 15.000000
2 912677.000000 15.000000
5 913097.000000 30.000000
0 913592.000000 15.000000
0 914141.000000 15.000000
0 914645.000000 15.000000
5 915195.000000 44.000000
4 915749.000000 15.000000
4 916235.000000 15.000000
2 916847.000000 15.000000
6 917441.000000 10.000000
5 918748.000000 27.000000
0 919247.000000 15.000000
0 919801.000000 15.000000
2 920260.000000 15.000000
4 920841.000000 15.000000
4 921493.000000 15.000000
0 922110.000000 15.000000
5 922619.000000 73.000000
4 923235.000000 15.000000
3 923845.000000 15.000000
6 924386.000000 10.000000
5 925608.000000 68.000000
1 926231.000000 15.000000
0 926719.000000 15.000000
5 927279.000000 76.000000
2 927838.000000 15.000000
3 928400.000000 15.000000
1 929029.000000 15.000000
1 929487.000000 15.000000
5 930035.000000 21.000000
4 930578.000000 15.000000
6 931157.000000 10.000000
4 932470.000000 15.000000
1 933077.000000 15.000000
0 933594.000000 15.000000
5 934122.000000 62.000000
5 934719.000000 74.000000
2 935238.000000 15.000000
0 935846.000000 15.000000
0 936424.000000 15.000000
0 936975.000000 15.000000
0 937416.000000 15.000000
6 937907.000000 10.000000
3 939163.000000 15.000000
4 939757.000000 15.000000
4 940259.000000 15.000000
3 940844.000000 15.000000
4 941466.000000 15.000000
1 942003.000000 15.000000
1 942609.000000 15.000000
5 943076.000000 36.000000
3 943701.000000 15.000000
0 944218.000000 15.000000
6 944843.000000 10.000000
4 946246.000000 15.000000
0 946764.000000 15.000000
4 947347.000000 15.000000
1 947899.000000 15.000000
5 948401.000000 24.000000
0 949025.000000 15.000000
0 949465.000000 15.000000
1 949907.000000 15.000000
4 950403.000000 15.000000
0 950905.000000 15.000000
6 951490.000000 10.000000
4 952891.000000 15.000000
4 953426.000000 15.000000
5 954082.000000 84.000000
1 954666.000000 15.000000
4 955103.000000 15.000000
5 955753.000000 71.000000
3 956202.000000 15.000000
3 956836.000000 15.000000
1 957293.000000 15.000000
3 957843.000000 15.000000
6 958333.000000 10.000000
1 959642.000000 15.000000
1 960109.000000 15.000000
2 960635.000000 15.000000
2 961090.000000 15.000000
1 961637.000000 15.000000
1 962139.000000 15.000000
3 962593.000000 15.000000
1 963233.000000 15.000000
2 963693.000000 15.000000
1 964205.000000 15.000000
6 964683.000000 10.000000
3 966031.000000 15.000000
3 966609.000000 15.000000
4 967182.000000 15.000000
1 967778.000000 15.000000
4 968241.000000 15.000000
1 968752.000000 15.000000
0 969255.000000 15.000000
1 969753.000000 15.000000
1 970214.000000 15.000000
1 970717.000000 15.000000
6 971172.000000 10.000000
0 972529.000000 15.000000
5 973150.000000 29.000000
5 973685.000000 66.000000
4 974262.000000 15.000000
3 974882.000000 15.000000
1 975343.000000 15.000000
3 975786.000000 15.000000
5 976317.000000 28.000000
1 976769.000000 15.000000
4 977313.000000 15.000000
6 977825.000000 10.000000
2 979116.000000 15.000000
0 979649.000000 15.000000
4 980138.000000 15.000000
0 980642.000000 15.000000
1 981080.000000 15.000000
0 981626.000000 15.000000
4 982205.000000 15.000000
2 982731.000000 15.000000
1 983216.000000 15.000000
5 983759.000000 61.000000
6 984339.000000 10.000000
1 985673.000000 15.000000
1 986148.000000 15.000000
3 986614.000000 15.000000
5 987215.000000 75.000000
5 987761.000000 45.000000
0 988274.000000 15.000000
5 988839.000000 30.000000
2 989327.000000 15.000000
1 989750.000000 15.000000
5 990290.000000 54.000000
6 990908.000000 10.000000
3 992158.000000 15.000000
0 992786.000000 15.000000
0 993402.000000 15.000000
5 994028.000000 76.000000
5 994472.000000 63.000000
2 995008.000000 15.000000
5 995597.000000 75.000000
5 996197.000000 31.000000
1 996757.000000 15.000000
5 997362.000000 71.000000
6 997941.000000 10.000000
3 999336.000000 15.000000
4 999813.000000 15.000000
0 1000484.000000 15.000000
0 1001025.000000 15.000000
0 1001611.000000 15.000000
0 1002059.000000 15.000000
3 1002682.000000 15.000000
3 1003170.000000 15.000000
5 1003652.000000 48.000000
5 1004270.000000 52.000000
6 1004869.000000 10.000000
5 1006261.000000 33.000000
3 1006896.000000 15.000000
4 1007521.000000 15.000000
0 1008172.000000 15.000000
0 1008789.000000 15.000000
3 1009310.000000 15.000000
4 1009932.000000 15.000000
5 1010439.000000 41.000000
3 1010944.000000 15.000000
3 1011488.000000 15.000000
6 1011945.000000 10.000000
4 1013260.000000 15.000000
1 1013741.000000 15.000000
2 1014295.000000 15.000000
3 1014836.000000 15.000000
2 1015394.000000 15.000000
4 1015855.000000 15.000000
0 1016473.000000 15.000000
2 1016978.000000 15.000000
4 1017568.000000 15.000000
0 1018218.000000 15.000000
6 1018797.000000 10.000000
3 1020071.000000 15.000000
1 1020590.000000 15.000000
2 1021182.000000 15.000000
2 1021603.000000 15.000000
1 1022059.000000 15.000000
3 1022595.000000 15.000000
1 1023162.000000 15.000000
1 1023746.000000 15.000000
3 1024196.000000 15.000000
2 1024661.000000 15.000000
6 1025124.000000 10.000000
3 1026507.000000 15.000000
0 1027104.000000 15.000000
2 1027537.000000 15.000000
1 1028082.000000 15.000000
3 1028657.000000 15.000000
5 1029130.000000 54.000000
2 1029656.000000 15.000000
2 1030082.000000 15.000000
5 1030537.000000 60.000000
1 1031085.000000 15.000000
6 1031683.000000 10.000000
1 1032978.000000 15.000000
0 1033534.000000 15.000000
3 1034133.000000 15.000000
2 1034774.000000 15.000000
2 1035190.000000 15.000000
4 1035701.000000 15.000000
5 1036184.000000 80.000000
0 1036796.000000 15.000000
5 1037348.000000 43.000000
4 1037887.000000 15.000000
6 1038399.000000 10.000000
4 1039750.000000 15.000000
5 1040241.000000 67.000000
4 1040830.000000 15.000000
3 1041363.000000 15.000000
1 1041867.000000 15.000000
2 1042417.000000 15.000000
0 1042963.000000 15.000000
5 1043557.000000 70.000000
5 1044156.000000 57.000000
3 1044615.000000 15.000000
6 1045237.000000 10.000000
0 1046567.000000 15.000000
1 1047174.000000 15.000000
3 1047620.000000 15.000000
5 1048262.000000 57.000000
1 1048869.000000 15.000000
1 1049391.000000 15.000000
5 1049817.000000 79.000000
5 1050273.000000 63.000000
4 1050783.000000 15.000000
5 1051441.000000 26.000000
6 1051928.000000 10.000000
4 1053201.000000 15.000000
1 1053730.000000 15.000000
4 1054285.000000 15.000000
3 1054848.000000 15.000000
1 1055491.000000 15.000000
2 1056071.000000 15.000000
0 1056677.000000 15.000000
3 1057294.000000 15.000000
2 1057908.000000 15.000000
3 1058392.000000 15.000000
6 1058864.000000 10.000000
1 1060175.000000 15.000000
2 1060637.000000 15.000000
3 1061120.000000 15.000000
5 1061713.000000 57.000000
3 1062309.000000 15.000000
0 1062785.000000 15.000000
5 1063311.000000 79.000000
5 1063797.000000 52.000000
1 1064381.000000 15.000000
5 1064900.000000 57.000000
6 1065399.000000 10.000000
5 1066742.000000 73.000000
3 1067225.000000 15.000000
3 1067772.000000 15.000000
3 1068379.000000 15.000000
0 1068845.000000 15.000000
4 1069439.000000 15.000000
2 1069954.000000 15.000000
3 1070539.000000 15.000000
0 1071068.000000 15.000000
5 1071587.000000 38.000000
6 1072149.000000 10.000000
5 1073509.000000 66.000000
3 1074073.000000 15.000000
4 1074598.000000 15.000000
1 1075207.000000 15.000000
1 1075742.000000 15.000000
5 1076272.000000 24.000000
3 1076782.000000 15.000000
4 1077282.000000 15.000000
2 1077759.000000 15.000000
1 1078194.000000 15.000000
6 1078642.000000 10.000000
2 1079892.000000 15.000000
3 1080347.000000 15.000000
1 1080850.000000 15.000000
5 1081294.000000 24.000000
2 1081854.000000 15.000000
1 1082313.000000 15.000000
4 1082794.000000 15.000000
3 1083284.000000 15.000000
2 1083920.000000 15.000000
3 1084520.000000 15.000000
6 1085035.000000 10.000000
1 1086294.000000 15.000000
5 1086893.000000 84.000000
3 1087487.000000 15.000000
4 1087977.000000 15.000000
5 1088542.000000 45.000000
2 1089042.000000 15.000000
5 1089605.000000 78.000000
1 1090047.000000 15.000000
3 1090636.000000 15.000000
3 1091233.000000 15.000000
6 1091812.000000 10.000000
1 1093149.000000 15.000000
0 1093586.000000 15.000000
1 1094086.000000 15.000000
0 1094551.000000 15.000000
4 1095051.000000 15.000000
4 1095710.000000 15.000000
4 1096187.000000 15.000000
2 1096825.000000 15.000000
4 1097342.000000 15.000000
1 1097924.000000 15.000000
6 1098444.000000 10.000000
5 1099764.000000 79.000000
4 1100213.000000 15.000000
3 1100754.000000 15.000000
2 1101294.000000 15.000000
5 1101779.000000 53.000000
3 1102393.000000 15.000000
4 1102971.000000 15.000000
1 1103458.000000 15.000000
0 1103909.000000 15.000000
1 1104387.000000 15.000000
6 1104886.000000 10.000000
2 1106103.000000 15.000000
1 1106570.000000 15.000000
4 1107032.000000 15.000000
4 1107658.000000 15.000000
2 1108140.000000 15.000000
1 1108654.000000 15.000000
0 1109090.000000 15.000000
5 1109706.000000 51.000000
2 1110184.000000 15.000000
2 1110684.000000 15.000000
6 1111222.000000 10.000000
5 1112615.000000 79.000000
0 1113068.000000 15.000000
3 1113541.000000 15.000000
2 1114104.000000 15.000000
1 1114535.000000 15.000000
3 1115004.000000 15.000000
3 1115629.000000 15.000000
3 1116235.000000 15.000000
0 1116848.000000 15.000000
1 1117403.000000 15.000000
6 1117941.000000 10.000000
1 1119265.000000 15.000000
2 1119872.000000 15.000000
1 1120448.000000 15.000000
2 1120878.000000 15.000000
3 1121399.000000 15.000000
1 1121880.000000 15.000000
4 1122477.000000 15.000000
4 1122981.000000 15.000000
4 1123493.000000 15.000000
0 1124115.000000 15.000000
6 1124549.000000 10.000000
4 1125823.000000 15.000000
2 1126333.000000 15.000000
1 1126856.000000 15.000000
0 1127467.000000 15.000000
3 1127933.000000 15.000000
2 1128552.000000 15.000000
2 1129075.000000 15.000000
5 1129546.000000 82.000000
3 1129999.000000 15.000000
0 1130618.000000 15.000000
6 1131082.000000 10.000000
4 1132431.000000 15.000000
1 1133012.000000 15.000000
2 1133564.000000 15.000000
5 1133981.000000 39.000000
3 1134466.000000 15.000000
3 1134989.000000 15.000000
0 1135548.000000 15.000000
0 1136175.000000 15.000000
3 1136775.000000 15.000000
3 1137286.000000 15.000000
6 1137885.000000 10.000000
2 1139210.000000 15.000000
4 1139714.000000 15.000000
3 1140319.000000 15.000000
1 1140814.000000 15.000000
4 1141291.000000 15.000000
4 1141778.000000 15.000000
0 1142394.000000 15.000000
2 1142965.000000 15.000000
0 1143395.000000 15.000000
1 1143882.000000 15.000000
6 1144461.000000 10.000000
5 1145704.000000 20.000000
2 1146236.000000 15.000000
5 1146702.000000 30.000000
1 1147225.000000 15.000000
1 1147825.000000 15.000000
1 1148369.000000 15.000000
0 1148941.000000 15.000000
0 1149417.000000 15.000000
5 1149964.000000 58.000000
4 1150423.000000 15.000000
6 1150929.000000 10.000000
1 1152306.000000 15.000000
4 1152738.000000 15.000000
4 1153243.000000 15.000000
4 1153840.000000 15.000000
5 1154485.000000 82.000000
0 1154959.000000 15.000000
2 1155424.000000 15.000000
2 1156003.000000 15.000000
2 1156443.000000 15.000000
1 1156913.000000 15.000000
6 1157389.000000 10.000000
1 1158719.000000 15.000000
2 1159214.000000 15.000000
2 1159801.000000 15.000000
5 1160269.000000 47.000000
1 1160754.000000 15.000000
4 1161207.000000 15.000000
0 1161826.000000 15.000000
2 1162401.000000 15.000000
0 1162844.000000 15.000000
2 1163362.000000 15.000000
6 1163871.000000 10.000000
3 1165240.000000 15.000000
3 1165799.000000 15.000000
1 1166256.000000 15.000000
5 1166798.000000 84.000000
4 1167247.000000 15.000000
4 1167916.000000 15.000000
1 1168530.000000 15.000000
0 1169071.000000 15.000000
1 1169617.000000 15.000000
3 1170221.000000 15.000000
6 1170693.000000 10.000000
2 1172022.000000 15.000000
3 1172453.000000 15.000000
0 1172938.000000 15.000000
4 1173474.000000 15.000000
2 1174107.000000 15.000000
0 1174596.000000 15.000000
1 1175209.000000 15.000000
2 1175829.000000 15.000000
1 1176375.000000 15.000000
5 1176964.000000 51.000000
6 1177519.000000 10.000000
2 1178738.000000 15.000000
0 1179337.000000 15.000000
3 1179935.000000 15.000000
4 1180494.000000 15.000000
1 1180976.000000 15.000000
2 1181448.000000 15.000000
3 1182057.000000 15.000000
5 1182636.000000 77.000000
1 1183096.000000 15.000000
3 1183641.000000 15.000000
6 1184233.000000 10.000000
4 1185505.000000 15.000000
2 1185994.000000 15.000000
1 1186543.000000 15.000000
0 1187008.000000 15.000000
1 1187614.000000 15.000000
3 1188147.000000 15.000000
0 1188687.000000 15.000000
1 1189145.000000 15.000000
0 1189635.000000 15.000000
1 1190161.000000 15.000000
6 1190740.000000 10.000000
5 1192130.000000 69.000000
5 1192685.000000 45.000000
5 1193320.000000 40.000000
3 1193910.000000 15.000000
0 1194488.000000 15.000000
4 1195081.000000 15.000000
5 1195562.000000 22.000000
3 1196022.000000 15.000000
2 1196475.000000 15.000000
3 1196965.000000 15.000000
6 1197549.000000 10.000000
0 1198850.000000 15.000000
0 1199319.000000 15.000000
2 1199932.000000 15.000000
1 1200426.000000 15.000000
4 1201013.000000 15.000000
4 1201669.000000 15.000000
3 1202305.000000 15.000000
0 1202816.000000 15.000000
5 1203355.000000 42.000000
5 1203809.000000 47.000000
6 1204269.000000 10.000000
0 1205624.000000 15.000000
2 1206091.000000 15.000000
4 1206526.000000 15.000000
4 1207022.000000 15.000000
5 1207624.000000 80.000000
0 1208103.000000 15.000000
1 1208589.000000 15.000000
5 1209101.000000 36.000000
2 1209572.000000 15.000000
5 1210133.000000 40.000000
6 1210594.000000 10.000000
4 1211931.000000 15.000000
0 1212475.000000 15.000000
1 1212980.000000 15.000000
1 1213425.000000 15.000000
3 1213867.000000 15.000000
4 1214511.000000 15.000000
5 1215065.000000 38.000000
3 1215691.000000 15.000000
1 1216336.000000 15.000000
3 1216898.000000 15.000000
6 1217411.000000 10.000000
4 1218655.000000 15.000000
2 1219129.000000 15.000000
4 1219556.000000 15.000000
4 1220182.000000 15.000000
2 1220733.000000 15.000000
0 1221346.000000 15.000000
3 1221953.000000 15.000000
2 1222412.000000 15.000000
0 1222898.000000 15.000000
2 1223372.000000 15.000000
6 1223808.000000 10.000000
0 1225123.000000 15.000000
2 1225588.000000 15.000000
0 1226168.000000 15.000000
4 1226700.000000 15.000000
3 1227179.000000 15.000000
4 1227747.000000 15.000000
3 1228418.000000 15.000000
2 1228995.000000 15.000000
5 1229609.000000 33.000000
0 1230152.000000 15.000000
6 1230678.000000 10.000000
3 1231917.000000 15.000000
0 1232513.000000 15.000000
1 1232987.000000 15.000000
1 1233570.000000 15.000000
4 1234114.000000 15.000000
5 1234643.000000 71.000000
0 1235191.000000 15.000000
3 1235780.000000 15.000000
2 1236376.000000 15.000000
1 1236961.000000 15.000000
6 1237510.000000 10.000000
0 1238736.000000 15.000000
4 1239349.000000 15.000000
1 1239905.000000 15.000000
1 1240386.000000 15.000000
1 1240944.000000 15.000000
0 1241487.000000 15.000000
0 1241925.000000 15.000000
4 1242430.000000 15.000000
0 1243034.000000 15.000000
0 1243595.000000 15.000000
6 1244183.000000 10.000000
2 1245442.000000 15.000000
3 1246054.000000 15.000000
3 1246503.000000 15.000000
0 1247071.000000 15.000000
5 1247525.000000 30.000000
0 1248004.000000 15.000000
2 1248509.000000 15.000000
0 1248979.000000 15.000000
0 1249457.000000 15.000000
1 1250070.000000 15.000000
6 1250629.000000 10.000000
1 1251844.000000 15.000000
4 1252274.000000 15.000000
4 1252824.000000 15.000000
4 1253488.000000 15.000000
5 1253984.000000 83.000000
3 1254434.000000 15.000000
3 1255011.000000 15.000000
2 1255471.000000 15.000000
5 1256071.000000 73.000000
5 1256545.000000 28.000000
6 1257076.000000 10.000000
0 1258368.000000 15.000000
4 1258962.000000 15.000000
5 1259611.000000 60.000000
0 1260069.000000 15.000000
1 1260532.000000 15.000000
1 1261021.000000 15.000000
5 1261479.000000 81.000000
0 1261954.000000 15.000000
4 1262549.000000 15.000000
2 1263074.000000 15.000000
6 1263569.000000 10.000000
0 1264819.000000 15.000000
0 1265405.000000 15.000000
1 1266021.000000 15.000000
1 1266450.000000 15.000000
2 1266879.000000 15.000000
2 1267427.000000 15.000000
1 1267869.000000 15.000000
5 1268322.000000 52.000000
2 1268941.000000 15.000000
5 1269450.000000 20.000000
6 1269927.000000 10.000000
4 1271228.000000 15.000000
5 1271895.000000 40.000000
2 1272380.000000 15.000000
4 1272955.000000 15.000000
2 1273437.000000 15.000000
0 1274013.000000 15.000000
1 1274637.000000 15.000000
1 1275127.000000 15.000000
3 1275741.000000 15.000000
3 1276326.000000 15.000000
6 1276829.000000 10.000000
3 1278166.000000 15.000000
5 1278637.000000 67.000000
0 1279254.000000 15.000000
2 1279857.000000 15.000000
5 1280318.000000 59.000000
1 1280946.000000 15.000000
4 1281531.000000 15.000000
4 1282109.000000 15.000000
4 1282651.000000 15.000000
4 1283272.000000 15.000000
6 1283895.000000 10.000000
4 1285178.000000 15.000000
3 1285805.000000 15.000000
2 1286357.000000 15.000000
2 1286822.000000 15.000000
2 1287324.000000 15.000000
5 1287812.000000 79.000000
4 1288270.000000 15.000000
0 1288936.000000 15.000000
2 1289433.000000 15.000000
4 1289983.000000 15.000000
6 1290491.000000 10.000000
0 1291862.000000 15.000000
0 1292315.000000 15.000000
1 1292908.000000 15.000000
2 1293463.000000 15.000000
2 1293926.000000 15.000000
4 1294426.000000 15.000000
4 1294958.000000 15.000000
2 1295477.000000 15.000000
5 1295976.000000 53.000000
2 1296472.000000 15.000000
6 1296941.000000 10.000000
4 1298350.000000 15.000000
5 1298852.000000 23.000000
2 1299470.000000 15.000000
0 1300069.000000 15.000000
5 1300659.000000 32.000000
5 1301240.000000 66.000000
1 1301811.000000 15.000000
2 1302318.000000 15.000000
1 1302835.000000 15.000000
0 1303392.000000 15.000000
6 1303871.000000 10.000000
4 1305270.000000 15.000000
0 1305812.000000 15.000000
4 1306392.000000 15.000000
5 1306888.000000 76.000000
3 1307485.000000 15.000000
5 1307969.000000 50.000000
0 1308591.000000 15.000000
4 1309137.000000 15.000000
0 1309615.000000 15.000000
1 1310239.000000 15.000000
6 1310766.000000 10.000000
0 1312137.000000 15.000000
4 1312622.000000 15.000000
5 1313124.000000 71.000000
1 1313756.000000 15.000000
4 1314277.000000 15.000000
1 1314844.000000 15.000000
4 1315280.000000 15.000000
0 1315861.000000 15.000000
3 1316425.000000 15.000000
0 1317036.000000 15.000000
6 1317624.000000 10.000000
5 1318963.000000 28.000000
3 1319599.000000 15.000000
3 1320069.000000 15.000000
3 1320540.000000 15.000000
4 1321029.000000 15.000000
0 1321523.000000 15.000000
3 1322058.000000 15.000000
1 1322527.000000 15.000000
2 1323117.000000 15.000000
3 1323538.000000 15.000000
6 1324055.000000 10.000000
2 1325300.000000 15.000000
3 1325796.000000 15.000000
1 1326276.000000 15.000000
1 1326804.000000 15.000000
2 1327324.000000 15.000000
5 1327885.000000 27.000000
5 1328436.000000 43.000000
4 1328908.000000 15.000000
2 1329456.000000 15.000000
0 1329994.000000 15.000000
6 1330575.000000 10.000000
4 1331881.000000 15.000000
0 1332530.000000 15.000000
5 1333061.000000 46.000000
4 1333691.000000 15.000000
2 1334358.000000 15.000000
2 1334927.000000 15.000000
5 1335504.000000 29.000000
1 1336006.000000 15.000000
3 1336556.000000 15.000000
4 1337138.000000 15.000000
6 1337754.000000 10.000000
3 1339147.000000 15.000000
5 1339612.000000 79.000000
3 1340054.000000 15.000000
3 1340673.000000 15.000000
3 1341200.000000 15.000000
5 1341815.000000 26.000000
4 1342268.000000 15.000000
4 1342780.000000 15.000000
2 1343351.000000 15.000000
1 1343916.000000 15.000000
6 1344356.000000 10.000000
0 1345723.000000 15.000000
0 1346219.000000 15.000000
1 1346724.000000 15.000000
1 1347346.000000 15.000000
2 1347941.000000 15.000000
4 1348437.000000 15.000000
2 1348917.000000 15.000000
0 1349392.000000 15.000000
4 1349956.000000 15.000000
0 1350454.000000 15.000000
6 1351031.000000 10.000000
2 1352305.000000 15.000000
3 1352823.000000 15.000000
2 1353397.000000 15.000000
1 1353831.000000 15.000000
5 1354348.000000 30.000000
3 1354834.000000 15.000000
4 1355448.000000 15.000000
0 1356090.000000 15.000000
2 1356522.000000 15.000000
5 1357017.000000 71.000000
6 1357650.000000 10.000000
1 1358953.000000 15.000000
5 1359498.000000 79.000000
5 1360131.000000 22.000000
3 1360685.000000 15.000000
2 1361172.000000 15.000000
1 1361777.000000 15.000000
4 1362372.000000 15.000000
0 1363009.000000 15.000000
4 1363446.000000 15.000000
5 1364068.000000 64.000000
6 1364618.000000 10.000000
2 1365987.000000 15.000000
4 1366514.000000 15.000000
2 1367098.000000 15.000000
2 1367529.000000 15.000000
5 1368035.000000 50.000000
5 1368632.000000 46.000000
1 1369171.000000 15.000000
0 1369718.000000 15.000000
1 1370154.000000 15.000000
1 1370663.000000 15.000000
6 1371175.000000 10.000000
4 1372491.000000 15.000000
3 1373078.000000 15.000000
0 1373577.000000 15.000000
5 1374021.000000 53.000000
1 1374498.000000 15.000000
2 1375112.000000 15.000000
3 1375584.000000 15.000000
3 1376150.000000 15.000000
1 1376703.000000 15.000000
5 1377251.000000 77.000000
6 1377797.000000 10.000000
4 1379132.000000 15.000000
4 1379783.000000 15.000000
5 1380325.000000 54.000000
3 1380822.000000 15.000000
2 1381358.000000 15.000000
4 1381875.000000 15.000000
3 1382412.000000 15.000000
0 1383051.000000 15.000000
4 1383655.000000 15.000000
0 1384242.000000 15.000000
6 1384702.000000 10.000000
5 1385990.000000 76.000000
0 1386467.000000 15.000000
0 1387020.000000 15.000000
4 1387500.000000 15.000000
1 1387976.000000 15.000000
0 1388546.000000 15.000000
2 1389070.000000 15.000000
0 1389526.000000 15.000000
5 1390054.000000 23.000000
5 1390563.000000 47.000000
6 1391130.000000 10.000000
0 1392417.000000 15.000000
3 1392971.000000 15.000000
2 1393618.000000 15.000000
3 1394056.000000 15.000000
3 1394672.000000 15.000000
2 1395235.000000 15.000000
2 1395774.000000 15.000000
4 1396201.000000 15.000000
5 1396804.000000 29.000000
0 1397394.000000 15.000000
6 1398023.000000 10.000000
0 1399423.000000 15.000000
0 1399982.000000 15.000000
0 1400416.000000 15.000000
3 1400976.000000 15.000000
4 1401621.000000 15.000000
1 1402184.000000 15.000000
3 1402790.000000 15.000000
4 1403387.000000 15.000000
5 1403981.000000 50.000000
4 1404473.000000 15.000000
6 1405132.000000 10.000000
5 1406353.000000 61.000000
4 1406922.000000 15.000000
5 1407456.000000 34.000000
0 1407939.000000 15.000000
1 1408401.000000 15.000000
2 1408963.000000 15.000000
5 1409560.000000 53.000000
1 1410082.000000 15.000000
5 1410641.000000 60.000000
3 1411248.000000 15.000000
6 1411819.000000 10.000000
3 1413069.000000 15.000000
4 1413522.000000 15.000000
5 1414060.000000 82.000000
4 1414639.000000 15.000000
0 1415276.000000 15.000000
4 1415836.000000 15.000000
5 1416394.000000 43.000000
0 1416968.000000 15.000000
5 1417537.000000 32.000000
5 1418141.000000 55.000000
6 1418637.000000 10.000000
2 1419958.000000 15.000000
5 1420476.000000 39.000000
4 1420942.000000 15.000000
5 1421418.000000 47.000000
1 1421998.000000 15.000000
3 1422545.000000 15.000000
4 1423113.000000 15.000000
4 1423735.000000 15.000000
4 1424315.000000 15.000000
2 1424961.000000 15.000000
6 1425506.000000 10.000000
2 1426777.000000 15.000000
0 1427344.000000 15.000000
2 1427889.000000 15.000000
4 1428452.000000 15.000000
4 1429118.000000 15.000000
5 1429711.000000 82.000000
1 1430184.000000 15.000000
2 1430627.000000 15.000000
0 1431089.000000 15.000000
0 1431680.000000 15.000000
6 1432172.000000 10.000000
0 1433569.000000 15.000000
3 1434194.000000 15.000000
5 1434772.000000 81.000000
3 1435320.000000 15.000000
2 1435956.000000 15.000000
2 1436457.000000 15.000000
4 1436994.000000 15.000000
4 1437612.000000 15.000000
4 1438146.000000 15.000000
0 1438815.000000 15.000000
6 1439275.000000 10.000000
4 1440637.000000 15.000000
1 1441300.000000 15.000000
4 1441742.000000 15.000000
5 1442363.000000 70.000000
5 1442945.000000 60.000000
2 1443476.000000 15.000000
5 1443972.000000 27.000000
4 1444515.000000 15.000000
1 1445131.000000 15.000000
1 1445627.000000 15.000000
6 1446231.000000 10.000000
2 1447443.000000 15.000000
0 1447874.000000 15.000000
0 1448428.000000 15.000000
4 1449046.000000 15.000000
5 1449667.000000 33.000000
0 1450116.000000 15.000000
5 1450642.000000 54.000000
5 1451173.000000 67.000000
0 1451625.000000 15.000000
0 1452117.000000 15.000000
6 1452709.000000 10.000000
5 1453950.000000 29.000000
4 1454470.000000 15.000000
3 1455085.000000 15.000000
4 1455583.000000 15.000000
3 1456238.000000 15.000000
0 1456883.000000 15.000000
0 1457415.000000 15.000000
3 1457861.000000 15.000000
1 1458460.000000 15.000000
5 1458940.000000 51.000000
6 1459429.000000 10.000000
0 1460830.000000 15.000000
1 1461456.000000 15.000000
5 1462024.000000 66.000000
3 1462614.000000 15.000000
1 1463124.000000 15.000000
4 1463737.000000 15.000000
5 1464374.000000 69.000000
3 1464871.000000 15.000000
0 1465464.000000 15.000000
3 1466093.000000 15.000000
6 1466720.000000 10.000000
4 1468111.000000 15.000000
0 1468762.000000 15.000000
4 1469306.000000 15.000000
2 1469917.000000 15.000000
3 1470367.000000 15.000000
0 1470963.000000 15.000000
5 1471593.000000 30.000000
2 1472222.000000 15.000000
1 1472640.000000 15.000000
2 1473079.000000 15.000000
6 1473551.000000 10.000000
5 1474919.000000 24.000000
5 1475542.000000 46.000000
5 1476019.000000 59.000000
0 1476611.000000 15.000000
2 1477187.000000 15.000000
3 1477649.000000 15.000000
0 1478179.000000 15.000000
2 1478721.000000 15.000000
5 1479316.000000 48.000000
1 1479774.000000 15.000000
6 1480267.000000 10.000000
1 1481620.000000 15.000000
0 1482167.000000 15.000000
2 1482672.000000 15.000000
0 1483197.000000 15.000000
0 1483754.000000 15.000000
1 1484323.000000 15.000000
0 1484780.000000 15.000000
3 1485257.000000 15.000000
0 1485775.000000 15.000000
2 1486309.000000 15.000000
6 1486768.000000 10.000000
3 1488057.000000 15.000000
2 1488702.000000 15.000000
1 1489154.000000 15.000000
1 1489688.000000 15.000000
3 1490190.000000 15.000000
4 1490762.000000 15.000000
0 1491363.000000 15.000000
2 1491880.000000 15.000000
2 1492396.000000 15.000000
3 1492978.000000 15.000000
6 1493607.000000 10.000000
1 1494926.000000 15.000000
0 1495544.000000 15.000000
5 1496010.000000 45.000000
2 1496647.000000 15.000000
2 1497190.000000 15.000000
1 1497645.000000 15.000000
3 1498089.000000 15.000000
4 1498642.000000 15.000000
5 1499142.000000 33.000000
2 1499675.000000 15.000000
6 1500196.000000 10.000000
2 1501572.000000 15.000000
5 1502145.000000 37.000000
3 1502641.000000 15.000000
5 1503224.000000 56.000000
3 1503779.000000 15.000000
3 1504366.000000 15.000000
0 1504967.000000 15.000000
2 1505510.000000 15.000000
0 1505989.000000 15.000000
1 1506560.000000 15.000000
6 1507017.000000 10.000000
3 1508260.000000 15.000000
4 1508759.000000 15.000000
2 1509425.000000 15.000000
4 1510002.000000 15.000000
2 1510635.000000 15.000000
0 1511127.000000 15.000000
0 1511670.000000 15.000000
5 1512175.000000 70.000000
1 1512798.000000 15.000000
3 1513283.000000 15.000000
6 1513814.000000 10.000000
3 1515178.000000 15.000000
3 1515691.000000 15.000000
2 1516308.000000 15.000000
4 1516864.000000 15.000000
1 1517458.000000 15.000000
2 1517923.000000 15.000000
4 1518492.000000 15.000000
5 1518977.000000 32.000000
3 1519481.000000 15.000000
1 1519974.000000 15.000000
6 1520488.000000 10.000000
5 1521736.000000 71.000000
0 1522245.000000 15.000000
4 1522835.000000 15.000000
0 1523499.000000 15.000000
0 1523941.000000 15.000000
2 1524547.000000 15.000000
0 1525128.000000 15.000000
3 1525672.000000 15.000000
3 1526318.000000 15.000000
0 1526900.000000 15.000000
6 1527421.000000 10.000000
0 1528732.000000 15.000000
1 1529342.000000 15.000000
0 1529901.000000 15.000000
1 1530523.000000 15.000000
3 1531095.000000 15.000000
3 1531643.000000 15.000000
0 1532178.000000 15.000000
0 1532622.000000 15.000000
0 1533095.000000 15.000000
4 1533543.000000 15.000000
6 1534108.000000 10.000000
4 1535373.000000 15.000000
0 1535911.000000 15.000000
4 1536463.000000 15.000000
3 1536995.000000 15.000000
5 1537578.000000 29.000000
1 1538119.000000 15.000000
1 1538601.000000 15.000000
5 1539047.000000 78.000000
4 1539613.000000 15.000000
0 1540241.000000 15.000000
6 1540719.000000 10.000000
0 1542024.000000 15.000000
3 1542544.000000 15.000000
4 1543081.000000 15.000000
2 1543561.000000 15.000000
4 1544028.000000 15.000000
3 1544648.000000 15.000000
0 1545172.000000 15.000000
0 1545674.000000 15.000000
2 1546261.000000 15.000000
5 1546791.000000 62.000000
6 1547326.000000 10.000000
3 1548552.000000 15.000000
5 1549047.000000 45.000000
0 1549554.000000 15.000000
2 1550067.000000 15.000000
2 1550628.000000 15.000000
0 1551203.000000 15.000000
2 1551671.000000 15.000000
2 1552255.000000 15.000000
5 1552787.000000 23.000000
5 1553344.000000 83.000000
6 1553795.000000 10.000000
2 1555081.000000 15.000000
0 1555546.000000 15.000000
1 1556080.000000 15.000000
0 1556656.000000 15.000000
3 1557153.000000 15.000000
1 1557775.000000 15.000000
4 1558349.000000 15.000000
5 1559008.000000 57.000000
4 1559529.000000 15.000000
3 1560036.000000 15.000000
6 1560549.000000 10.000000
4 1561914.000000 15.000000
0 1562461.000000 15.000000
5 1562961.000000 74.000000
1 1563539.000000 15.000000
0 1564084.000000 15.000000
0 1564684.000000 15.000000
1 1565215.000000 15.000000
4 1565639.000000 15.000000
5 1566225.000000 25.000000
1 1566815.000000 15.000000
6 1567375.000000 10.000000
3 1568768.000000 15.000000
2 1569383.000000 15.000000
3 1569962.000000 15.000000
3 1570449.000000 15.000000
4 1570915.000000 15.000000
5 1571511.000000 49.000000
4 1572115.000000 15.000000
5 1572764.000000 38.000000
4 1573274.000000 15.000000
1 1573862.000000 15.000000
6 1574392.000000 10.000000
3 1575722.000000 15.000000
1 1576238.000000 15.000000
2 1576850.000000 15.000000
4 1577300.000000 15.000000
1 1577848.000000 15.000000
3 1578363.000000 15.000000
2 1578916.000000 15.000000
5 1579467.000000 62.000000
4 1580081.000000 15.000000
0 1580606.000000 15.000000
6 1581050.000000 10.000000
1 1582440.000000 15.000000
3 1582988.000000 15.000000
2 1583590.000000 15.000000
0 1584084.000000 15.000000
3 1584608.000000 15.000000
1 1585128.000000 15.000000
0 1585648.000000 15.000000
3 1586264.000000 15.000000
0 1586891.000000 15.000000
4 1587512.000000 15.000000
6 1588167.000000 10.000000
5 1589432.000000 84.000000
2 1589894.000000 15.000000
0 1590504.000000 15.000000
0 1591068.000000 15.000000
2 1591628.000000 15.000000
3 1592102.000000 15.000000
5 1592566.000000 49.000000
5 1593080.000000 31.000000
3 1593638.000000 15.000000
3 1594171.000000 15.000000
6 1594708.000000 10.000000
1 1596100.000000 15.000000
5 1596705.000000 21.000000
0 1597299.000000 15.000000
1 1597733.000000 15.000000
4 1598279.000000 15.000000
2 1598762.000000 15.000000
4 1599248.000000 15.000000
2 1599742.000000 15.000000
1 1600281.000000 15.000000
2 1600717.000000 15.000000
6 1601162.000000 10.000000
4 1602458.000000 15.000000
2 1603100.000000 15.000000
2 1603603.000000 15.000000
2 1604137.000000 15.000000
4 1604603.000000 15.000000
1 1605169.000000 15.000000
0 1605597.000000 15.000000
3 1606160.000000 15.000000
0 1606719.000000 15.000000
3 1607345.000000 15.000000
6 1607847.000000 10.000000
2 1609138.000000 15.000000
5 1609646.000000 34.000000
4 1610281.000000 15.000000
1 1610871.000000 15.000000
1 1611315.000000 15.000000
5 1611806.000000 84.000000
2 1612361.000000 15.000000
0 1612901.000000 15.000000
4 1613455.000000 15.000000
4 1614044.000000 15.000000
6 1614680.000000 10.000000
2 1615915.000000 15.000000
1 1616361.000000 15.000000
2 1616888.000000 15.000000
3 1617484.000000 15.000000
2 1618060.000000 15.000000
3 1618665.000000 15.000000
4 1619238.000000 15.000000
3 1619781.000000 15.000000
4 1620305.000000 15.000000
0 1620970.000000 15.000000
6 1621410.000000 10.000000
3 1622708.000000 15.000000
3 1623207.000000 15.000000
4 1623783.000000 15.000000
1 1624347.000000 15.000000
2 1624840.000000 15.000000
4 1625304.000000 15.000000
5 1625801.000000 44.000000
1 1626339.000000 15.000000
0 1626947.000000 15.000000
1 1627426.000000 15.000000
6 1628000.000000 10.000000
1 1629347.000000 15.000000
1 1629941.000000 15.000000
3 1630448.000000 15.000000
2 1630926.000000 15.000000
1 1631481.000000 15.000000
1 1632102.000000 15.000000
2 1632674.000000 15.000000
3 1633288.000000 15.000000
0 1633884.000000 15.000000
2 1634495.000000 15.000000
6 1635066.000000 10.000000
1 1636414.000000 15.000000
4 1637027.000000 15.000000
1 1637546.000000 15.000000
4 1637975.000000 15.000000
3 1638527.000000 15.000000
3 1639022.000000 15.000000
3 1639549.000000 15.000000
3 1640165.000000 15.000000
0 1640689.000000 15.000000
1 1641235.000000 15.000000
6 1641847.000000 10.000000
4 1643111.000000 15.000000
0 1643665.000000 15.000000
5 1644134.000000 65.000000
5 1644738.000000 30.000000
5 1645243.000000 36.000000
2 1645767.000000 15.000000
3 1646368.000000 15.000000
1 1646829.000000 15.000000
1 1647346.000000 15.000000
1 1647810.000000 15.000000
6 1648360.000000 10.000000
5 1649767.000000 72.000000
0 1650382.000000 15.000000
4 1650830.000000 15.000000
4 1651343.000000 15.000000
0 1651981.000000 15.000000
2 1652527.000000 15.000000
5 1653052.000000 31.000000
2 1653516.000000 15.000000
2 1653935.000000 15.000000
4 1654549.000000 15.000000
6 1655059.000000 10.000000
1 1656402.000000 15.000000
1 1656835.000000 15.000000
4 1657454.000000 15.000000
1 1658085.000000 15.000000
0 1658645.000000 15.000000
3 1659105.000000 15.000000
5 1659698.000000 75.000000
4 1660248.000000 15.000000
3 1660721.000000 15.000000
5 1661288.000000 81.000000
6 1661805.000000 10.000000
4 1663088.000000 15.000000
5 1663709.000000 80.000000
0 1664238.000000 15.000000
3 1664806.000000 15.000000
2 1665333.000000 15.000000
4 1665821.000000 15.000000
1 1666375.000000 15.000000
3 1666810.000000 15.000000
0 1667354.000000 15.000000
3 1667889.000000 15.000000
6 1668467.000000 10.000000
5 1669796.000000 84.000000
1 1670371.000000 15.000000
3 1670960.000000 15.000000
0 1671584.000000 15.000000
1 1672172.000000 15.000000
1 1672691.000000 15.000000
3 1673177.000000 15.000000
3 1673717.000000 15.000000
1 1674249.000000 15.000000
4 1674862.000000 15.000000
6 1675381.000000 10.000000
3 1676723.000000 15.000000
4 1677221.000000 15.000000
0 1677718.000000 15.000000
3 1678251.000000 15.000000
2 1678870.000000 15.000000
3 1679343.000000 15.000000
0 1679846.000000 15.000000
4 1680404.000000 15.000000
3 1681062.000000 15.000000
3 1681576.000000 15.000000
6 1682037.000000 10.000000
1 1683301.000000 15.000000
3 1683849.000000 15.000000
4 1684455.000000 15.000000
1 1685094.000000 15.000000
4 1685632.000000 15.000000
5 1686259.000000 21.000000
2 1686710.000000 15.000000
2 1687287.000000 15.000000
4 1687780.000000 15.000000
2 1688286.000000 15.000000
6 1688863.000000 10.000000
3 1690169.000000 15.000000
3 1690796.000000 15.000000
5 1691358.000000 51.000000
5 1691933.000000 39.000000
4 1692518.000000 15.000000
0 1693057.000000 15.000000
4 1693508.000000 15.000000
3 1694174.000000 15.000000
5 1694806.000000 57.000000
4 1695318.000000 15.000000
6 1695805.000000 10.000000
5 1697153.000000 44.000000
4 1697753.000000 15.000000
3 1698363.000000 15.000000
4 1698992.000000 15.000000
1 1699530.000000 15.000000
2 1700034.000000 15.000000
2 1700467.000000 15.000000
0 1700962.000000 15.000000
4 1701434.000000 15.000000
4 1702046.000000 15.000000
6 1702620.000000 10.000000
5 1703973.000000 52.000000
1 1704512.000000 15.000000
0 1705126.000000 15.000000
4 1705629.000000 15.000000
2 1706166.000000 15.000000
1 1706700.000000 15.000000
2 1707256.000000 15.000000
3 1707855.000000 15.000000
4 1708363.000000 15.000000
4 1708974.000000 15.000000
6 1709600.000000 10.000000
0 1710962.000000 15.000000
1 1711475.000000 15.000000
0 1712001.000000 15.000000
2 1712617.000000 15.000000
2 1713152.000000 15.000000
0 1713688.000000 15.000000
5 1714133.000000 81.000000
5 1714728.000000 80.000000
0 1715348.000000 15.000000
2 1715843.000000 15.000000
6 1716348.000000 10.000000
1 1717616.000000 15.000000
0 1718141.000000 15.000000
5 1718660.000000 48.000000
1 1719126.000000 15.000000
2 1719624.000000 15.000000
2 1720133.000000 15.000000
0 1720619.000000 15.000000
2 1721066.000000 15.000000
3 1721490.000000 15.000000
2 1721947.000000 15.000000
6 1722473.000000 10.000000
3 1723872.000000 15.000000
2 1724386.000000 15.000000
3 1724995.000000 15.000000
4 1725594.000000 15.000000
4 1726121.000000 15.000000
3 1726753.000000 15.000000
1 1727214.000000 15.000000
4 1727787.000000 15.000000
0 1728349.000000 15.000000
5 1728966.000000 74.000000
6 1729468.000000 10.000000
0 1730697.000000 15.000000
0 1731264.000000 15.000000
4 1731748.000000 15.000000
5 1732387.000000 34.000000
5 1732870.000000 78.000000
1 1733477.000000 15.000000
2 1733960.000000 15.000000
2 1734496.000000 15.000000
1 1735085.000000 15.000000
5 1735664.000000 44.000000
6 1736228.000000 10.000000
5 1737591.000000 70.000000
3 1738101.000000 15.000000
3 1738668.000000 15.000000
2 1739174.000000 15.000000
3 1739756.000000 15.000000
1 1740382.000000 15.000000
1 1740844.000000 15.000000
3 1741360.000000 15.000000
4 1741820.000000 15.000000
2 1742352.000000 15.000000
6 1742966.000000 10.000000
4 1744348.000000 15.000000
0 1744994.000000 15.000000
4 1745474.000000 15.000000
0 1746114.000000 15.000000
1 1746745.000000 15.000000
4 1747216.000000 15.000000
0 1747819.000000 15.000000
4 1748305.000000 15.000000
5 1748959.000000 62.000000
0 1749480.000000 15.000000
6 1749933.000000 10.000000
4 1751251.000000 15.000000
3 1751895.000000 15.000000
0 1752472.000000 15.000000
0 1753008.000000 15.000000
2 1753509.000000 15.000000
0 1754069.000000 15.000000
0 1754553.000000 15.000000
2 1755069.000000 15.000000
0 1755565.000000 15.000000
3 1756064.000000 15.000000
6 1756530.000000 10.000000
0 1757782.000000 15.000000
2 1758280.000000 15.000000
0 1758868.000000 15.000000
0 1759462.000000 15.000000
3 1759940.000000 15.000000
2 1760585.000000 15.000000
1 1761137.000000 15.000000
2 1761752.000000 15.000000
0 1762260.000000 15.000000
1 1762873.000000 15.000000
6 1763449.000000 10.000000
0 1764710.000000 15.000000
0 1765259.000000 15.000000
3 1765791.000000 15.000000
3 1766354.000000 15.000000
1 1766979.000000 15.000000
2 1767405.000000 15.000000
2 1767994.000000 15.000000
3 1768432.000000 15.000000
2 1768901.000000 15.000000
5 1769469.000000 65.000000
6 1770085.000000 10.000000
3 1771352.000000 15.000000
2 1771950.000000 15.000000
1 1772478.000000 15.000000
4 1772983.000000 15.000000
3 1773642.000000 15.000000
0 1774110.000000 15.000000
0 1774549.000000 15.000000
5 1774994.000000 76.000000
2 1775521.000000 15.000000
0 1776053.000000 15.000000
6 1776532.000000 10.000000
0 1777772.000000 15.000000
1 1778338.000000 15.000000
1 1778847.000000 15.000000
5 1779426.000000 26.000000
2 1779949.000000 15.000000
2 1780426.000000 15.000000
0 1780857.000000 15.000000
1 1781384.000000 15.000000
4 1781839.000000 15.000000
4 1782319.000000 15.000000
6 1782793.000000 10.000000
3 1784119.000000 15.000000
1 1784626.000000 15.000000
5 1785227.000000 78.000000
3 1785703.000000 15.000000
2 1786202.000000 15.000000
1 1786753.000000 15.000000
5 1787212.000000 56.000000
5 1787811.000000 58.000000
2 1788451.000000 15.000000
0 1788945.000000 15.000000
6 1789391.000000 10.000000
0 1790611.000000 15.000000
0 1791137.000000 15.000000
1 1791620.000000 15.000000
4 1792184.000000 15.000000
2 1792804.000000 15.000000
3 1793387.000000 15.000000
3 1793940.000000 15.000000
5 1794471.000000 33.000000
0 1795051.000000 15.000000
1 1795557.000000 15.000000
6 1796122.000000 10.000000
5 1797499.000000 34.000000
2 1798071.000000 15.000000
3 1798573.000000 15.000000
1 1799149.000000 15.000000
0 1799761.000000 15.000000
5 1800313.000000 58.000000
5 1800942.000000 24.000000
1 1801558.000000 15.000000
0 1802008.000000 15.000000
0 1802491.000000 15.000000
6 1803105.000000 10.000000
4 1804359.000000 15.000000
2 1804834.000000 15.000000
5 1805260.000000 63.000000
5 1805777.000000 79.000000
1 1806372.000000 15.000000
0 1806976.000000 15.000000
3 1807415.000000 15.000000
5 1807989.000000 66.000000
1 1808576.000000 15.000000
5 1809060.000000 76.000000
6 1809700.000000 10.000000
2 1810983.000000 15.000000
3 1811466.000000 15.000000
0 1811969.000000 15.000000
2 1812440.000000 15.000000
2 1812894.000000 15.000000
1 1813321.000000 15.000000
4 1813779.000000 15.000000
0 1814266.000000 15.000000
0 1814765.000000 15.000000
4 1815380.000000 15.000000
6 1816038.000000 10.000000
0 1817358.000000 15.000000
2 1817892.000000 15.000000
2 1818383.000000 15.000000
1 1818875.000000 15.000000
1 1819436.000000 15.000000
4 1819987.000000 15.000000
1 1820632.000000 15.000000
2 1821131.000000 15.000000
1 1821616.000000 15.000000
1 1822087.000000 15.000000
6 1822550.000000 10.000000
5 1823791.000000 40.000000
4 1824254.000000 15.000000
5 1824742.000000 35.000000
3 1825199.000000 15.000000
4 1825813.000000 15.000000
4 1826300.000000 15.000000
2 1826798.000000 15.000000
5 1827390.000000 46.000000
1 1828017.000000 15.000000
5 1828449.000000 82.000000
6 1828958.000000 10.000000
3 1830301.000000 15.000000
4 1830855.000000 15.000000
3 1831425.000000 15.000000
5 1832035.000000 45.000000
4 1832595.000000 15.000000
0 1833246.000000 15.000000
3 1833846.000000 15.000000
2 1834443.000000 15.000000
5 1834865.000000 57.000000
3 1835445.000000 15.000000
6 1836037.000000 10.000000
0 1837423.000000 15.000000
1 1837889.000000 15.000000
3 1838453.000000 15.000000
5 1839020.000000 73.000000
2 1839479.000000 15.000000
5 1839928.000000 27.000000
2 1840401.000000 15.000000
5 1840905.000000 56.000000
1 1841443.000000 15.000000
5 1842050.000000 75.000000
6 1842621.000000 10.000000
4 1843844.000000 15.000000
4 1844322.000000 15.000000
5 1844905.000000 42.000000
3 1845395.000000 15.000000
5 1846039.000000 76.000000
4 1846670.000000 15.000000
1 1847327.000000 15.000000
5 1847925.000000 63.000000
1 1848550.000000 15.000000
4 1849034.000000 15.000000
6 1849528.000000 10.000000
3 1850785.000000 15.000000
4 1851361.000000 15.000000
5 1852000.000000 73.000000
1 1852481.000000 15.000000
0 1853089.000000 15.000000
1 1853620.000000 15.000000
3 1854135.000000 15.000000
4 1854719.000000 15.000000
5 1855386.000000 49.000000
3 1855915.000000 15.000000
6 1856530.000000 10.000000
1 1857763.000000 15.000000
0 1858201.000000 15.000000
1 1858803.000000 15.000000
0 1859310.000000 15.000000
5 1859808.000000 52.000000
2 1860289.000000 15.000000
0 1860886.000000 15.000000
4 1861508.000000 15.000000
0 1862094.000000 15.000000
4 1862589.000000 15.000000
6 1863193.000000 10.000000
4 1864486.000000 15.000000
3 1865030.000000 15.000000
4 1865543.000000 15.000000
2 1866043.000000 15.000000
1 1866624.000000 15.000000
0 1867171.000000 15.000000
1 1867791.000000 15.000000
4 1868237.000000 15.000000
0 1868802.000000 15.000000
3 1869274.000000 15.000000
6 1869802.000000 10.000000
0 1871084.000000 15.000000
1 1871660.000000 15.000000
5 1872208.000000 47.000000
4 1872694.000000 15.000000
5 1873320.000000 81.000000
5 1873820.000000 38.000000
1 1874378.000000 15.000000
3 1874925.000000 15.000000
1 1875522.000000 15.000000
4 1875979.000000 15.000000
6 1876629.000000 10.000000
3 1877951.000000 15.000000
0 1878433.000000 15.000000
5 1878882.000000 63.000000
2 1879402.000000 15.000000
4 1879897.000000 15.000000
3 1880482.000000 15.000000
5 1880935.000000 50.000000
2 1881438.000000 15.000000
1 1881877.000000 15.000000
2 1882359.000000 15.000000
6 1882882.000000 10.000000
4 1884194.000000 15.000000
4 1884721.000000 15.000000
4 1885284.000000 15.000000
1 1885783.000000 15.000000
0 1886236.000000 15.000000
1 1886767.000000 15.000000
5 1887286.000000 47.000000
5 1887841.000000 83.000000
5 1888300.000000 41.000000
5 1888756.000000 25.000000
6 1889253.000000 10.000000
0 1890476.000000 15.000000
5 1890961.000000 58.000000
3 1891542.000000 15.000000
4 1892150.000000 15.000000
5 1892624.000000 45.000000
1 1893145.000000 15.000000
0 1893645.000000 15.000000
5 1894270.000000 53.000000
2 1894756.000000 15.000000
0 1895332.000000 15.000000
6 1895769.000000 10.000000
1 1897052.000000 15.000000
5 1897513.000000 56.000000
0 1898109.000000 15.000000
5 1898558.000000 23.000000
2 1899190.000000 15.000000
2 1899643.000000 15.000000
3 1900161.000000 15.000000
4 1900715.000000 15.000000
0 1901290.000000 15.000000
5 1901792.000000 29.000000
6 1902348.000000 10.000000
1 1903578.000000 15.000000
0 1904140.000000 15.000000
5 1904614.000000 71.000000
4 1905182.000000 15.000000
4 1905713.000000 15.000000
2 1906325.000000 15.000000
4 1906785.000000 15.000000
0 1907408.000000 15.000000
3 1907861.000000 15.000000
2 1908481.000000 15.000000
6 1909080.000000 10.000000
0 1910391.000000 15.000000
5 1910941.000000 56.000000
4 1911573.000000 15.000000
2 1912115.000000 15.000000
2 1912705.000000 15.000000
3 1913230.000000 15.000000
5 1913759.000000 46.000000
3 1914308.000000 15.000000
4 1914953.000000 15.000000
0 1915497.000000 15.000000
6 1916038.000000 10.000000
3 1917311.000000 15.000000
3 1917903.000000 15.000000
4 1918453.000000 15.000000
3 1918959.000000 15.000000
5 1919574.000000 32.000000
3 1920167.000000 15.000000
0 1920707.000000 15.000000
1 1921151.000000 15.000000
0 1921731.000000 15.000000
2 1922187.000000 15.000000
6 1922638.000000 10.000000
1 1923904.000000 15.000000
5 1924483.000000 64.000000
2 1925097.000000 15.000000
2 1925650.000000 15.000000
1 1926066.000000 15.000000
2 1926517.000000 15.000000
0 1927030.000000 15.000000
4 1927612.000000 15.000000
3 1928168.000000 15.000000
0 1928779.000000 15.000000
6 1929228.000000 10.000000
0 1930610.000000 15.000000
2 1931142.000000 15.000000
4 1931722.000000 15.000000
4 1932383.000000 15.000000
2 1933038.000000 15.000000
4 1933486.000000 15.000000
4 1934052.000000 15.000000
4 1934577.000000 15.000000
4 1935081.000000 15.000000
5 1935726.000000 77.000000
6 1936339.000000 10.000000
1 1937659.000000 15.000000
3 1938084.000000 15.000000
3 1938651.000000 15.000000
4 1939229.000000 15.000000
4 1939791.000000 15.000000
4 1940266.000000 15.000000
0 1940784.000000 15.000000
0 1941376.000000 15.000000
0 1941971.000000 15.000000
4 1942413.000000 15.000000
6 1942988.000000 10.000000
4 1944363.000000 15.000000
0 1944977.000000 15.000000
2 1945542.000000 15.000000
4 1946106.000000 15.000000
0 1946774.000000 15.000000
4 1947243.000000 15.000000
5 1947743.000000 25.000000
4 1948253.000000 15.000000
0 1948797.000000 15.000000
2 1949268.000000 15.000000
6 1949838.000000 10.000000
2 1951160.000000 15.000000
2 1951730.000000 15.000000
3 1952310.000000 15.000000
3 1952821.000000 15.000000
5 1953295.000000 33.000000
5 1953931.000000 50.000000
3 1954429.000000 15.000000
5 1954939.000000 44.000000
5 1955515.000000 53.000000
1 1955989.000000 15.000000
6 1956526.000000 10.000000
4 1957816.000000 15.000000
4 1958485.000000 15.000000
0 1959138.000000 15.000000
1 1959660.000000 15.000000
5 1960201.000000 33.000000
3 1960764.000000 15.000000
4 1961321.000000 15.000000
5 1961894.000000 56.000000
4 1962518.000000 15.000000
0 1963005.000000 15.000000
6 1963457.000000 10.000000
0 1964705.000000 15.000000
2 1965150.000000 15.000000
5 1965670.000000 34.000000
4 1966116.000000 15.000000
2 1966726.000000 15.000000
3 1967294.000000 15.000000
3 1967846.000000 15.000000
2 1968458.000000 15.000000
2 1968983.000000 15.000000
4 1969537.000000 15.000000
6 1970107.000000 10.000000
4 1971429.000000 15.000000
5 1971941.000000 73.000000
3 1972517.000000 15.000000
3 1973065.000000 15.000000
0 1973647.000000 15.000000
5 1974176.000000 25.000000
3 1974727.000000 15.000000
3 1975211.000000 15.000000
1 1975738.000000 15.000000
1 1976292.000000 15.000000
6 1976793.000000 10.000000
5 1978116.000000 43.000000
1 1978661.000000 15.000000
0 1979162.000000 15.000000
0 1979669.000000 15.000000
5 1980273.000000 34.000000
3 1980806.000000 15.000000
0 1981369.000000 15.000000
2 1981955.000000 15.000000
4 1982512.000000 15.000000
3 1982987.000000 15.000000
6 1983547.000000 10.000000
5 1984861.000000 37.000000
1 1985420.000000 15.000000
1 1986013.000000 15.000000
3 1986495.000000 15.000000
5 1987033.000000 23.000000
4 1987578.000000 15.000000
1 1988155.000000 15.000000
2 1988690.000000 15.000000
1 1989184.000000 15.000000
3 1989794.000000 15.000000
6 1990376.000000 10.000000
5 1991588.000000 55.000000
2 1992203.000000 15.000000
0 1992645.000000 15.000000
1 1993146.000000 15.000000
5 1993585.000000 78.000000
4 1994159.000000 15.000000
1 1994723.000000 15.000000
1 1995218.000000 15.000000
0 1995800.000000 15.000000
2 1996316.000000 15.000000
6 1996904.000000 10.000000
2 1998150.000000 15.000000
1 1998636.000000 15.000000
4 1999252.000000 15.000000
4 1999793.000000 15.000000
5 2000304.000000 63.000000
3 2000851.000000 15.000000
4 2001371.000000 15.000000
4 2001915.000000 15.000000
5 2002524.000000 66.000000
4 2002997.000000 15.000000
6 2003519.000000 10.000000
5 2004842.000000 33.000000
2 2005402.000000 15.000000
5 2005876.000000 45.000000
4 2006507.000000 15.000000
2 2007051.000000 15.000000
1 2007647.000000 15.000000
0 2008132.000000 15.000000
5 2008607.000000 44.000000
5 2009209.000000 27.000000
1 2009818.000000 15.000000
6 2010268.000000 10.000000
4 2011538.000000 15.000000
2 2012121.000000 15.000000
5 2012638.000000 57.000000
1 2013109.000000 15.000000
1 2013724.000000 15.000000
5 2014185.000000 75.000000
5 2014684.000000 34.000000
5 2015174.000000 51.000000
1 2015618.000000 15.000000
3 2016175.000000 15.000000
6 2016720.000000 10.000000
2 2017994.000000 15.000000
3 2018473.000000 15.000000
5 2019006.000000 27.000000
3 2019636.000000 15.000000
1 2020232.000000 15.000000
3 2020816.000000 15.000000
4 2021431.000000 15.000000
2 2022061.000000 15.000000
4 2022674.000000 15.000000
3 2023340.000000 15.000000
6 2023976.000000 10.000000
3 2025198.000000 15.000000
3 2025738.000000 15.000000
0 2026356.000000 15.000000
1 2026874.000000 15.000000
4 2027496.000000 15.000000
1 2028168.000000 15.000000
1 2028666.000000 15.000000
4 2029190.000000 15.000000
0 2029714.000000 15.000000
5 2030294.000000 45.000000
6 2030798.000000 10.000000
4 2032010.000000 15.000000
1 2032599.000000 15.000000
4 2033158.000000 15.000000
5 2033821.000000 53.000000
2 2034330.000000 15.000000
1 2034891.000000 15.000000
3 2035511.000000 15.000000
5 2036111.000000 21.000000
5 2036695.000000 28.000000
1 2037228.000000 15.000000
6 2037836.000000 10.000000
4 2039114.000000 15.000000
2 2039739.000000 15.000000
3 2040323.000000 15.000000
4 2040923.000000 15.000000
1 2041423.000000 15.000000
1 2041925.000000 15.000000
2 2042408.000000 15.000000
1 2042907.000000 15.000000
3 2043332.000000 15.000000
3 2043878.000000 15.000000
6 2044399.000000 10.000000
5 2045658.000000 46.000000
4 2046205.000000 15.000000
4 2046765.000000 15.000000
2 2047286.000000 15.000000
2 2047781.000000 15.000000
4 2048331.000000 15.000000
5 2048941.000000 68.000000
2 2049567.000000 15.000000
3 2049984.000000 15.000000
5 2050466.000000 53.000000
6 2051008.000000 10.000000
1 2052369.000000 15.000000
2 2052932.000000 15.000000
0 2053407.000000 15.000000
0 2053904.000000 15.000000
4 2054464.000000 15.000000
2 2054945.000000 15.000000
1 2055499.000000 15.000000
0 2056051.000000 15.000000
2 2056565.000000 15.000000
4 2057086.000000 15.000000
6 2057718.000000 10.000000
0 2058949.000000 15.000000
2 2059497.000000 15.000000
5 2060023.000000 62.000000
3 2060496.000000 15.000000
2 2061040.000000 15.000000
0 2061557.000000 15.000000
4 2062127.000000 15.000000
2 2062704.000000 15.000000
5 2063171.000000 81.000000
3 2063808.000000 15.000000
6 2064284.000000 10.000000
4 2065599.000000 15.000000
3 2066202.000000 15.000000
4 2066731.000000 15.000000
5 2067341.000000 66.000000
2 2067859.000000 15.000000
3 2068445.000000 15.000000
4 2069003.000000 15.000000
1 2069618.000000 15.000000
0 2070170.000000 15.000000
3 2070663.000000 15.000000
6 2071245.000000 10.000000
2 2072484.000000 15.000000
2 2072910.000000 15.000000
1 2073429.000000 15.000000
3 2073881.000000 15.000000
2 2074352.000000 15.000000
4 2074910.000000 15.000000
4 2075423.000000 15.000000
4 2076042.000000 15.000000
2 2076548.000000 15.000000
1 2077137.000000 15.000000
6 2077567.000000 10.000000
0 2078920.000000 15.000000
4 2079496.000000 15.000000
0 2080123.000000 15.000000
2 2080669.000000 15.000000
0 2081156.000000 15.000000
3 2081605.000000 15.000000
4 2082135.000000 15.000000
2 2082770.000000 15.000000
3 2083286.000000 15.000000
5 2083857.000000 74.000000
6 2084437.000000 10.000000
1 2085656.000000 15.000000
0 2086247.000000 15.000000
5 2086702.000000 79.000000
5 2087332.000000 32.000000
3 2087839.000000 15.000000
5 2088463.000000 38.000000
5 2088934.000000 69.000000
2 2089531.000000 15.000000
3 2089952.000000 15.000000
5 2090414.000000 62.000000
6 2090976.000000 10.000000
2 2092207.000000 15.000000
2 2092716.000000 15.000000
1 2093294.000000 15.000000
4 2093821.000000 15.000000
5 2094440.000000 36.000000
4 2094943.000000 15.000000
2 2095443.000000 15.000000
0 2095876.000000 15.000000
5 2096384.000000 78.000000
1 2096960.000000 15.000000
6 2097471.000000 10.000000
1 2098842.000000 15.000000
5 2099295.000000 64.000000
3 2099866.000000 15.000000
5 2100441.000000 39.000000
2 2100970.000000 15.000000
3 2101456.000000 15.000000
3 2101935.000000 15.000000
3 2102537.000000 15.000000
5 2103079.000000 63.000000
3 2103631.000000 15.000000
6 2104220.000000 10.000000
2 2105607.000000 15.000000
0 2106193.000000 15.000000
1 2106722.000000 15.000000
5 2107265.000000 55.000000
2 2107731.000000 15.000000
0 2108206.000000 15.000000
0 2108724.000000 15.000000
5 2109287.000000 70.000000
2 2109854.000000 15.000000
1 2110346.000000 15.000000
6 2110815.000000 10.000000
4 2112116.000000 15.000000
3 2112733.000000 15.000000
2 2113342.000000 15.000000
5 2113864.000000 29.000000
2 2114384.000000 15.000000
0 2114833.000000 15.000000
5 2115323.000000 51.000000
3 2115895.000000 15.000000
5 2116434.000000 42.000000
4 2117051.000000 15.000000
6 2117569.000000 10.000000
1 2118827.000000 15.000000
5 2119265.000000 36.000000
0 2119870.000000 15.000000
0 2120436.000000 15.000000
1 2120900.000000 15.000000
3 2121439.000000 15.000000
0 2122051.000000 15.000000
0 2122533.000000 15.000000
5 2123046.000000 62.000000
2 2123685.000000 15.000000
6 2124122.000000 10.000000
2 2125469.000000 15.000000
3 2125941.000000 15.000000
2 2126555.000000 15.000000
0 2127018.000000 15.000000
4 2127567.000000 15.000000
4 2128120.000000 15.000000
4 2128778.000000 15.000000
3 2129355.000000 15.000000
2 2129893.000000 15.000000
0 2130434.000000 15.000000
6 2130960.000000 10.000000
0 2132224.000000 15.000000
0 2132827.000000 15.000000
5 2133415.000000 38.000000
2 2133971.000000 15.000000
4 2134455.000000 15.000000
5 2135083.000000 78.000000
4 2135570.000000 15.000000
0 2136090.000000 15.000000
0 2136597.000000 15.000000
2 2137108.000000 15.000000
6 2137630.000000 10.000000
1 2138886.000000 15.000000
5 2139352.000000 71.000000
0 2139892.000000 15.000000
4 2140359.000000 15.000000
4 2140845.000000 15.000000
1 2141388.000000 15.000000
0 2141841.000000 15.000000
3 2142280.000000 15.000000
0 2142731.000000 15.000000
0 2143360.000000 15.000000
6 2143801.000000 10.000000
1 2145050.000000 15.000000
5 2145597.000000 41.000000
5 2146123.000000 42.000000
3 2146725.000000 15.000000
0 2147253.000000 15.000000
5 2147843.000000 60.000000
2 2148407.000000 15.000000
2 2148993.000000 15.000000
5 2149503.000000 67.000000
4 2150007.000000 15.000000
6 2150563.000000 10.000000
4 2151791.000000 15.000000
4 2152407.000000 15.000000
3 2152999.000000 15.000000
2 2153518.000000 15.000000
0 2154053.000000 15.000000
0 2154673.000000 15.000000
0 2155262.000000 15.000000
1 2155745.000000 15.000000
0 2156319.000000 15.000000
1 2156826.000000 15.000000
6 2157337.000000 10.000000
4 2158627.000000 15.000000
0 2159276.000000 15.000000
4 2159867.000000 15.000000
2 2160528.000000 15.000000
3 2161055.000000 15.000000
3 2161658.000000 15.000000
2 2162118.000000 15.000000
3 2162586.000000 15.000000
4 2163145.000000 15.000000
1 2163727.000000 15.000000
6 2164296.000000 10.000000
1 2165597.000000 15.000000
3 2166060.000000 15.000000
3 2166617.000000 15.000000
3 2167103.000000 15.000000
1 2167562.000000 15.000000
3 2168139.000000 15.000000
4 2168665.000000 15.000000
4 2169306.000000 15.000000
3 2169795.000000 15.000000
1 2170353.000000 15.000000
6 2170868.000000 10.000000
3 2172241.000000 15.000000
2 2172859.000000 15.000000
1 2173283.000000 15.000000
0 2173857.000000 15.000000
5 2174330.000000 23.000000
4 2174901.000000 15.000000
2 2175513.000000 15.000000
0 2175940.000000 15.000000
3 2176417.000000 15.000000
1 2177010.000000 15.000000
6 2177554.000000 10.000000
4 2178767.000000 15.000000
4 2179297.000000 15.000000
4 2179894.000000 15.000000
0 2180378.000000 15.000000
3 2180883.000000 15.000000
4 2181399.000000 15.000000
1 2181989.000000 15.000000
2 2182563.000000 15.000000
5 2183116.000000 51.000000
0 2183681.000000 15.000000
6 2184210.000000 10.000000
0 2185597.000000 15.000000
4 2186116.000000 15.000000
0 2186775.000000 15.000000
1 2187256.000000 15.000000
4 2187847.000000 15.000000
0 2188363.000000 15.000000
3 2188914.000000 15.000000
1 2189520.000000 15.000000
5 2189983.000000 58.000000
0 2190521.000000 15.000000
6 2191121.000000 10.000000
2 2192467.000000 15.000000
1 2192963.000000 15.000000
3 2193548.000000 15.000000
2 2194172.000000 15.000000
2 2194746.000000 15.000000
4 2195343.000000 15.000000
5 2195929.000000 78.000000
4 2196470.000000 15.000000
4 2196982.000000 15.000000
0 2197529.000000 15.000000
6 2198100.000000 10.000000
5 2199447.000000 80.000000
3 2199920.000000 15.000000
0 2200559.000000 15.000000
2 2201173.000000 15.000000
0 2201610.000000 15.000000
1 2202227.000000 15.000000
0 2202787.000000 15.000000
1 2203329.000000 15.000000
0 2203764.000000 15.000000
4 2204341.000000 15.000000
6 2204989.000000 10.000000
5 2206384.000000 33.000000
5 2206875.000000 63.000000
5 2207392.000000 37.000000
3 2207956.000000 15.000000
2 2208515.000000 15.000000
2 2209081.000000 15.000000
4 2209571.000000 15.000000
2 2210051.000000 15.000000
3 2210558.000000 15.000000
3 2211055.000000 15.000000
6 2211693.000000 10.000000
1 2212994.000000 15.000000
5 2213599.000000 84.000000
2 2214121.000000 15.000000
0 2214655.000000 15.000000
3 2215174.000000 15.000000
5 2215815.000000 68.000000
1 2216297.000000 15.000000
3 2216874.000000 15.000000
3 2217389.000000 15.000000
1 2217931.000000 15.000000
6 2218474.000000 10.000000
0 2219817.000000 15.000000
1 2220276.000000 15.000000
1 2220714.000000 15.000000
3 2221301.000000 15.000000
2 2221805.000000 15.000000
3 2222285.000000 15.000000
5 2222843.000000 76.000000
2 2223471.000000 15.000000
4 2223896.000000 15.000000
0 2224454.000000 15.000000
6 2224999.000000 10.000000
0 2226368.000000 15.000000
5 2226883.000000 43.000000
5 2227486.000000 49.000000
0 2228076.000000 15.000000
1 2228615.000000 15.000000
2 2229168.000000 15.000000
5 2229671.000000 42.000000
5 2230159.000000 79.000000
5 2230712.000000 72.000000
1 2231345.000000 15.000000
6 2231802.000000 10.000000
1 2233178.000000 15.000000
1 2233649.000000 15.000000
0 2234157.000000 15.000000
2 2234589.000000 15.000000
1 2235066.000000 15.000000
3 2235553.000000 15.000000
5 2236077.000000 48.000000
4 2236641.000000 15.000000
5 2237227.000000 72.000000
3 2237692.000000 15.000000
6 2238189.000000 10.000000
5 2239550.000000 23.000000
4 2240130.000000 15.000000
5 2240663.000000 53.000000
0 2241250.000000 15.000000
5 2241835.000000 33.000000
0 2242438.000000 15.000000
4 2243055.000000 15.000000
5 2243677.000000 82.000000
3 2244153.000000 15.000000
2 2244735.000000 15.000000
6 2245344.000000 10.000000
5 2246593.000000 51.000000
2 2247204.000000 15.000000
4 2247693.000000 15.000000
1 2248281.000000 15.000000
2 2248801.000000 15.000000
0 2249324.000000 15.000000
2 2249903.000000 15.000000
5 2250322.000000 30.000000
1 2250962.000000 15.000000
4 2251473.000000 15.000000
6 2252004.000000 10.000000
2 2253221.000000 15.000000
2 2253831.000000 15.000000
1 2254403.000000 15.000000
4 2254992.000000 15.000000
5 2255595.000000 23.000000
1 2256058.000000 15.000000
3 2256584.000000 15.000000
1 2257213.000000 15.000000
4 2257688.000000 15.000000
3 2258273.000000 15.000000
6 2258866.000000 10.000000
5 2260121.000000 29.000000
2 2260750.000000 15.000000
3 2261310.000000 15.000000
4 2261888.000000 15.000000
3 2262493.000000 15.000000
5 2262983.000000 59.000000
4 2263548.000000 15.000000
2 2264089.000000 15.000000
2 2264639.000000 15.000000
0 2265244.000000 15.000000
6 2265790.000000 10.000000
1 2267007.000000 15.000000
2 2267546.000000 15.000000
4 2267977.000000 15.000000
5 2268485.000000 50.000000
0 2269119.000000 15.000000
3 2269584.000000 15.000000
2 2270191.000000 15.000000
2 2270630.000000 15.000000
5 2271167.000000 61.000000
2 2271665.000000 15.000000
6 2272181.000000 10.000000
4 2273589.000000 15.000000
2 2274229.000000 15.000000
1 2274786.000000 15.000000
0 2275364.000000 15.000000
2 2275895.000000 15.000000
1 2276430.000000 15.000000
0 2276982.000000 15.000000
1 2277418.000000 15.000000
5 2277897.000000 32.000000
4 2278431.000000 15.000000
6 2278907.000000 10.000000
4 2280263.000000 15.000000
1 2280778.000000 15.000000
3 2281328.000000 15.000000
4 2281844.000000 15.000000
3 2282334.000000 15.000000
0 2282972.000000 15.000000
4 2283474.000000 15.000000
5 2283960.000000 29.000000
5 2284567.000000 78.000000
3 2285085.000000 15.000000
6 2285617.000000 10.000000
5 2286896.000000 31.000000
2 2287389.000000 15.000000
2 2287948.000000 15.000000
2 2288525.000000 15.000000
4 2288976.000000 15.000000
1 2289608.000000 15.000000
1 2290084.000000 15.000000
1 2290603.000000 15.000000
2 2291103.000000 15.000000
0 2291574.000000 15.000000
6 2292194.000000 10.000000
5 2293538.000000 57.000000
2 2294141.000000 15.000000
2 2294601.000000 15.000000
1 2295215.000000 15.000000
1 2295659.000000 15.000000
5 2296104.000000 32.000000
5 2296705.000000 39.000000
4 2297306.000000 15.000000
4 2297975.000000 15.000000
4 2298637.000000 15.000000
6 2299291.000000 10.000000
0 2300579.000000 15.000000
0 2301128.000000 15.000000
4 2301748.000000 15.000000
1 2302414.000000 15.000000
3 2302882.000000 15.000000
4 2303384.000000 15.000000
2 2303967.000000 15.000000
3 2304465.000000 15.000000
4 2304917.000000 15.000000
3 2305563.000000 15.000000
6 2306068.000000 10.000000
1 2307385.000000 15.000000
3 2307946.000000 15.000000
2 2308531.000000 15.000000
4 2309035.000000 15.000000
1 2309673.000000 15.000000
4 2310130.000000 15.000000
1 2310642.000000 15.000000
3 2311204.000000 15.000000
2 2311847.000000 15.000000
3 2312324.000000 15.000000
6 2312962.000000 10.000000
5 2314291.000000 30.000000
0 2314837.000000 15.000000
4 2315285.000000 15.000000
1 2315938.000000 15.000000
5 2316415.000000 44.000000
4 2317020.000000 15.000000
4 2317686.000000 15.000000
4 2318241.000000 15.000000
4 2318841.000000 15.000000
2 2319404.000000 15.000000
6 2319923.000000 10.000000
4 2321134.000000 15.000000
1 2321780.000000 15.000000
3 2322364.000000 15.000000
0 2322924.000000 15.000000
0 2323379.000000 15.000000
5 2323813.000000 65.000000
2 2324275.000000 15.000000
1 2324854.000000 15.000000
5 2325349.000000 75.000000
2 2325867.000000 15.000000
6 2326307.000000 10.000000
1 2327545.000000 15.000000
0 2328082.000000 15.000000
2 2328662.000000 15.000000
4 2329236.000000 15.000000
3 2329885.000000 15.000000
0 2330465.000000 15.000000
3 2330922.000000 15.000000
4 2331380.000000 15.000000
5 2331898.000000 43.000000
1 2332500.000000 15.000000
6 2333099.000000 10.000000
2 2334378.000000 15.000000
0 2334908.000000 15.000000
2 2335368.000000 15.000000
4 2335787.000000 15.000000
2 2336299.000000 15.000000
4 2336807.000000 15.000000
2 2337475.000000 15.000000
4 2337931.000000 15.000000
4 2338466.000000 15.000000
3 2338991.000000 15.000000
6 2339594.000000 10.000000
5 2340885.000000 76.000000
4 2341476.000000 15.000000
3 2342018.000000 15.000000
4 2342628.000000 15.000000
2 2343149.000000 15.000000
3 2343736.000000 15.000000
4 2344327.000000 15.000000
1 2344959.000000 15.000000
0 2345463.000000 15.000000
0 2345972.000000 15.000000
6 2346578.000000 10.000000
5 2347796.000000 54.000000
0 2348267.000000 15.000000
5 2348706.000000 84.000000
1 2349333.000000 15.000000
2 2349918.000000 15.000000
0 2350428.000000 15.000000
2 2350962.000000 15.000000
0 2351474.000000 15.000000
4 2352067.000000 15.000000
0 2352666.000000 15.000000
6 2353114.000000 10.000000
2 2354418.000000 15.000000
5 2354929.000000 45.000000
2 2355524.000000 15.000000
0 2356129.000000 15.000000
1 2356572.000000 15.000000
5 2357074.000000 22.000000
0 2357669.000000 15.000000
3 2358131.000000 15.000000
5 2358766.000000 47.000000
3 2359222.000000 15.000000
6 2359681.000000 10.000000
4 2360974.000000 15.000000
3 2361487.000000 15.000000
0 2362032.000000 15.000000
4 2362635.000000 15.000000
1 2363134.000000 15.000000
5 2363702.000000 76.000000
0 2364189.000000 15.000000
3 2364788.000000 15.000000
3 2365383.000000 15.000000
2 2365918.000000 15.000000
6 2366344.000000 10.000000
4 2367704.000000 15.000000
5 2368356.000000 46.000000
5 2368801.000000 29.000000
0 2369365.000000 15.000000
2 2369982.000000 15.000000
1 2370443.000000 15.000000
5 2370996.000000 74.000000
3 2371609.000000 15.000000
2 2372063.000000 15.000000
4 2372649.000000 15.000000
6 2373195.000000 10.000000
2 2374481.000000 15.000000
4 2374898.000000 15.000000
3 2375569.000000 15.000000
4 2376039.000000 15.000000
3 2376676.000000 15.000000
0 2377301.000000 15.000000
5 2377911.000000 53.000000
1 2378362.000000 15.000000
4 2378903.000000 15.000000
4 2379405.000000 15.000000
6 2379992.000000 10.000000
5 2381288.000000 76.000000
0 2381795.000000 15.000000
2 2382271.000000 15.000000
0 2382879.000000 15.000000
4 2383381.000000 15.000000
5 2383960.000000 41.000000
5 2384597.000000 71.000000
2 2385097.000000 15.000000
2 2385636.000000 15.000000
4 2386151.000000 15.000000
6 2386779.000000 10.000000
2 2388085.000000 15.000000
5 2388682.000000 34.000000
1 2389236.000000 15.000000
0 2389721.000000 15.000000
4 2390334.000000 15.000000
0 2390868.000000 15.000000
5 2391322.000000 34.000000
1 2391864.000000 15.000000
1 2392301.000000 15.000000
4 2392758.000000 15.000000
6 2393335.000000 10.000000
3 2394700.000000 15.000000
3 2395314.000000 15.000000
0 2395778.000000 15.000000
2 2396352.000000 15.000000
0 2396808.000000 15.000000
5 2397284.000000 49.000000
1 2397824.000000 15.000000
3 2398366.000000 15.000000
5 2398904.000000 43.000000
1 2399514.000000 15.000000
6 2399957.000000 10.000000
3 2401269.000000 15.000000
5 2401887.000000 23.000000
0 2402440.000000 15.000000
3 2402988.000000 15.000000
3 2403629.000000 15.000000
5 2404176.000000 72.000000
3 2404788.000000 15.000000
0 2405401.000000 15.000000
2 2405845.000000 15.000000
4 2406397.000000 15.000000
6 2406909.000000 10.000000
0 2408241.000000 15.000000
3 2408811.000000 15.000000
4 2409300.000000 15.000000
1 2409839.000000 15.000000
4 2410377.000000 15.000000
1 2411012.000000 15.000000
4 2411575.000000 15.000000
3 2412219.000000 15.000000
5 2412745.000000 56.000000
4 2413281.000000 15.000000
6 2413947.000000 10.000000
1 2415218.000000 15.000000
3 2415681.000000 15.000000
5 2416216.000000 61.000000
2 2416670.000000 15.000000
2 2417137.000000 15.000000
5 2417696.000000 70.000000
2 2418169.000000 15.000000
0 2418626.000000 15.000000
2 2419248.000000 15.000000
4 2419702.000000 15.000000
6 2420226.000000 10.000000
5 2421559.000000 55.000000
3 2422020.000000 15.000000
3 2422471.000000 15.000000
2 2423058.000000 15.000000
1 2423664.000000 15.000000
4 2424175.000000 15.000000
0 2424820.000000 15.000000
0 2425392.000000 15.000000
5 2425954.000000 80.000000
3 2426568.000000 15.000000
6 2427125.000000 10.000000
3 2428516.000000 15.000000
0 2429094.000000 15.000000
2 2429682.000000 15.000000
2 2430177.000000 15.000000
3 2430782.000000 15.000000
5 2431275.000000 52.000000
0 2431877.000000 15.000000
0 2432311.000000 15.000000
3 2432847.000000 15.000000
2 2433447.000000 15.000000
6 2433989.000000 10.000000
3 2435288.000000 15.000000
3 2435789.000000 15.000000
4 2436240.000000 15.000000
1 2436810.000000 15.000000
2 2437324.000000 15.000000
1 2437907.000000 15.000000
5 2438456.000000 26.000000
1 2438995.000000 15.000000
2 2439453.000000 15.000000
5 2440030.000000 54.000000
6 2440580.000000 10.000000
1 2441792.000000 15.000000
1 2442366.000000 15.000000
2 2442920.000000 15.000000
2 2443406.000000 15.000000
1 2443885.000000 15.000000
2 2444433.000000 15.000000
0 2444941.000000 15.000000
0 2445541.000000 15.000000
3 2446030.000000 15.000000
0 2446674.000000 15.000000
6 2447155.000000 10.000000
5 2448543.000000 38.000000
2 2449007.000000 15.000000
5 2449441.000000 45.000000
2 2449954.000000 15.000000
5 2450557.000000 84.000000
2 2451019.000000 15.000000
5 2451530.000000 45.000000
5 2452125.000000 65.000000
2 2452701.000000 15.000000
0 2453283.000000 15.000000
6 2453762.000000 10.000000
5 2455058.000000 36.000000
1 2455622.000000 15.000000
4 2456177.000000 15.000000
3 2456800.000000 15.000000
1 2457396.000000 15.000000
0 2457915.000000 15.000000
1 2458452.000000 15.000000
1 2458920.000000 15.000000
0 2459383.000000 15.000000
0 2459878.000000 15.000000
6 2460313.000000 10.000000
0 2461606.000000 15.000000
3 2462227.000000 15.000000
1 2462770.000000 15.000000
3 2463205.000000 15.000000
4 2463755.000000 15.000000
0 2464422.000000 15.000000
2 2464889.000000 15.000000
2 2465414.000000 15.000000
3 2465923.000000 15.000000
3 2466391.000000 15.000000
6 2466846.000000 10.000000
5 2468099.000000 42.000000
5 2468585.000000 44.000000
2 2469143.000000 15.000000
0 2469728.000000 15.000000
2 2470199.000000 15.000000
2 2470781.000000 15.000000
0 2471345.000000 15.000000
1 2471974.000000 15.000000
4 2472549.000000 15.000000
3 2473038.000000 15.000000
6 2473534.000000 10.000000
0 2474768.000000 15.000000
4 2475249.000000 15.000000
5 2475903.000000 73.000000
3 2476353.000000 15.000000
1 2476996.000000 15.000000
3 2477443.000000 15.000000
1 2477914.000000 15.000000
0 2478482.000000 15.000000
5 2479103.000000 25.000000
3 2479589.000000 15.000000
6 2480038.000000 10.000000
0 2481321.000000 15.000000
2 2481844.000000 15.000000
4 2482457.000000 15.000000
4 2482980.000000 15.000000
3 2483547.000000 15.000000
5 2484127.000000 54.000000
5 2484572.000000 82.000000
3 2485207.000000 15.000000
5 2485808.000000 50.000000
4 2486421.000000 15.000000
6 2486971.000000 10.000000
4 2488252.000000 15.000000
4 2488819.000000 15.000000
3 2489297.000000 15.000000
5 2489883.000000 57.000000
5 2490492.000000 66.000000
2 2490981.000000 15.000000
1 2491515.000000 15.000000
0 2491941.000000 15.000000
2 2492380.000000 15.000000
4 2492916.000000 15.000000
6 2493565.000000 10.000000
5 2494844.000000 38.000000
2 2495360.000000 15.000000
5 2495780.000000 31.000000
1 2496368.000000 15.000000
5 2496818.000000 47.000000
0 2497399.000000 15.000000
2 2497986.000000 15.000000
5 2498508.000000 83.000000
0 2498963.000000 15.000000
5 2499420.000000 59.000000
6 2500034.000000 10.000000
0 2501286.000000 15.000000
1 2501830.000000 15.000000
3 2502272.000000 15.000000
4 2502805.000000 15.000000
1 2503321.000000 15.000000
2 2503887.000000 15.000000
5 2504483.000000 56.000000
0 2504986.000000 15.000000
5 2505570.000000 74.000000
2 2506045.000000 15.000000
6 2506528.000000 10.000000
1 2507786.000000 15.000000
3 2508404.000000 15.000000
1 2508867.000000 15.000000
4 2509417.000000 15.000000
5 2509910.000000 63.000000
0 2510427.000000 15.000000
0 2510952.000000 15.000000
3 2511461.000000 15.000000
5 2511914.000000 35.000000
0 2512478.000000 15.000000
6 2512973.000000 10.000000
2 2514286.000000 15.000000
3 2514889.000000 15.000000
3 2515448.000000 15.000000
0 2515902.000000 15.000000
3 2516511.000000 15.000000
1 2516980.000000 15.000000
2 2517556.000000 15.000000
3 2518082.000000 15.000000
2 2518698.000000 15.000000
4 2519157.000000 15.000000
6 2519782.000000 10.000000
3 2521104.000000 15.000000
4 2521561.000000 15.000000
0 2522195.000000 15.000000
4 2522780.000000 15.000000
4 2523281.000000 15.000000
3 2523919.000000 15.000000
4 2524526.000000 15.000000
1 2525181.000000 15.000000
0 2525771.000000 15.000000
0 2526260.000000 15.000000
6 2526802.000000 10.000000
2 2528025.000000 15.000000
0 2528626.000000 15.000000
0 2529166.000000 15.000000
2 2529761.000000 15.000000
5 2530291.000000 80.000000
5 2530744.000000 50.000000
2 2531332.000000 15.000000
0 2531819.000000 15.000000
5 2532450.000000 27.000000
0 2533007.000000 15.000000
6 2533542.000000 10.000000
0 2534812.000000 15.000000
2 2535323.000000 15.000000
4 2535759.000000 15.000000
0 2536387.000000 15.000000
5 2536848.000000 54.000000
1 2537443.000000 15.000000
0 2538010.000000 15.000000
3 2538544.000000 15.000000
3 2539040.000000 15.000000
0 2539525.000000 15.000000
6 2540119.000000 10.000000
2 2541382.000000 15.000000
5 2541968.000000 53.000000
5 2542425.000000 26.000000
3 2542922.000000 15.000000
5 2543520.000000 50.000000
5 2543981.000000 55.000000
1 2544597.000000 15.000000
3 2545025.000000 15.000000
2 2545537.000000 15.000000
4 2545981.000000 15.000000
6 2546528.000000 10.000000
1 2547810.000000 15.000000
3 2548304.000000 15.000000
2 2548940.000000 15.000000
0 2549533.000000 15.000000
3 2550115.000000 15.000000
1 2550676.000000 15.000000
2 2551164.000000 15.000000
2 2551733.000000 15.000000
4 2552314.000000 15.000000
4 2552890.000000 15.000000
6 2553556.000000 10.000000
0 2554909.000000 15.000000
0 2555509.000000 15.000000
2 2556042.000000 15.000000
2 2556509.000000 15.000000
0 2557100.000000 15.000000
3 2557639.000000 15.000000
5 2558177.000000 76.000000
2 2558634.000000 15.000000
5 2559065.000000 83.000000
1 2559567.000000 15.000000
6 2560158.000000 10.000000
0 2561506.000000 15.000000
2 2562029.000000 15.000000
2 2562543.000000 15.000000
4 2563001.000000 15.000000
5 2563480.000000 62.000000
2 2563988.000000 15.000000
2 2564503.000000 15.000000
5 2565003.000000 68.000000
4 2565611.000000 15.000000
3 2566151.000000 15.000000
6 2566710.000000 10.000000
1 2568040.000000 15.000000
0 2568553.000000 15.000000
5 2569153.000000 49.000000
4 2569775.000000 15.000000
2 2570299.000000 15.000000
5 2570828.000000 68.000000
0 2571461.000000 15.000000
0 2571912.000000 15.000000
4 2572364.000000 15.000000
0 2573000.000000 15.000000
6 2573489.000000 10.000000
4 2574740.000000 15.000000
1 2575303.000000 15.000000
1 2575837.000000 15.000000
1 2576367.000000 15.000000
3 2576905.000000 15.000000
4 2577476.000000 15.000000
4 2578007.000000 15.000000
1 2578593.000000 15.000000
1 2579047.000000 15.000000
2 2579610.000000 15.000000
6 2580172.000000 10.000000
5 2581448.000000 44.000000
3 2581995.000000 15.000000
5 2582557.000000 45.000000
4 2583017.000000 15.000000
4 2583563.000000 15.000000
1 2584046.000000 15.000000
2 2584555.000000 15.000000
3 2585047.000000 15.000000
1 2585517.000000 15.000000
5 2585991.000000 52.000000
6 2586561.000000 10.000000
0 2587868.000000 15.000000
1 2588420.000000 15.000000
4 2588933.000000 15.000000
3 2589503.000000 15.000000
5 2590019.000000 27.000000
0 2590600.000000 15.000000
3 2591073.000000 15.000000
3 2591620.000000 15.000000
1 2592256.000000 15.000000
2 2592865.000000 15.000000
6 2593319.000000 10.000000
4 2594700.000000 15.000000
1 2595269.000000 15.000000
5 2595763.000000 73.000000
3 2596353.000000 15.000000
5 2596983.000000 34.000000
3 2597434.000000 15.000000
5 2597995.000000 49.000000
2 2598594.000000 15.000000
1 2599133.000000 15.000000
5 2599561.000000 32.000000
6 2600013.000000 10.000000
4 2601254.000000 15.000000
3 2601899.000000 15.000000
4 2602509.000000 15.000000
2 2603139.000000 15.000000
1 2603707.000000 15.000000
2 2604308.000000 15.000000
3 2604873.000000 15.000000
3 2605487.000000 15.000000
3 2605953.000000 15.000000
5 2606475.000000 37.000000
6 2607114.000000 10.000000
2 2608506.000000 15.000000
1 2608926.000000 15.000000
2 2609354.000000 15.000000
4 2609782.000000 15.000000
4 2610309.000000 15.000000
2 2610971.000000 15.000000
4 2611433.000000 15.000000
1 2612027.000000 15.000000
5 2612587.000000 64.000000
5 2613054.000000 46.000000
6 2613568.000000 10.000000
3 2614781.000000 15.000000
3 2615273.000000 15.000000
0 2615724.000000 15.000000
1 2616328.000000 15.000000
1 2616795.000000 15.000000
2 2617313.000000 15.000000
2 2617829.000000 15.000000
0 2618387.000000 15.000000
0 2618959.000000 15.000000
3 2619419.000000 15.000000
6 2619894.000000 10.000000
2 2621174.000000 15.000000
3 2621727.000000 15.000000
2 2622272.000000 15.000000
5 2622719.000000 53.000000
0 2623319.000000 15.000000
0 2623879.000000 15.000000
0 2624315.000000 15.000000
2 2624772.000000 15.000000
0 2625227.000000 15.000000
1 2625725.000000 15.000000
6 2626266.000000 10.000000
4 2627621.000000 15.000000
0 2628158.000000 15.000000
4 2628755.000000 15.000000
1 2629303.000000 15.000000
3 2629806.000000 15.000000
5 2630319.000000 71.000000
2 2630941.000000 15.000000
5 2631491.000000 26.000000
2 2632001.000000 15.000000
4 2632494.000000 15.000000
6 2633065.000000 10.000000
3 2634398.000000 15.000000
5 2635041.000000 40.000000
0 2635598.000000 15.000000
2 2636212.000000 15.000000
3 2636663.000000 15.000000
3 2637147.000000 15.000000
4 2637728.000000 15.000000
3 2638309.000000 15.000000
4 2638852.000000 15.000000
1 2639345.000000 15.000000
6 2639869.000000 10.000000
0 2641252.000000 15.000000
5 2641839.000000 73.000000
0 2642479.000000 15.000000
4 2643054.000000 15.000000
1 2643637.000000 15.000000
2 2644209.000000 15.000000
1 2644723.000000 15.000000
1 2645309.000000 15.000000
5 2645858.000000 62.000000
4 2646361.000000 15.000000
6 2646857.000000 10.000000
1 2648125.000000 15.000000
4 2648610.000000 15.000000
0 2649208.000000 15.000000
0 2649811.000000 15.000000
0 2650432.000000 15.000000
2 2650932.000000 15.000000
4 2651520.000000 15.000000
1 2652022.000000 15.000000
5 2652465.000000 67.000000
3 2652976.000000 15.000000
6 2653615.000000 10.000000
5 2654967.000000 79.000000
2 2655462.000000 15.000000
1 2656066.000000 15.000000
2 2656570.000000 15.000000
1 2657019.000000 15.000000
3 2657444.000000 15.000000
3 2658004.000000 15.000000
1 2658651.000000 15.000000
5 2659253.000000 21.000000
4 2659753.000000 15.000000
6 2660420.000000 10.000000
3 2661655.000000 15.000000
1 2662120.000000 15.000000
2 2662549.000000 15.000000
4 2663140.000000 15.000000
0 2663806.000000 15.000000
2 2664294.000000 15.000000
2 2664776.000000 15.000000
2 2665206.000000 15.000000
2 2665736.000000 15.000000
4 2666282.000000 15.000000
6 2666830.000000 10.000000
1 2668201.000000 15.000000
2 2668682.000000 15.000000
1 2669227.000000 15.000000
5 2669669.000000 32.000000
2 2670291.000000 15.000000
5 2670718.000000 27.000000
5 2671319.000000 64.000000
2 2671802.000000 15.000000
5 2672336.000000 81.000000
1 2672851.000000 15.000000
6 2673444.000000 10.000000
3 2674753.000000 15.000000
1 2675268.000000 15.000000
2 2675780.000000 15.000000
5 2676285.000000 42.000000
4 2676761.000000 15.000000
0 2677379.000000 15.000000
1 2677871.000000 15.000000
5 2678376.000000 31.000000
0 2678939.000000 15.000000
3 2679522.000000 15.000000
6 2680105.000000 10.000000
0 2681471.000000 15.000000
3 2682052.000000 15.000000
4 2682567.000000 15.000000
0 2683230.000000 15.000000
2 2683720.000000 15.000000
5 2684315.000000 65.000000
5 2684922.000000 59.000000
1 2685464.000000 15.000000
2 2685888.000000 15.000000
3 2686347.000000 15.000000
6 2686812.000000 10.000000
2 2688150.000000 15.000000
0 2688642.000000 15.000000
5 2689240.000000 67.000000
2 2689793.000000 15.000000
4 2690298.000000 15.000000
4 2690787.000000 15.000000
0 2691412.000000 15.000000
2 2691908.000000 15.000000
5 2692388.000000 63.000000
5 2693029.000000 48.000000
6 2693605.000000 10.000000
5 2694961.000000 46.000000
5 2695548.000000 35.000000
1 2696111.000000 15.000000
4 2696688.000000 15.000000
0 2697294.000000 15.000000
4 2697730.000000 15.000000
1 2698334.000000 15.000000
1 2698922.000000 15.000000
4 2699350.000000 15.000000
1 2699834.000000 15.000000
6 2700319.000000 10.000000
2 2701568.000000 15.000000
2 2702094.000000 15.000000
0 2702569.000000 15.000000
3 2703103.000000 15.000000
3 2703687.000000 15.000000
1 2704325.000000 15.000000
4 2704838.000000 15.000000
3 2705480.000000 15.000000
4 2705944.000000 15.000000
4 2706612.000000 15.000000
6 2707166.000000 10.000000
0 2708428.000000 15.000000
5 2709004.000000 64.000000
4 2709541.000000 15.000000
0 2710105.000000 15.000000
1 2710715.000000 15.000000
3 2711229.000000 15.000000
2 2711820.000000 15.000000
2 2712277.000000 15.000000
0 2712835.000000 15.000000
1 2713427.000000 15.000000
6 2713964.000000 10.000000
1 2715218.000000 15.000000
0 2715685.000000 15.000000
4 2716263.000000 15.000000
5 2716897.000000 79.000000
0 2717451.000000 15.000000
0 2718008.000000 15.000000
4 2718593.000000 15.000000
3 2719161.000000 15.000000
5 2719716.000000 82.000000
2 2720258.000000 15.000000
6 2720694.000000 10.000000
3 2722060.000000 15.000000
0 2722611.000000 15.000000
4 2723228.000000 15.000000
3 2723726.000000 15.000000
1 2724301.000000 15.000000
1 2724831.000000 15.000000
1 2725367.000000 15.000000
5 2725899.000000 53.000000
1 2726397.000000 15.000000
0 2726930.000000 15.000000
6 2727541.000000 10.000000
4 2728863.000000 15.000000
4 2729356.000000 15.000000
1 2729916.000000 15.000000
2 2730355.000000 15.000000
0 2730895.000000 15.000000
0 2731433.000000 15.000000
2 2732026.000000 15.000000
1 2732629.000000 15.000000
5 2733124.000000 66.000000
1 2733750.000000 15.000000
6 2734330.000000 10.000000
2 2735710.000000 15.000000
4 2736219.000000 15.000000
5 2736754.000000 79.000000
5 2737213.000000 81.000000
5 2737706.000000 74.000000
3 2738231.000000 15.000000
3 2738693.000000 15.000000
4 2739234.000000 15.000000
1 2739772.000000 15.000000
3 2740325.000000 15.000000
6 2740823.000000 10.000000
5 2742049.000000 64.000000
2 2742500.000000 15.000000
4 2742924.000000 15.000000
4 2743571.000000 15.000000
5 2744083.000000 80.000000
3 2744588.000000 15.000000
4 2745103.000000 15.000000
5 2745741.000000 77.000000
2 2746304.000000 15.000000
2 2746768.000000 15.000000
6 2747371.000000 10.000000
4 2748613.000000 15.000000
4 2749169.000000 15.000000
2 2749663.000000 15.000000
2 2750222.000000 15.000000
4 2750777.000000 15.000000
3 2751368.000000 15.000000
4 2751878.000000 15.000000
2 2752511.000000 15.000000
2 2753089.000000 15.000000
4 2753571.000000 15.000000
6 2754197.000000 10.000000
1 2755586.000000 15.000000
3 2756202.000000 15.000000
1 2756674.000000 15.000000
1 2757243.000000 15.000000
1 2757767.000000 15.000000
3 2758227.000000 15.000000
1 2758727.000000 15.000000
2 2759309.000000 15.000000
0 2759854.000000 15.000000
0 2760313.000000 15.000000
6 2760907.000000 10.000000
5 2762289.000000 48.000000
4 2762735.000000 15.000000
2 2763330.000000 15.000000
0 2763836.000000 15.000000
2 2764283.000000 15.000000
0 2764821.000000 15.000000
4 2765372.000000 15.000000
1 2766026.000000 15.000000
4 2766570.000000 15.000000
1 2767107.000000 15.000000
6 2767620.000000 10.000000
5 2769010.000000 43.000000
5 2769554.000000 61.000000
5 2770142.000000 60.000000
4 2770681.000000 15.000000
3 2771157.000000 15.000000
4 2771732.000000 15.000000
5 2772324.000000 42.000000
3 2772852.000000 15.000000
3 2773389.000000 15.000000
1 2774006.000000 15.000000
6 2774515.000000 10.000000
3 2775729.000000 15.000000
3 2776297.000000 15.000000
1 2776884.000000 15.000000
2 2777316.000000 15.000000
2 2777811.000000 15.000000
4 2778415.000000 15.000000
3 2778940.000000 15.000000
2 2779520.000000 15.000000
3 2779971.000000 15.000000
5 2780598.000000 38.000000
6 2781170.000000 10.000000
2 2782463.000000 15.000000
2 2783060.000000 15.000000
2 2783498.000000 15.000000
0 2784073.000000 15.000000
0 2784607.000000 15.000000
1 2785205.000000 15.000000
0 2785718.000000 15.000000
0 2786344.000000 15.000000
2 2786787.000000 15.000000
5 2787314.000000 21.000000
6 2787872.000000 10.000000
1 2789104.000000 15.000000
2 2789725.000000 15.000000
3 2790225.000000 15.000000
5 2790758.000000 65.000000
4 2791355.000000 15.000000
4 2791947.000000 15.000000
1 2792602.000000 15.000000
0 2793028.000000 15.000000
3 2793631.000000 15.000000
3 2794193.000000 15.000000
6 2794698.000000 10.000000
5 2795984.000000 53.000000
5 2796430.000000 24.000000
0 2797003.000000 15.000000
0 2797463.000000 15.000000
2 2797928.000000 15.000000
1 2798462.000000 15.000000
0 2798937.000000 15.000000
2 2799464.000000 15.000000
4 2799912.000000 15.000000
2 2800417.000000 15.000000
6 2800843.000000 10.000000
1 2802150.000000 15.000000
2 2802664.000000 15.000000
1 2803195.000000 15.000000
4 2803639.000000 15.000000
3 2804200.000000 15.000000
1 2804720.000000 15.000000
0 2805322.000000 15.000000
4 2805815.000000 15.000000
2 2806318.000000 15.000000
1 2806895.000000 15.000000
6 2807394.000000 10.000000
5 2808689.000000 38.000000
4 2809241.000000 15.000000
5 2809750.000000 46.000000
2 2810282.000000 15.000000
2 2810747.000000 15.000000
2 2811316.000000 15.000000
4 2811873.000000 15.000000
3 2812447.000000 15.000000
2 2812962.000000 15.000000
5 2813450.000000 20.000000
6 2814054.000000 10.000000
0 2815365.000000 15.000000
2 2815970.000000 15.000000
5 2816412.000000 44.000000
4 2816993.000000 15.000000
5 2817637.000000 38.000000
0 2818212.000000 15.000000
5 2818791.000000 62.000000
2 2819389.000000 15.000000
4 2819837.000000 15.000000
5 2820483.000000 47.000000
6 2820969.000000 10.000000
1 2822182.000000 15.000000
0 2822691.000000 15.000000
3 2823307.000000 15.000000
4 2823801.000000 15.000000
4 2824357.000000 15.000000
5 2824895.000000 60.000000
1 2825445.000000 15.000000
0 2825907.000000 15.000000
5 2826516.000000 25.000000
4 2827018.000000 15.000000
6 2827582.000000 10.000000
1 2828905.000000 15.000000
3 2829488.000000 15.000000
5 2829956.000000 79.000000
4 2830562.000000 15.000000
2 2831233.000000 15.000000
3 2831673.000000 15.000000
2 2832191.000000 15.000000
3 2832758.000000 15.000000
4 2833230.000000 15.000000
4 2833738.000000 15.000000
6 2834237.000000 10.000000
1 2835600.000000 15.000000
2 2836195.000000 15.000000
2 2836799.000000 15.000000
3 2837304.000000 15.000000
4 2837840.000000 15.000000
5 2838425.000000 82.000000
3 2839025.000000 15.000000
2 2839601.000000 15.000000
0 2840046.000000 15.000000
3 2840635.000000 15.000000
6 2841161.000000 10.000000
2 2842433.000000 15.000000
4 2842877.000000 15.000000
2 2843417.000000 15.000000
5 2843977.000000 83.000000
1 2844581.000000 15.000000
5 2845158.000000 66.000000
3 2845680.000000 15.000000
4 2846217.000000 15.000000
0 2846742.000000 15.000000
4 2847331.000000 15.000000
6 2847854.000000 10.000000
3 2849119.000000 15.000000
2 2849626.000000 15.000000
3 2850179.000000 15.000000
0 2850661.000000 15.000000
3 2851215.000000 15.000000
4 2851833.000000 15.000000
5 2852366.000000 74.000000
2 2852930.000000 15.000000
0 2853354.000000 15.000000
0 2853831.000000 15.000000
6 2854310.000000 10.000000
3 2855629.000000 15.000000
0 2856165.000000 15.000000
4 2856756.000000 15.000000
1 2857255.000000 15.000000
4 2857861.000000 15.000000
4 2858478.000000 15.000000
5 2858951.000000 80.000000
3 2859550.000000 15.000000
4 2860166.000000 15.000000
2 2860783.000000 15.000000
6 2861302.000000 10.000000
0 2862557.000000 15.000000
4 2863068.000000 15.000000
0 2863620.000000 15.000000
1 2864173.000000 15.000000
1 2864750.000000 15.000000
1 2865232.000000 15.000000
1 2865732.000000 15.000000
2 2866311.000000 15.000000
2 2866765.000000 15.000000
1 2867355.000000 15.000000
6 2867801.000000 10.000000
4 2869201.000000 15.000000
2 2869822.000000 15.000000
2 2870291.000000 15.000000
0 2870768.000000 15.000000
3 2871290.000000 15.000000
0 2871782.000000 15.000000
4 2872394.000000 15.000000
5 2873017.000000 59.000000
2 2873559.000000 15.000000
4 2874105.000000 15.000000
6 2874652.000000 10.000000
0 2875998.000000 15.000000
3 2876556.000000 15.000000
0 2877130.000000 15.000000
5 2877730.000000 30.000000
2 2878252.000000 15.000000
3 2878827.000000 15.000000
3 2879465.000000 15.000000
3 2879965.000000 15.000000
5 2880427.000000 54.000000
0 2880970.000000 15.000000
6 2881429.000000 10.000000
1 2882781.000000 15.000000
2 2883383.000000 15.000000
2 2883941.000000 15.000000
4 2884406.000000 15.000000
0 2884913.000000 15.000000
1 2885481.000000 15.000000
0 2885986.000000 15.000000
5 2886470.000000 28.000000
5 2886984.000000 21.000000
0 2887444.000000 15.000000
6 2887882.000000 10.000000
1 2889145.000000 15.000000
0 2889745.000000 15.000000
2 2890321.000000 15.000000
4 2890893.000000 15.000000
4 2891471.000000 15.000000
2 2892089.000000 15.000000
4 2892504.000000 15.000000
2 2893011.000000 15.000000
0 2893621.000000 15.000000
1 2894076.000000 15.000000
6 2894647.000000 10.000000
2 2895893.000000 15.000000
2 2896390.000000 15.000000
4 2897004.000000 15.000000
4 2897482.000000 15.000000
3 2898083.000000 15.000000
5 2898663.000000 46.000000
4 2899126.000000 15.000000
5 2899788.000000 75.000000
4 2900296.000000 15.000000
5 2900770.000000 33.000000
6 2901327.000000 10.000000
0 2902694.000000 15.000000
3 2903274.000000 15.000000
4 2903808.000000 15.000000
0 2904336.000000 15.000000
1 2904816.000000 15.000000
1 2905376.000000 15.000000
0 2905905.000000 15.000000
5 2906391.000000 27.000000
1 2906874.000000 15.000000
1 2907488.000000 15.000000
6 2907926.000000 10.000000
1 2909325.000000 15.000000
5 2909764.000000 26.000000
0 2910361.000000 15.000000
0 2910818.000000 15.000000
1 2911314.000000 15.000000
3 2911853.000000 15.000000
0 2912319.000000 15.000000
1 2912875.000000 15.000000
4 2913413.000000 15.000000
3 2913963.000000 15.000000
6 2914604.000000 10.000000
1 2915878.000000 15.000000
2 2916477.000000 15.000000
5 2917027.000000 31.000000
3 2917547.000000 15.000000
3 2918126.000000 15.000000
4 2918670.000000 15.000000
1 2919300.000000 15.000000
4 2919891.000000 15.000000
3 2920487.000000 15.000000
1 2921024.000000 15.000000
6 2921624.000000 10.000000
4 2922969.000000 15.000000
1 2923476.000000 15.000000
3 2923927.000000 15.000000
3 2924549.000000 15.000000
3 2925038.000000 15.000000
5 2925680.000000 48.000000
1 2926198.000000 15.000000
2 2926732.000000 15.000000
0 2927249.000000 15.000000
4 2927812.000000 15.000000
6 2928432.000000 10.000000
0 2929819.000000 15.000000
4 2930396.000000 15.000000
3 2930941.000000 15.000000
0 2931485.000000 15.000000
4 2931944.000000 15.000000
1 2932559.000000 15.000000
3 2933020.000000 15.000000
1 2933562.000000 15.000000
2 2934055.000000 15.000000
4 2934582.000000 15.000000
6 2935243.000000 10.000000
0 2936552.000000 15.000000
5 2937131.000000 35.000000
3 2937687.000000 15.000000
1 2938151.000000 15.000000
3 2938729.000000 15.000000
0 2939352.000000 15.000000
1 2939876.000000 15.000000
0 2940363.000000 15.000000
3 2940910.000000 15.000000
1 2941460.000000 15.000000
6 2941951.000000 10.000000
5 2943233.000000 56.000000
1 2943769.000000 15.000000
2 2944385.000000 15.000000
0 2944888.000000 15.000000
0 2945483.000000 15.000000
4 2946040.000000 15.000000
2 2946542.000000 15.000000
5 2947130.000000 61.000000
3 2947700.000000 15.000000
3 2948322.000000 15.000000
6 2948956.000000 10.000000
5 2950337.000000 59.000000
2 2950849.000000 15.000000
3 2951297.000000 15.000000
1 2951794.000000 15.000000
5 2952338.000000 43.000000
0 2952930.000000 15.000000
5 2953376.000000 56.000000
4 2953949.000000 15.000000
2 2954556.000000 15.000000
2 2955153.000000 15.000000
6 2955722.000000 10.000000
0 2957023.000000 15.000000
0 2957651.000000 15.000000
4 2958264.000000 15.000000
1 2958762.000000 15.000000
1 2959312.000000 15.000000
5 2959923.000000 43.000000
0 2960398.000000 15.000000
0 2961010.000000 15.000000
1 2961562.000000 15.000000
1 2962046.000000 15.000000
6 2962546.000000 10.000000
1 2963953.000000 15.000000
2 2964433.000000 15.000000
5 2964928.000000 34.000000
2 2965467.000000 15.000000
2 2965940.000000 15.000000
3 2966476.000000 15.000000
0 2966978.000000 15.000000
3 2967422.000000 15.000000
2 2967987.000000 15.000000
5 2968571.000000 45.000000
6 2969166.000000 10.000000
4 2970506.000000 15.000000
1 2971027.000000 15.000000
1 2971526.000000 15.000000
5 2972053.000000 63.000000
2 2972548.000000 15.000000
5 2972997.000000 48.000000
2 2973478.000000 15.000000
4 2974077.000000 15.000000
0 2974692.000000 15.000000
1 2975298.000000 15.000000
6 2975758.000000 10.000000
5 2977132.000000 79.000000
2 2977653.000000 15.000000
5 2978197.000000 33.000000
4 2978768.000000 15.000000
2 2979435.000000 15.000000
4 2979914.000000 15.000000
4 2980498.000000 15.000000
2 2981125.000000 15.000000
3 2981691.000000 15.000000
3 2982151.000000 15.000000
6 2982671.000000 10.000000
2 2984059.000000 15.000000
5 2984486.000000 21.000000
2 2985026.000000 15.000000
4 2985590.000000 15.000000
3 2986212.000000 15.000000
3 2986844.000000 15.000000
5 2987385.000000 51.000000
1 2987926.000000 15.000000
2 2988504.000000 15.000000
1 2988955.000000 15.000000
6 2989567.000000 10.000000
0 2990921.000000 15.000000
0 2991528.000000 15.000000
2 2992139.000000 15.000000
3 2992679.000000 15.000000
0 2993164.000000 15.000000
0 2993729.000000 15.000000
2 2994323.000000 15.000000
1 2994779.000000 15.000000
2 2995219.000000 15.000000
2 2995683.000000 15.000000
6 2996166.000000 10.000000
1 2997570.000000 15.000000
5 2998075.000000 74.000000
1 2998616.000000 15.000000
3 2999147.000000 15.000000
4 2999684.000000 15.000000
5 3000198.000000 62.000000
2 3000670.000000 15.000000
3 3001211.000000 15.000000
5 3001801.000000 72.000000
5 3002398.000000 60.000000
6 3002898.000000 10.000000
5 3004302.000000 71.000000
4 3004920.000000 15.000000
4 3005556.000000 15.000000
0 3006182.000000 15.000000
2 3006785.000000 15.000000
2 3007243.000000 15.000000
3 3007854.000000 15.000000
2 3008496.000000 15.000000
3 3009092.000000 15.000000
4 3009671.000000 15.000000
6 3010303.000000 10.000000
3 3011586.000000 15.000000
2 3012204.000000 15.000000
0 3012681.000000 15.000000
3 3013259.000000 15.000000
1 3013841.000000 15.000000
1 3014446.000000 15.000000
3 3014965.000000 15.000000
4 3015545.000000 15.000000
4 3016090.000000 15.000000
5 3016610.000000 67.000000
6 3017128.000000 10.000000
0 3018469.000000 15.000000
3 3018946.000000 15.000000
3 3019420.000000 15.000000
2 3019980.000000 15.000000
1 3020526.000000 15.000000
2 3021127.000000 15.000000
4 3021570.000000 15.000000
1 3022221.000000 15.000000
5 3022806.000000 41.000000
2 3023254.000000 15.000000
6 3023809.000000 10.000000
2 3025038.000000 15.000000
0 3025501.000000 15.000000
3 3025934.000000 15.000000
1 3026448.000000 15.000000
2 3026944.000000 15.000000
1 3027398.000000 15.000000
4 3027842.000000 15.000000
5 3028450.000000 26.000000
5 3029017.000000 56.000000
3 3029521.000000 15.000000
6 3029972.000000 10.000000
3 3031248.000000 15.000000
4 3031832.000000 15.000000
4 3032331.000000 15.000000
3 3032834.000000 15.000000
0 3033431.000000 15.000000
4 3033895.000000 15.000000
1 3034556.000000 15.000000
3 3035041.000000 15.000000
1 3035546.000000 15.000000
5 3036062.000000 52.000000
6 3036630.000000 10.000000
5 3037953.000000 41.000000
3 3038475.000000 15.000000
0 3038987.000000 15.000000
5 3039494.000000 64.000000
2 3040013.000000 15.000000
0 3040516.000000 15.000000
3 3040962.000000 15.000000
4 3041420.000000 15.000000
3 3041909.000000 15.000000
5 3042362.000000 52.000000
6 3042959.000000 10.000000
0 3044320.000000 15.000000
0 3044925.000000 15.000000
4 3045402.000000 15.000000
1 3046002.000000 15.000000
5 3046468.000000 21.000000
2 3046932.000000 15.000000
3 3047483.000000 15.000000
2 3048022.000000 15.000000
5 3048443.000000 30.000000
2 3048918.000000 15.000000
6 3049496.000000 10.000000
0 3050851.000000 15.000000
4 3051423.000000 15.000000
4 3051920.000000 15.000000
0 3052543.000000 15.000000
1 3053168.000000 15.000000
1 3053607.000000 15.000000
0 3054088.000000 15.000000
5 3054523.000000 48.000000
2 3055058.000000 15.000000
0 3055474.000000 15.000000
6 3056031.000000 10.000000
2 3057361.000000 15.000000
1 3057811.000000 15.000000
3 3058260.000000 15.000000
0 3058847.000000 15.000000
3 3059431.000000 15.000000
4 3059983.000000 15.000000
1 3060459.000000 15.000000
3 3061008.000000 15.000000
3 3061490.000000 15.000000
4 3061972.000000 15.000000
6 3062571.000000 10.000000
1 3063910.000000 15.000000
4 3064525.000000 15.000000
4 3065007.000000 15.000000
1 3065567.000000 15.000000
5 3066149.000000 37.000000
2 3066767.000000 15.000000
0 3067235.000000 15.000000
0 3067753.000000 15.000000
5 3068302.000000 76.000000
1 3068930.000000 15.000000
6 3069459.000000 10.000000
1 3070826.000000 15.000000
1 3071362.000000 15.000000
3 3071880.000000 15.000000
3 3072361.000000 15.000000
1 3072909.000000 15.000000
1 3073518.000000 15.000000
0 3074135.000000 15.000000
2 3074618.000000 15.000000
4 3075206.000000 15.000000
1 3075779.000000 15.000000
6 3076334.000000 10.000000
1 3077624.000000 15.000000
4 3078144.000000 15.000000
1 3078727.000000 15.000000
0 3079255.000000 15.000000
1 3079757.000000 15.000000
0 3080315.000000 15.000000
0 3080753.000000 15.000000
0 3081322.000000 15.000000
5 3081759.000000 62.000000
2 3082207.000000 15.000000
6 3082767.000000 10.000000
2 3084090.000000 15.000000
4 3084661.000000 15.000000
0 3085307.000000 15.000000
5 3085838.000000 35.000000
3 3086325.000000 15.000000
5 3086902.000000 64.000000
5 3087348.000000 35.000000
4 3087879.000000 15.000000
3 3088418.000000 15.000000
2 3088930.000000 15.000000
6 3089401.000000 10.000000
5 3090751.000000 68.000000
0 3091287.000000 15.000000
4 3091725.000000 15.000000
5 3092211.000000 25.000000
3 3092682.000000 15.000000
0 3093180.000000 15.000000
3 3093645.000000 15.000000
5 3094226.000000 71.000000
5 3094844.000000 36.000000
1 3095391.000000 15.000000
6 3095932.000000 10.000000
2 3097281.000000 15.000000
1 3097759.000000 15.000000
5 3098373.000000 51.000000
0 3099007.000000 15.000000
2 3099501.000000 15.000000
4 3099925.000000 15.000000
5 3100467.000000 69.000000
0 3100979.000000 15.000000
0 3101514.000000 15.000000
0 3101950.000000 15.000000
6 3102481.000000 10.000000
4 3103880.000000 15.000000
4 3104523.000000 15.000000
0 3105006.000000 15.000000
0 3105492.000000 15.000000
4 3106120.000000 15.000000
1 3106692.000000 15.000000
5 3107280.000000 58.000000
3 3107878.000000 15.000000
5 3108457.000000 73.000000
4 3108995.000000 15.000000
6 3109471.000000 10.000000
2 3110772.000000 15.000000
5 3111236.000000 76.000000
2 3111809.000000 15.000000
3 3112347.000000 15.000000
1 3112823.000000 15.000000
4 3113264.000000 15.000000
5 3113817.000000 60.000000
3 3114264.000000 15.000000
0 3114894.000000 15.000000
2 3115444.000000 15.000000
6 3116000.000000 10.000000
3 3117262.000000 15.000000
3 3117854.000000 15.000000
1 3118358.000000 15.000000
3 3118955.000000 15.000000
2 3119465.000000 15.000000
0 3120077.000000 15.000000
0 3120550.000000 15.000000
4 3121079.000000 15.000000
4 3121576.000000 15.000000
4 3122184.000000 15.000000
6 3122809.000000 10.000000
5 3124198.000000 24.000000
0 3124667.000000 15.000000
3 3125122.000000 15.000000
1 3125587.000000 15.000000
5 3126045.000000 69.000000
5 3126638.000000 71.000000
3 3127133.000000 15.000000
5 3127729.000000 72.000000
0 3128359.000000 15.000000
3 3128856.000000 15.000000
6 3129411.000000 10.000000
2 3130764.000000 15.000000
5 3131205.000000 22.000000
4 3131698.000000 15.000000
3 3132197.000000 15.000000
5 3132690.000000 36.000000
3 3133200.000000 15.000000
3 3133846.000000 15.000000
0 3134435.000000 15.000000
4 3135005.000000 15.000000
3 3135569.000000 15.000000
6 3136091.000000 10.000000
0 3137397.000000 15.000000
4 3137932.000000 15.000000
4 3138552.000000 15.000000
3 3139109.000000 15.000000
2 3139606.000000 15.000000
0 3140122.000000 15.000000
4 3140743.000000 15.000000
3 3141221.000000 15.000000
5 3141729.000000 22.000000
3 3142240.000000 15.000000
6 3142690.000000 10.000000
5 3143921.000000 40.000000
3 3144389.000000 15.000000
2 3144904.000000 15.000000
0 3145367.000000 15.000000
0 3145913.000000 15.000000
1 3146360.000000 15.000000
1 3146840.000000 15.000000
5 3147415.000000 84.000000
3 3147958.000000 15.000000
2 3148492.000000 15.000000
6 3148951.000000 10.000000
5 3150276.000000 51.000000
5 3150788.000000 50.000000
2 3151426.000000 15.000000
1 3151958.000000 15.000000
3 3152447.000000 15.000000
4 3152933.000000 15.000000
2 3153586.000000 15.000000
5 3154159.000000 75.000000
0 3154705.000000 15.000000
5 3155144.000000 60.000000
6 3155608.000000 10.000000
3 3156934.000000 15.000000
5 3157474.000000 34.000000
0 3158049.000000 15.000000
3 3158542.000000 15.000000
0 3159102.000000 15.000000
5 3159584.000000 48.000000
3 3160030.000000 15.000000
2 3160634.000000 15.000000
1 3161075.000000 15.000000
2 3161517.000000 15.000000
6 3162042.000000 10.000000
0 3163337.000000 15.000000
5 3163897.000000 43.000000
2 3164437.000000 15.000000
4 3165021.000000 15.000000
3 3165541.000000 15.000000
1 3166102.000000 15.000000
4 3166614.000000 15.000000
1 3167154.000000 15.000000
2 3167761.000000 15.000000
5 3168321.000000 61.000000
6 3168836.000000 10.000000
2 3170124.000000 15.000000
5 3170556.000000 53.000000
2 3171102.000000 15.000000
0 3171543.000000 15.000000
1 3172158.000000 15.000000
0 3172673.000000 15.000000
5 3173260.000000 68.000000
2 3173841.000000 15.000000
5 3174272.000000 30.000000
3 3174785.000000 15.000000
6 3175246.000000 10.000000
3 3176549.000000 15.000000
5 3177053.000000 52.000000
0 3177566.000000 15.000000
3 3178003.000000 15.000000
4 3178482.000000 15.000000
1 3179067.000000 15.000000
0 3179507.000000 15.000000
3 3180098.000000 15.000000
4 3180572.000000 15.000000
0 3181171.000000 15.000000
6 3181758.000000 10.000000
1 3182971.000000 15.000000
5 3183566.000000 70.000000
4 3184053.000000 15.000000
4 3184703.000000 15.000000
3 3185335.000000 15.000000
0 3185884.000000 15.000000
4 3186445.000000 15.000000
4 3186991.000000 15.000000
1 3187488.000000 15.000000
0 3187927.000000 15.000000
6 3188382.000000 10.000000
3 3189618.000000 15.000000
3 3190078.000000 15.000000
4 3190698.000000 15.000000
0 3191227.000000 15.000000
0 3191808.000000 15.000000
1 3192379.000000 15.000000
5 3192814.000000 70.000000
4 3193438.000000 15.000000
5 3194066.000000 83.000000
2 3194629.000000 15.000000
6 3195120.000000 10.000000
2 3196461.000000 15.000000
4 3196962.000000 15.000000
4 3197470.000000 15.000000
0 3198033.000000 15.000000
0 3198591.000000 15.000000
0 3199150.000000 15.000000
3 3199753.000000 15.000000
1 3200350.000000 15.000000
0 3200961.000000 15.000000
3 3201491.000000 15.000000
6 3201947.000000 10.000000
5 3203328.000000 51.000000
1 3203946.000000 15.000000
2 3204511.000000 15.000000
5 3205036.000000 63.000000
4 3205656.000000 15.000000
3 3206318.000000 15.000000
1 3206930.000000 15.000000
3 3207442.000000 15.000000
1 3208022.000000 15.000000
1 3208642.000000 15.000000
6 3209222.000000 10.000000
5 3210475.000000 61.000000
3 3210945.000000 15.000000
1 3211428.000000 15.000000
2 3211914.000000 15.000000
3 3212393.000000 15.000000
4 3212883.000000 15.000000
4 3213372.000000 15.000000
5 3213853.000000 34.000000
1 3214372.000000 15.000000
2 3214937.000000 15.000000
6 3215381.000000 10.000000
4 3216667.000000 15.000000
2 3217293.000000 15.000000
2 3217883.000000 15.000000
4 3218359.000000 15.000000
2 3218856.000000 15.000000
4 3219427.000000 15.000000
2 3219964.000000 15.000000
5 3220497.000000 41.000000
5 3221018.000000 58.000000
4 3221480.000000 15.000000
6 3221966.000000 10.000000
2 3223277.000000 15.000000
2 3223782.000000 15.000000
5 3224211.000000 77.000000
4 3224667.000000 15.000000
5 3225329.000000 74.000000
0 3225895.000000 15.000000
4 3226416.000000 15.000000
4 3226992.000000 15.000000
2 3227527.000000 15.000000
3 3228029.000000 15.000000
6 3228581.000000 10.000000
2 3229990.000000 15.000000
0 3230489.000000 15.000000
3 3231097.000000 15.000000
1 3231583.000000 15.000000
5 3232158.000000 56.000000
3 3232764.000000 15.000000
3 3233225.000000 15.000000
2 3233866.000000 15.000000
2 3234355.000000 15.000000
5 3234903.000000 23.000000
6 3235470.000000 10.000000
4 3236714.000000 15.000000
1 3237382.000000 15.000000
0 3237934.000000 15.000000
4 3238505.000000 15.000000
1 3239124.000000 15.000000
0 3239723.000000 15.000000
1 3240226.000000 15.000000
3 3240717.000000 15.000000
3 3241263.000000 15.000000
0 3241879.000000 15.000000
6 3242482.000000 10.000000
0 3243887.000000 15.000000
2 3244511.000000 15.000000
3 3245077.000000 15.000000
3 3245527.000000 15.000000
5 3246161.000000 83.000000
4 3246683.000000 15.000000
5 3247263.000000 48.000000
3 3247746.000000 15.000000
5 3248329.000000 74.000000
1 3248964.000000 15.000000
6 3249397.000000 10.000000
5 3250713.000000 81.000000
1 3251326.000000 15.000000
4 3251785.000000 15.000000
0 3252448.000000 15.000000
5 3252930.000000 40.000000
0 3253537.000000 15.000000
3 3254005.000000 15.000000
0 3254611.000000 15.000000
3 3255110.000000 15.000000
5 3255695.000000 81.000000
6 3256306.000000 10.000000
4 3257616.000000 15.000000
0 3258192.000000 15.000000
1 3258678.000000 15.000000
2 3259173.000000 15.000000
3 3259590.000000 15.000000
4 3260046.000000 15.000000
4 3260618.000000 15.000000
1 3261231.000000 15.000000
2 3261786.000000 15.000000
1 3262285.000000 15.000000
6 3262728.000000 10.000000
4 3264096.000000 15.000000
3 3264685.000000 15.000000
0 3265328.000000 15.000000
3 3265822.000000 15.000000
4 3266464.000000 15.000000
5 3267033.000000 81.000000
5 3267533.000000 37.000000
1 3268143.000000 15.000000
2 3268680.000000 15.000000
4 3269169.000000 15.000000
6 3269751.000000 10.000000
0 3271063.000000 15.000000
3 3271589.000000 15.000000
0 3272123.000000 15.000000
1 3272567.000000 15.000000
1 3273014.000000 15.000000
1 3273607.000000 15.000000
4 3274065.000000 15.000000
2 3274635.000000 15.000000
4 3275202.000000 15.000000
1 3275858.000000 15.000000
6 3276320.000000 10.000000
4 3277557.000000 15.000000
2 3278046.000000 15.000000
5 3278483.000000 37.000000
3 3279090.000000 15.000000
1 3279580.000000 15.000000
5 3280068.000000 76.000000
5 3280581.000000 47.000000
1 3281115.000000 15.000000
0 3281591.000000 15.000000
1 3282132.000000 15.000000
6 3282589.000000 10.000000
3 3283965.000000 15.000000
2 3284491.000000 15.000000
4 3285004.000000 15.000000
0 3285669.000000 15.000000
0 3286228.000000 15.000000
4 3286777.000000 15.000000
5 3287268.000000 68.000000
4 3287855.000000 15.000000
3 3288385.000000 15.000000
3 3288878.000000 15.000000
6 3289328.000000 10.000000
2 3290561.000000 15.000000
2 3291023.000000 15.000000
5 3291496.000000 28.000000
1 3292099.000000 15.000000
5 3292623.000000 51.000000
4 3293088.000000 15.000000
4 3293666.000000 15.000000
3 3294244.000000 15.000000
0 3294794.000000 15.000000
4 3295258.000000 15.000000
6 3295886.000000 10.000000
0 3297217.000000 15.000000
0 3297733.000000 15.000000
1 3298340.000000 15.000000
4 3298938.000000 15.000000
1 3299526.000000 15.000000
0 3300131.000000 15.000000
5 3300605.000000 39.000000
5 3301177.000000 34.000000
0 3301745.000000 15.000000
2 3302341.000000 15.000000
6 3302872.000000 10.000000
2 3304095.000000 15.000000
1 3304610.000000 15.000000
1 3305069.000000 15.000000
3 3305669.000000 15.000000
1 3306164.000000 15.000000
2 3306622.000000 15.000000
1 3307120.000000 15.000000
5 3307617.000000 73.000000
4 3308170.000000 15.000000
0 3308677.000000 15.000000
6 3309300.000000 10.000000
2 3310668.000000 15.000000
0 3311272.000000 15.000000
1 3311811.000000 15.000000
2 3312327.000000 15.000000
1 3312916.000000 15.000000
3 3313528.000000 15.000000
0 3314136.000000 15.000000
3 3314748.000000 15.000000
4 3315245.000000 15.000000
4 3315883.000000 15.000000
6 3316552.000000 10.000000
3 3317920.000000 15.000000
5 3318396.000000 23.000000
4 3318858.000000 15.000000
4 3319528.000000 15.000000
5 3320033.000000 75.000000
1 3320563.000000 15.000000
5 3320992.000000 62.000000
5 3321515.000000 71.000000
0 3321997.000000 15.000000
2 3322565.000000 15.000000
6 3323048.000000 10.000000
0 3324329.000000 15.000000
0 3324950.000000 15.000000
0 3325553.000000 15.000000
2 3326155.000000 15.000000
1 3326711.000000 15.000000
1 3327286.000000 15.000000
4 3327755.000000 15.000000
5 3328269.000000 54.000000
2 3328896.000000 15.000000
0 3329372.000000 15.000000
6 3329872.000000 10.000000
5 3331201.000000 55.000000
3 3331718.000000 15.000000
0 3332180.000000 15.000000
3 3332630.000000 15.000000
5 3333081.000000 81.000000
3 3333651.000000 15.000000
5 3334292.000000 30.000000
2 3334809.000000 15.000000
2 3335324.000000 15.000000
3 3335931.000000 15.000000
6 3336484.000000 10.000000
3 3337760.000000 15.000000
5 3338362.000000 74.000000
5 3338880.000000 69.000000
2 3339358.000000 15.000000
5 3339861.000000 62.000000
0 3340349.000000 15.000000
1 3340860.000000 15.000000
0 3341339.000000 15.000000
0 3341948.000000 15.000000
1 3342576.000000 15.000000
6 3343131.000000 10.000000
0 3344443.000000 15.000000
2 3344929.000000 15.000000
5 3345374.000000 44.000000
4 3345956.000000 15.000000
2 3346513.000000 15.000000
1 3347040.000000 15.000000
3 3347604.000000 15.000000
2 3348203.000000 15.000000
2 3348816.000000 15.000000
3 3349269.000000 15.000000
6 3349820.000000 10.000000
3 3351098.000000 15.000000
4 3351723.000000 15.000000
5 3352331.000000 67.000000
0 3352814.000000 15.000000
2 3353315.000000 15.000000
0 3353766.000000 15.000000
5 3354377.000000 41.000000
5 3354986.000000 63.000000
4 3355585.000000 15.000000
3 3356085.000000 15.000000
6 3356602.000000 10.000000
0 3357824.000000 15.000000
3 3358267.000000 15.000000
4 3358801.000000 15.000000
5 3359454.000000 43.000000
5 3359927.000000 67.000000
1 3360384.000000 15.000000
0 3360813.000000 15.000000
4 3361291.000000 15.000000
0 3361905.000000 15.000000
4 3362509.000000 15.000000
6 3363044.000000 10.000000
4 3364378.000000 15.000000
4 3364915.000000 15.000000
0 3365450.000000 15.000000
4 3365958.000000 15.000000
5 3366436.000000 48.000000
4 3366962.000000 15.000000
3 3367578.000000 15.000000
4 3368153.000000 15.000000
4 3368801.000000 15.000000
5 3369276.000000 79.000000
6 3369767.000000 10.000000
3 3371098.000000 15.000000
4 3371744.000000 15.000000
1 3372335.000000 15.000000
1 3372935.000000 15.000000
4 3373509.000000 15.000000
4 3374151.000000 15.000000
4 3374641.000000 15.000000
1 3375185.000000 15.000000
3 3375668.000000 15.000000
1 3376250.000000 15.000000
6 3376833.000000 10.000000
5 3378056.000000 48.000000
4 3378662.000000 15.000000
4 3379214.000000 15.000000
1 3379692.000000 15.000000
2 3380200.000000 15.000000
4 3380753.000000 15.000000
4 3381277.000000 15.000000
1 3381935.000000 15.000000
1 3382359.000000 15.000000
0 3382976.000000 15.000000
6 3383599.000000 10.000000
4 3384895.000000 15.000000
4 3385436.000000 15.000000
3 3386003.000000 15.000000
4 3386647.000000 15.000000
0 3387223.000000 15.000000
1 3387807.000000 15.000000
3 3388410.000000 15.000000
2 3388927.000000 15.000000
2 3389375.000000 15.000000
1 3389886.000000 15.000000
6 3390399.000000 10.000000
3 3391755.000000 15.000000
5 3392219.000000 52.000000
4 3392843.000000 15.000000
1 3393323.000000 15.000000
1 3393777.000000 15.000000
2 3394378.000000 15.000000
5 3394889.000000 25.000000
2 3395392.000000 15.000000
5 3396006.000000 22.000000
2 3396613.000000 15.000000
6 3397126.000000 10.000000
0 3398348.000000 15.000000
5 3398897.000000 44.000000
1 3399438.000000 15.000000
3 3399939.000000 15.000000
5 3400549.000000 82.000000
3 3401072.000000 15.000000
4 3401646.000000 15.000000
2 3402287.000000 15.000000
0 3402745.000000 15.000000
5 3403201.000000 81.000000
6 3403649.000000 10.000000
4 3405048.000000 15.000000
5 3405549.000000 25.000000
1 3406060.000000 15.000000
0 3406601.000000 15.000000
1 3407088.000000 15.000000
3 3407583.000000 15.000000
3 3408227.000000 15.000000
1 3408839.000000 15.000000
5 3409390.000000 31.000000
4 3409982.000000 15.000000
6 3410544.000000 10.000000
3 3411863.000000 15.000000
2 3412425.000000 15.000000
2 3412934.000000 15.000000
2 3413431.000000 15.000000
4 3413905.000000 15.000000
5 3414457.000000 51.000000
3 3414963.000000 15.000000
2 3415454.000000 15.000000
0 3415986.000000 15.000000
0 3416463.000000 15.000000
6 3417022.000000 10.000000
0 3418352.000000 15.000000
3 3418828.000000 15.000000
1 3419403.000000 15.000000
3 3419957.000000 15.000000
4 3420418.000000 15.000000
4 3420891.000000 15.000000
3 3421525.000000 15.000000
0 3422027.000000 15.000000
0 3422643.000000 15.000000
4 3423107.000000 15.000000
6 3423710.000000 10.000000
0 3425054.000000 15.000000
3 3425594.000000 15.000000
2 3426172.000000 15.000000
2 3426610.000000 15.000000
1 3427133.000000 15.000000
0 3427680.000000 15.000000
4 3428294.000000 15.000000
4 3428875.000000 15.000000
5 3429421.000000 32.000000
2 3429909.000000 15.000000
6 3430372.000000 10.000000
3 3431609.000000 15.000000
3 3432244.000000 15.000000
5 3432721.000000 27.000000
1 3433272.000000 15.000000
0 3433727.000000 15.000000
0 3434261.000000 15.000000
3 3434731.000000 15.000000
2 3435188.000000 15.000000
2 3435603.000000 15.000000
0 3436070.000000 15.000000
6 3436571.000000 10.000000
2 3437960.000000 15.000000
0 3438569.000000 15.000000
0 3439199.000000 15.000000
0 3439661.000000 15.000000
3 3440243.000000 15.000000
2 3440802.000000 15.000000
1 3441268.000000 15.000000
2 3441824.000000 15.000000
3 3442391.000000 15.000000
0 3442856.000000 15.000000
6 3443291.000000 10.000000
2 3444564.000000 15.000000
2 3444981.000000 15.000000
0 3445424.000000 15.000000
5 3445883.000000 36.000000
0 3446349.000000 15.000000
0 3446823.000000 15.000000
1 3447445.000000 15.000000
5 3447990.000000 56.000000
1 3448607.000000 15.000000
3 3449079.000000 15.000000
6 3449594.000000 10.000000
0 3450977.000000 15.000000
1 3451532.000000 15.000000
4 3451977.000000 15.000000
1 3452548.000000 15.000000
5 3453030.000000 50.000000
3 3453544.000000 15.000000
0 3454001.000000 15.000000
1 3454603.000000 15.000000
5 3455181.000000 43.000000
4 3455633.000000 15.000000
6 3456115.000000 10.000000
0 3457515.000000 15.000000
0 3458101.000000 15.000000
3 3458562.000000 15.000000
4 3459093.000000 15.000000
5 3459694.000000 42.000000
1 3460286.000000 15.000000
1 3460831.000000 15.000000
2 3461284.000000 15.000000
0 3461707.000000 15.000000
1 3462215.000000 15.000000
6 3462751.000000 10.000000
4 3464087.000000 15.000000
0 3464692.000000 15.000000
4 3465273.000000 15.000000
2 3465851.000000 15.000000
4 3466269.000000 15.000000
4 3466919.000000 15.000000
2 3467566.000000 15.000000
0 3468024.000000 15.000000
2 3468495.000000 15.000000
3 3468989.000000 15.000000
6 3469583.000000 10.000000
0 3470991.000000 15.000000
2 3471514.000000 15.000000
4 3472061.000000 15.000000
1 3472549.000000 15.000000
1 3473143.000000 15.000000
5 3473685.000000 48.000000
5 3474129.000000 31.000000
0 3474696.000000 15.000000
1 3475263.000000 15.000000
3 3475780.000000 15.000000
6 3476366.000000 10.000000
0 3477599.000000 15.000000
4 3478118.000000 15.000000
2 3478697.000000 15.000000
5 3479310.000000 29.000000
5 3479803.000000 78.000000
4 3480377.000000 15.000000
0 3480923.000000 15.000000
4 3481544.000000 15.000000
4 3482172.000000 15.000000
4 3482835.000000 15.000000
6 3483383.000000 10.000000
0 3484687.000000 15.000000
4 3485315.000000 15.000000
5 3485976.000000 69.000000
0 3486513.000000 15.000000
3 3486965.000000 15.000000
3 3487584.000000 15.000000
1 3488227.000000 15.000000
5 3488671.000000 59.000000
1 3489270.000000 15.000000
3 3489852.000000 15.000000
6 3490361.000000 10.000000
0 3491624.000000 15.000000
4 3492063.000000 15.000000
2 3492541.000000 15.000000
0 3493084.000000 15.000000
0 3493638.000000 15.000000
3 3494081.000000 15.000000
0 3494703.000000 15.000000
0 3495322.000000 15.000000
0 3495885.000000 15.000000
4 3496483.000000 15.000000
6 3497086.000000 10.000000
0 3498458.000000 15.000000
2 3498895.000000 15.000000
0 3499338.000000 15.000000
4 3499967.000000 15.000000
2 3500465.000000 15.000000
0 3500882.000000 15.000000
3 3501469.000000 15.000000
5 3501930.000000 71.000000
1 3502463.000000 15.000000
1 3502970.000000 15.000000
6 3503426.000000 10.000000
1 3504769.000000 15.000000
3 3505274.000000 15.000000
2 3505751.000000 15.000000
5 3506359.000000 61.000000
5 3506957.000000 77.000000
5 3507488.000000 57.000000
3 3508076.000000 15.000000
1 3508642.000000 15.000000
5 3509101.000000 41.000000
3 3509739.000000 15.000000
6 3510296.000000 10.000000
0 3511690.000000 15.000000
3 3512250.000000 15.000000
2 3512772.000000 15.000000
5 3513336.000000 68.000000
0 3513941.000000 15.000000
0 3514568.000000 15.000000
3 3515154.000000 15.000000
3 3515782.000000 15.000000
2 3516418.000000 15.000000
3 3516910.000000 15.000000
6 3517392.000000 10.000000
0 3518723.000000 15.000000
0 3519343.000000 15.000000
0 3519914.000000 15.000000
3 3520358.000000 15.000000
0 3520910.000000 15.000000
3 3521488.000000 15.000000
4 3522054.000000 15.000000
1 3522642.000000 15.000000
0 3523175.000000 15.000000
3 3523659.000000 15.000000
6 3524298.000000 10.000000
3 3525627.000000 15.000000
4 3526118.000000 15.000000
2 3526692.000000 15.000000
0 3527124.000000 15.000000
4 3527573.000000 15.000000
5 3528106.000000 73.000000
3 3528695.000000 15.000000
3 3529289.000000 15.000000
3 3529850.000000 15.000000
0 3530374.000000 15.000000
6 3530939.000000 10.000000
4 3532289.000000 15.000000
3 3532856.000000 15.000000
2 3533504.000000 15.000000
5 3534020.000000 35.000000
1 3534504.000000 15.000000
1 3535101.000000 15.000000
5 3535578.000000 25.000000
5 3536158.000000 63.000000
1 3536693.000000 15.000000
3 3537228.000000 15.000000
6 3537729.000000 10.000000
3 3539068.000000 15.000000
0 3539676.000000 15.000000
1 3540211.000000 15.000000
5 3540760.000000 40.000000
0 3541311.000000 15.000000
4 3541880.000000 15.000000
5 3542375.000000 38.000000
0 3543010.000000 15.000000
4 3543524.000000 15.000000
5 3544003.000000 33.000000
6 3544630.000000 10.000000
1 3546039.000000 15.000000
3 3546519.000000 15.000000
5 3547010.000000 57.000000
1 3547600.000000 15.000000
5 3548186.000000 66.000000
2 3548647.000000 15.000000
5 3549260.000000 31.000000
0 3549877.000000 15.000000
3 3550466.000000 15.000000
5 3551064.000000 28.000000
6 3551584.000000 10.000000
1 3552823.000000 15.000000
2 3553316.000000 15.000000
4 3553828.000000 15.000000
3 3554307.000000 15.000000
5 3554757.000000 38.000000
1 3555224.000000 15.000000
3 3555681.000000 15.000000
1 3556253.000000 15.000000
1 3556786.000000 15.000000
5 3557378.000000 76.000000
6 3557889.000000 10.000000
3 3559212.000000 15.000000
4 3559801.000000 15.000000
0 3560384.000000 15.000000
3 3560855.000000 15.000000
5 3561490.000000 78.000000
1 3561975.000000 15.000000
0 3562422.000000 15.000000
1 3562869.000000 15.000000
3 3563479.000000 15.000000
4 3563942.000000 15.000000
6 3564489.000000 10.000000
5 3565864.000000 58.000000
4 3566452.000000 15.000000
1 3567021.000000 15.000000
1 3567608.000000 15.000000
3 3568092.000000 15.000000
0 3568675.000000 15.000000
4 3569165.000000 15.000000
5 3569665.000000 72.000000
1 3570280.000000 15.000000
2 3570743.000000 15.000000
6 3571267.000000 10.000000
3 3572617.000000 15.000000
4 3573066.000000 15.000000
0 3573686.000000 15.000000
2 3574257.000000 15.000000
0 3574804.000000 15.000000
1 3575367.000000 15.000000
4 3575939.000000 15.000000
0 3576424.000000 15.000000
2 3576857.000000 15.000000
3 3577376.000000 15.000000
6 3577907.000000 10.000000
2 3579252.000000 15.000000
4 3579756.000000 15.000000
4 3580406.000000 15.000000
2 3580992.000000 15.000000
5 3581567.000000 38.000000
2 3582189.000000 15.000000
5 3582635.000000 71.000000
1 3583080.000000 15.000000
2 3583603.000000 15.000000
4 3584083.000000 15.000000
6 3584707.000000 10.000000
3 3586020.000000 15.000000
2 3586663.000000 15.000000
0 3587205.000000 15.000000
3 3587763.000000 15.000000
0 3588287.000000 15.000000
5 3588845.000000 38.000000
0 3589426.000000 15.000000
5 3589873.000000 54.000000
3 3590455.000000 15.000000
0 3591097.000000 15.000000
6 3591661.000000 10.000000
5 3593067.000000 53.000000
1 3593594.000000 15.000000
0 3594184.000000 15.000000
5 3594636.000000 23.000000
4 3595195.000000 15.000000
2 3595814.000000 15.000000
0 3596253.000000 15.000000
2 3596726.000000 15.000000
1 3597295.000000 15.000000
4 3597773.000000 15.000000
6 3598363.000000 10.000000
3 3599612.000000 15.000000
3 3600129.000000 15.000000
0 3600690.000000 15.000000
1 3601124.000000 15.000000
0 3601613.000000 15.000000
0 3602136.000000 15.000000
0 3602602.000000 15.000000
2 3603064.000000 15.000000
4 3603665.000000 15.000000
2 3604162.000000 15.000000
6 3604721.000000 10.000000
2 3606096.000000 15.000000
2 3606642.000000 15.000000
5 3607209.000000 42.000000
0 3607741.000000 15.000000
1 3608368.000000 15.000000
1 3608900.000000 15.000000
4 3609418.000000 15.000000
3 3610052.000000 15.000000
2 3610644.000000 15.000000
1 3611088.000000 15.000000
6 3611659.000000 10.000000
5 3613062.000000 22.000000
3 3613660.000000 15.000000
2 3614245.000000 15.000000
5 3614804.000000 45.000000
4 3615353.000000 15.000000
5 3615830.000000 44.000000
3 3616328.000000 15.000000
0 3616954.000000 15.000000
5 3617396.000000 22.000000
0 3618017.000000 15.000000
6 3618462.000000 10.000000
4 3619761.000000 15.000000
4 3620235.000000 15.000000
1 3620732.000000 15.000000
1 3621302.000000 15.000000
1 3621736.000000 15.000000
5 3622199.000000 68.000000
0 3622664.000000 15.000000
3 3623292.000000 15.000000
3 3623831.000000 15.000000
1 3624405.000000 15.000000
6 3624940.000000 10.000000
1 3626322.000000 15.000000
1 3626901.000000 15.000000
4 3627424.000000 15.000000
1 3627902.000000 15.000000
5 3628332.000000 82.000000
4 3628834.000000 15.000000
4 3629321.000000 15.000000
3 3629948.000000 15.000000
1 3630463.000000 15.000000
1 3630921.000000 15.000000
6 3631402.000000 10.000000
1 3632660.000000 15.000000
3 3633209.000000 15.000000
3 3633783.000000 15.000000
3 3634406.000000 15.000000
0 3634891.000000 15.000000
2 3635396.000000 15.000000
3 3635966.000000 15.000000
5 3636528.000000 53.000000
1 3637095.000000 15.000000
2 3637610.000000 15.000000
6 3638059.000000 10.000000
1 3639413.000000 15.000000
4 3639925.000000 15.000000
5 3640446.000000 67.000000
1 3640975.000000 15.000000
4 3641495.000000 15.000000
5 3642117.000000 26.000000
0 3642661.000000 15.000000
0 3643283.000000 15.000000
1 3643725.000000 15.000000
0 3644188.000000 15.000000
6 3644669.000000 10.000000
2 3645984.000000 15.000000
5 3646519.000000 31.000000
0 3647078.000000 15.000000
3 3647665.000000 15.000000
0 3648265.000000 15.000000
4 3648809.000000 15.000000
5 3649445.000000 27.000000
3 3649908.000000 15.000000
3 3650454.000000 15.000000
1 3651039.000000 15.000000
6 3651599.000000 10.000000
1 3652882.000000 15.000000
2 3653326.000000 15.000000
1 3653872.000000 15.000000
0 3654304.000000 15.000000
1 3654749.000000 15.000000
0 3655188.000000 15.000000
1 3655754.000000 15.000000
3 3656249.000000 15.000000
0 3656732.000000 15.000000
0 3657310.000000 15.000000
6 3657896.000000 10.000000
1 3659192.000000 15.000000
3 3659800.000000 15.000000
2 3660267.000000 15.000000
2 3660864.000000 15.000000
3 3661359.000000 15.000000
3 3661853.000000 15.000000
4 3662362.000000 15.000000
1 3663001.000000 15.000000
3 3663489.000000 15.000000
0 3664079.000000 15.000000
6 3664566.000000 10.000000
5 3665835.000000 45.000000
4 3666388.000000 15.000000
2 3667045.000000 15.000000
2 3667586.000000 15.000000
5 3668106.000000 70.000000
1 3668628.000000 15.000000
2 3669192.000000 15.000000
5 3669616.000000 64.000000
5 3670121.000000 31.000000
0 3670583.000000 15.000000
6 3671128.000000 10.000000
1 3672484.000000 15.000000
0 3673072.000000 15.000000
3 3673505.000000 15.000000
2 3673991.000000 15.000000
1 3674566.000000 15.000000
3 3675160.000000 15.000000
4 3675750.000000 15.000000
5 3676382.000000 62.000000
0 3676925.000000 15.000000
0 3677463.000000 15.000000
6 3678074.000000 10.000000
1 3679292.000000 15.000000
5 3679811.000000 25.000000
5 3680449.000000 32.000000
5 3681059.000000 71.000000
3 3681629.000000 15.000000
0 3682247.000000 15.000000
1 3682767.000000 15.000000
1 3683255.000000 15.000000
1 3683689.000000 15.000000
5 3684176.000000 41.000000
6 3684731.000000 10.000000
5 3686057.000000 33.000000
1 3686645.000000 15.000000
0 3687172.000000 15.000000
4 3687739.000000 15.000000
5 3688256.000000 74.000000
4 3688752.000000 15.000000
5 3689336.000000 43.000000
5 3689969.000000 68.000000
3 3690473.000000 15.000000
3 3691072.000000 15.000000
6 3691527.000000 10.000000
1 3692844.000000 15.000000
5 3693315.000000 55.000000
0 3693940.000000 15.000000
5 3694444.000000 35.000000
4 3694950.000000 15.000000
5 3695604.000000 36.000000
5 3696135.000000 30.000000
4 3696732.000000 15.000000
0 3697219.000000 15.000000
5 3697793.000000 80.000000
6 3698267.000000 10.000000
4 3699507.000000 15.000000
5 3700066.000000 30.000000
5 3700643.000000 64.000000
5 3701150.000000 72.000000
3 3701747.000000 15.000000
2 3702388.000000 15.000000
1 3702875.000000 15.000000
1 3703388.000000 15.000000
5 3703844.000000 39.000000
4 3704443.000000 15.000000
6 3705074.000000 10.000000
3 3706461.000000 15.000000
2 3706983.000000 15.000000
5 3707463.000000 59.000000
0 3708033.000000 15.000000
1 3708659.000000 15.000000
1 3709275.000000 15.000000
4 3709788.000000 15.000000
5 3710344.000000 44.000000
3 3710983.000000 15.000000
3 3711573.000000 15.000000
6 3712194.000000 10.000000
4 3713562.000000 15.000000
1 3714123.000000 15.000000
4 3714563.000000 15.000000
5 3715036.000000 20.000000
5 3715591.000000 47.000000
0 3716088.000000 15.000000
1 3716623.000000 15.000000
5 3717199.000000 23.000000
2 3717711.000000 15.000000
1 3718133.000000 15.000000
6 3718719.000000 10.000000
5 3719976.000000 26.000000
2 3720614.000000 15.000000
5 3721187.000000 25.000000
4 3721812.000000 15.000000
4 3722307.000000 15.000000
2 3722847.000000 15.000000
0 3723375.000000 15.000000
2 3723904.000000 15.000000
1 3724424.000000 15.000000
0 3725026.000000 15.000000
6 3725615.000000 10.000000
1 3726987.000000 15.000000
1 3727507.000000 15.000000
1 3728021.000000 15.000000
2 3728447.000000 15.000000
0 3728867.000000 15.000000
2 3729337.000000 15.000000
0 3729882.000000 15.000000
2 3730477.000000 15.000000
4 3731012.000000 15.000000
3 3731622.000000 15.000000
6 3732250.000000 10.000000
0 3733633.000000 15.000000
4 3734080.000000 15.000000
5 3734567.000000 52.000000
1 3735118.000000 15.000000
0 3735621.000000 15.000000
4 3736138.000000 15.000000
4 3736680.000000 15.000000
1 3737173.000000 15.000000
2 3737660.000000 15.000000
3 3738209.000000 15.000000
6 3738725.000000 10.000000
5 3740099.000000 21.000000
1 3740593.000000 15.000000
2 3741171.000000 15.000000
4 3741682.000000 15.000000
1 3742253.000000 15.000000
0 3742820.000000 15.000000
4 3743325.000000 15.000000
1 3743932.000000 15.000000
1 3744397.000000 15.000000
5 3744918.000000 73.000000
6 3745466.000000 10.000000
4 3746855.000000 15.000000
2 3747481.000000 15.000000
4 3748040.000000 15.000000
1 3748556.000000 15.000000
2 3749079.000000 15.000000
2 3749548.000000 15.000000
4 3749965.000000 15.000000
3 3750563.000000 15.000000
4 3751113.000000 15.000000
0 3751637.000000 15.000000
6 3752128.000000 10.000000
4 3753340.000000 15.000000
2 3753846.000000 15.000000
1 3754419.000000 15.000000
1 3754921.000000 15.000000
5 3755354.000000 76.000000
0 3755901.000000 15.000000
0 3756407.000000 15.000000
1 3756978.000000 15.000000
1 3757486.000000 15.000000
4 3757985.000000 15.000000
6 3758608.000000 10.000000
5 3759946.000000 77.000000
3 3760417.000000 15.000000
0 3760945.000000 15.000000
0 3761526.000000 15.000000
5 3762036.000000 79.000000
2 3762589.000000 15.000000
4 3763080.000000 15.000000
0 3763574.000000 15.000000
1 3764203.000000 15.000000
3 3764701.000000 15.000000
6 3765175.000000 10.000000
3 3766567.000000 15.000000
0 3767039.000000 15.000000
1 3767483.000000 15.000000
2 3768042.000000 15.000000
2 3768586.000000 15.000000
5 3769076.000000 79.000000
3 3769589.000000 15.000000
1 3770112.000000 15.000000
4 3770619.000000 15.000000
1 3771173.000000 15.000000
6 3771728.000000 10.000000
3 3773015.000000 15.000000
0 3773572.000000 15.000000
4 3774104.000000 15.000000
0 3774700.000000 15.000000
3 3775142.000000 15.000000
4 3775661.000000 15.000000
2 3776316.000000 15.000000
3 3776915.000000 15.000000
1 3777507.000000 15.000000
2 3778062.000000 15.000000
6 3778641.000000 10.000000
2 3779947.000000 15.000000
1 3780374.000000 15.000000
4 3780908.000000 15.000000
3 3781566.000000 15.000000
0 3782167.000000 15.000000
5 3782611.000000 24.000000
0 3783206.000000 15.000000
0 3783766.000000 15.000000
3 3784274.000000 15.000000
1 3784784.000000 15.000000
6 3785214.000000 10.000000
4 3786508.000000 15.000000
0 3787103.000000 15.000000
0 3787677.000000 15.000000
3 3788131.000000 15.000000
0 3788584.000000 15.000000
1 3789151.000000 15.000000
4 3789684.000000 15.000000
2 3790210.000000 15.000000
2 3790768.000000 15.000000
2 3791371.000000 15.000000
6 3791961.000000 10.000000
4 3793326.000000 15.000000
5 3793822.000000 79.000000
4 3794455.000000 15.000000
5 3795095.000000 29.000000
2 3795675.000000 15.000000
1 3796253.000000 15.000000
3 3796778.000000 15.000000
2 3797361.000000 15.000000
0 3797842.000000 15.000000
0 3798434.000000 15.000000
6 3799012.000000 10.000000
2 3800377.000000 15.000000
0 3800923.000000 15.000000
1 3801440.000000 15.000000
1 3801932.000000 15.000000
0 3802425.000000 15.000000
1 3802858.000000 15.000000
5 3803329.000000 65.000000
5 3803801.000000 65.000000
0 3804264.000000 15.000000
4 3804867.000000 15.000000
6 3805485.000000 10.000000
0 3806807.000000 15.000000
2 3807398.000000 15.000000
4 3807955.000000 15.000000
5 3808588.000000 37.000000
4 3809065.000000 15.000000
3 3809635.000000 15.000000
2 3810160.000000 15.000000
1 3810650.000000 15.000000
3 3811233.000000 15.000000
0 3811739.000000 15.000000
6 3812195.000000 10.000000
4 3813579.000000 15.000000
1 3814211.000000 15.000000
5 3814710.000000 62.000000
1 3815205.000000 15.000000
5 3815630.000000 59.000000
1 3816179.000000 15.000000
2 3816745.000000 15.000000
5 3817196.000000 29.000000
0 3817798.000000 15.000000
3 3818413.000000 15.000000
6 3818912.000000 10.000000
1 3820220.000000 15.000000
5 3820761.000000 54.000000
1 3821398.000000 15.000000
2 3821982.000000 15.000000
1 3822557.000000 15.000000
4 3823099.000000 15.000000
0 3823727.000000 15.000000
3 3824299.000000 15.000000
4 3824915.000000 15.000000
5 3825413.000000 52.000000
6 3825906.000000 10.000000
1 3827265.000000 15.000000
4 3827787.000000 15.000000
4 3828419.000000 15.000000
2 3828961.000000 15.000000
4 3829387.000000 15.000000
5 3829907.000000 27.000000
0 3830484.000000 15.000000
2 3830949.000000 15.000000
2 3831429.000000 15.000000
4 3831885.000000 15.000000
6 3832458.000000 10.000000
3 3833696.000000 15.000000
0 3834312.000000 15.000000
3 3834797.000000 15.000000
5 3835429.000000 32.000000
1 3835971.000000 15.000000
5 3836419.000000 49.000000
5 3837055.000000 49.000000
5 3837515.000000 84.000000
4 3838058.000000 15.000000
3 3838674.000000 15.000000
6 3839145.000000 10.000000
0 3840500.000000 15.000000
1 3841074.000000 15.000000
3 3841572.000000 15.000000
0 3842061.000000 15.000000
3 3842600.000000 15.000000
5 3843121.000000 80.000000
3 3843618.000000 15.000000
5 3844125.000000 66.000000
2 3844641.000000 15.000000
1 3845205.000000 15.000000
6 3845637.000000 10.000000
5 3846961.000000 43.000000
1 3847596.000000 15.000000
5 3848103.000000 22.000000
1 3848664.000000 15.000000
2 3849257.000000 15.000000
5 3849705.000000 64.000000
3 3850159.000000 15.000000
0 3850785.000000 15.000000
1 3851322.000000 15.000000
0 3851772.000000 15.000000
6 3852357.000000 10.000000
3 3853745.000000 15.000000
0 3854260.000000 15.000000
3 3854739.000000 15.000000
0 3855200.000000 15.000000
2 3855744.000000 15.000000
0 3856309.000000 15.000000
3 3856796.000000 15.000000
0 3857353.000000 15.000000
5 3857866.000000 39.000000
0 3858367.000000 15.000000
6 3858801.000000 10.000000
2 3860042.000000 15.000000
3 3860529.000000 15.000000
0 3860982.000000 15.000000
5 3861443.000000 82.000000
2 3862070.000000 15.000000
1 3862676.000000 15.000000
5 3863284.000000 48.000000
3 3863888.000000 15.000000
3 3864463.000000 15.000000
1 3865089.000000 15.000000
6 3865570.000000 10.000000
4 3866808.000000 15.000000
1 3867409.000000 15.000000
2 3867961.000000 15.000000
5 3868466.000000 79.000000
4 3868925.000000 15.000000
5 3869535.000000 79.000000
5 3870044.000000 59.000000
4 3870511.000000 15.000000
1 3871045.000000 15.000000
2 3871541.000000 15.000000
6 3872107.000000 10.000000
2 3873413.000000 15.000000
5 3873845.000000 54.000000
4 3874474.000000 15.000000
5 3875056.000000 79.000000
0 3875663.000000 15.000000
4 3876175.000000 15.000000
2 3876809.000000 15.000000
0 3877285.000000 15.000000
2 3877868.000000 15.000000
2 3878471.000000 15.000000
6 3878961.000000 10.000000
2 3880190.000000 15.000000
3 3880781.000000 15.000000
3 3881374.000000 15.000000
4 3881906.000000 15.000000
5 3882434.000000 71.000000
0 3883045.000000 15.000000
5 3883676.000000 25.000000
3 3884162.000000 15.000000
3 3884641.000000 15.000000
1 3885095.000000 15.000000
6 3885526.000000 10.000000
5 3886832.000000 33.000000
2 3887463.000000 15.000000
4 3887950.000000 15.000000
4 3888561.000000 15.000000
0 3889217.000000 15.000000
2 3889785.000000 15.000000
1 3890257.000000 15.000000
0 3890875.000000 15.000000
2 3891427.000000 15.000000
1 3891963.000000 15.000000
6 3892503.000000 10.000000
2 3893807.000000 15.000000
0 3894390.000000 15.000000
0 3894924.000000 15.000000
4 3895440.000000 15.000000
0 3896083.000000 15.000000
2 3896515.000000 15.000000
5 3897041.000000 23.000000
0 3897504.000000 15.000000
0 3897989.000000 15.000000
3 3898617.000000 15.000000
6 3899089.000000 10.000000
1 3900480.000000 15.000000
2 3900931.000000 15.000000
1 3901469.000000 15.000000
4 3902075.000000 15.000000
5 3902627.000000 21.000000
5 3903148.000000 36.000000
5 3903780.000000 32.000000
5 3904395.000000 23.000000
3 3904957.000000 15.000000
0 3905442.000000 15.000000
6 3905946.000000 10.000000
0 3907275.000000 15.000000
0 3907720.000000 15.000000
1 3908299.000000 15.000000
2 3908862.000000 15.000000
2 3909298.000000 15.000000
4 3909879.000000 15.000000
2 3910355.000000 15.000000
1 3910871.000000 15.000000
2 3911309.000000 15.000000
5 3911872.000000 51.000000
6 3912465.000000 10.000000
5 3913813.000000 43.000000
4 3914362.000000 15.000000
4 3914915.000000 15.000000
1 3915424.000000 15.000000
0 3915882.000000 15.000000
1 3916397.000000 15.000000
1 3917008.000000 15.000000
0 3917489.000000 15.000000
3 3917956.000000 15.000000
4 3918534.000000 15.000000
6 3919121.000000 10.000000
3 3920416.000000 15.000000
3 3921025.000000 15.000000
5 3921488.000000 81.000000
1 3921969.000000 15.000000
2 3922432.000000 15.000000
0 3922849.000000 15.000000
5 3923404.000000 50.000000
1 3923934.000000 15.000000
1 3924413.000000 15.000000
3 3925027.000000 15.000000
6 3925620.000000 10.000000
0 3926862.000000 15.000000
3 3927392.000000 15.000000
1 3927944.000000 15.000000
5 3928368.000000 73.000000
5 3928852.000000 66.000000
5 3929475.000000 69.000000
0 3930077.000000 15.000000
5 3930519.000000 50.000000
4 3931091.000000 15.000000
0 3931584.000000 15.000000
6 3932038.000000 10.000000
0 3933402.000000 15.000000
2 3933906.000000 15.000000
0 3934389.000000 15.000000
1 3934852.000000 15.000000
1 3935367.000000 15.000000
4 3935797.000000 15.000000
2 3936318.000000 15.000000
4 3936778.000000 15.000000
1 3937373.000000 15.000000
1 3937925.000000 15.000000
6 3938384.000000 10.000000
3 3939672.000000 15.000000
2 3940318.000000 15.000000
1 3940786.000000 15.000000
0 3941339.000000 15.000000
3 3941954.000000 15.000000
3 3942510.000000 15.000000
4 3942988.000000 15.000000
5 3943510.000000 26.000000
2 3944129.000000 15.000000
5 3944735.000000 74.000000
6 3945241.000000 10.000000
2 3946544.000000 15.000000
5 3947051.000000 34.000000
2 3947564.000000 15.000000
3 3948060.000000 15.000000
4 3948673.000000 15.000000
2 3949264.000000 15.000000
3 3949760.000000 15.000000
1 3950282.000000 15.000000
2 3950757.000000 15.000000
3 3951193.000000 15.000000
6 3951756.000000 10.000000
2 3953060.000000 15.000000
1 3953655.000000 15.000000
3 3954086.000000 15.000000
4 3954642.000000 15.000000
0 3955134.000000 15.000000
2 3955582.000000 15.000000
4 3956191.000000 15.000000
4 3956716.000000 15.000000
3 3957294.000000 15.000000
5 3957936.000000 32.000000
6 3958423.000000 10.000000
3 3959698.000000 15.000000
2 3960283.000000 15.000000
3 3960839.000000 15.000000
3 3961411.000000 15.000000
5 3962021.000000 72.000000
4 3962550.000000 15.000000
2 3963026.000000 15.000000
5 3963464.000000 62.000000
0 3963914.000000 15.000000
1 3964507.000000 15.000000
6 3965027.000000 10.000000
1 3966260.000000 15.000000
3 3966873.000000 15.000000
0 3967468.000000 15.000000
2 3968058.000000 15.000000
2 3968491.000000 15.000000
5 3969029.000000 45.000000
3 3969584.000000 15.000000
0 3970195.000000 15.000000
5 3970634.000000 56.000000
0 3971232.000000 15.000000
6 3971740.000000 10.000000
0 3973097.000000 15.000000
1 3973567.000000 15.000000
2 3974108.000000 15.000000
1 3974708.000000 15.000000
1 3975173.000000 15.000000
1 3975678.000000 15.000000
3 3976132.000000 15.000000
2 3976668.000000 15.000000
2 3977122.000000 15.000000
4 3977711.000000 15.000000
6 3978265.000000 10.000000
2 3979605.000000 15.000000
4 3980042.000000 15.000000
1 3980654.000000 15.000000
4 3981216.000000 15.000000
4 3981723.000000 15.000000
0 3982204.000000 15.000000
1 3982757.000000 15.000000
3 3983248.000000 15.000000
1 3983708.000000 15.000000
2 3984131.000000 15.000000
6 3984590.000000 10.000000
0 3985905.000000 15.000000
3 3986484.000000 15.000000
4 3987020.000000 15.000000
3 3987669.000000 15.000000
4 3988307.000000 15.000000
0 3988853.000000 15.000000
3 3989467.000000 15.000000
0 3989995.000000 15.000000
4 3990483.000000 15.000000
5 3991153.000000 58.000000
6 3991704.000000 10.000000
0 3993074.000000 15.000000
5 3993647.000000 76.000000
0 3994183.000000 15.000000
4 3994791.000000 15.000000
2 3995404.000000 15.000000
4 3995893.000000 15.000000
5 3996413.000000 44.000000
3 3997009.000000 15.000000
0 3997635.000000 15.000000
2 3998165.000000 15.000000
6 3998614.000000 10.000000
1 3999848.000000 15.000000
2 4000360.000000 15.000000
5 4000905.000000 23.000000
2 4001482.000000 15.000000
1 4001942.000000 15.000000
5 4002475.000000 30.000000
3 4002953.000000 15.000000
5 4003520.000000 22.000000
1 4004091.000000 15.000000
0 4004624.000000 15.000000
6 4005211.000000 10.000000
1 4006551.000000 15.000000
5 4006989.000000 57.000000
3 4007608.000000 15.000000
3 4008220.000000 15.000000
2 4008788.000000 15.000000
3 4009376.000000 15.000000
4 4009846.000000 15.000000
2 4010428.000000 15.000000
1 4010954.000000 15.000000
0 4011433.000000 15.000000
6 4011979.000000 10.000000
3 4013227.000000 15.000000
1 4013701.000000 15.000000
2 4014145.000000 15.000000
2 4014644.000000 15.000000
3 4015240.000000 15.000000
4 4015816.000000 15.000000
0 4016357.000000 15.000000
5 4016799.000000 83.000000
4 4017241.000000 15.000000
4 4017772.000000 15.000000
6 4018382.000000 10.000000
0 4019741.000000 15.000000
5 4020332.000000 57.000000
0 4020811.000000 15.000000
5 4021430.000000 77.000000
3 4022003.000000 15.000000
2 4022639.000000 15.000000
2 4023238.000000 15.000000
2 4023688.000000 15.000000
3 4024275.000000 15.000000
2 4024791.000000 15.000000
6 4025234.000000 10.000000
1 4026574.000000 15.000000
5 4027003.000000 65.000000
2 4027538.000000 15.000000
5 4028134.000000 62.000000
5 4028620.000000 27.000000
0 4029083.000000 15.000000
4 4029656.000000 15.000000
1 4030273.000000 15.000000
1 4030835.000000 15.000000
4 4031300.000000 15.000000
6 4031811.000000 10.000000
3 4033145.000000 15.000000
0 4033623.000000 15.000000
2 4034082.000000 15.000000
1 4034633.000000 15.000000
5 4035241.000000 60.000000
3 4035821.000000 15.000000
0 4036329.000000 15.000000
3 4036938.000000 15.000000
0 4037431.000000 15.000000
3 4037945.000000 15.000000
6 4038483.000000 10.000000
0 4039693.000000 15.000000
0 4040282.000000 15.000000
5 4040902.000000 43.000000
2 4041431.000000 15.000000
5 4041897.000000 45.000000
1 4042370.000000 15.000000
2 4042876.000000 15.000000
1 4043344.000000 15.000000
1 4043797.000000 15.000000
2 4044382.000000 15.000000
6 4044855.000000 10.000000
1 4046179.000000 15.000000
0 4046616.000000 15.000000
4 4047131.000000 15.000000
4 4047677.000000 15.000000
3 4048325.000000 15.000000
2 4048909.000000 15.000000
3 4049334.000000 15.000000
2 4049893.000000 15.000000
4 4050342.000000 15.000000
3 4051010.000000 15.000000
6 4051654.000000 10.000000
0 4052924.000000 15.000000
5 4053366.000000 40.000000
2 4053823.000000 15.000000
4 4054342.000000 15.000000
5 4054953.000000 45.000000
5 4055557.000000 62.000000
5 4056044.000000 73.000000
0 4056656.000000 15.000000
2 4057141.000000 15.000000
5 4057606.000000 40.000000
6 4058178.000000 10.000000
2 4059576.000000 15.000000
1 4060124.000000 15.000000
1 4060678.000000 15.000000
3 4061146.000000 15.000000
1 4061741.000000 15.000000
4 4062316.000000 15.000000
1 4062948.000000 15.000000
4 4063567.000000 15.000000
3 4064059.000000 15.000000
3 4064567.000000 15.000000
6 4065056.000000 10.000000
0 4066460.000000 15.000000
1 4066944.000000 15.000000
2 4067479.000000 15.000000
0 4067968.000000 15.000000
1 4068407.000000 15.000000
2 4068907.000000 15.000000
1 4069380.000000 15.000000
3 4070002.000000 15.000000
4 4070593.000000 15.000000
3 4071257.000000 15.000000
6 4071884.000000 10.000000
1 4073261.000000 15.000000
4 4073831.000000 15.000000
4 4074354.000000 15.000000
5 4074928.000000 77.000000
0 4075464.000000 15.000000
1 4075962.000000 15.000000
4 4076472.000000 15.000000
3 4076955.000000 15.000000
4 4077487.000000 15.000000
5 4078109.000000 54.000000
6 4078573.000000 10.000000
2 4079845.000000 15.000000
1 4080296.000000 15.000000
2 4080798.000000 15.000000
3 4081243.000000 15.000000
0 4081852.000000 15.000000
0 4082355.000000 15.000000
0 4082806.000000 15.000000
1 4083410.000000 15.000000
5 4083929.000000 34.000000
2 4084511.000000 15.000000
6 4085027.000000 10.000000
1 4086313.000000 15.000000
4 4086768.000000 15.000000
4 4087407.000000 15.000000
1 4087960.000000 15.000000
0 4088537.000000 15.000000
2 4089057.000000 15.000000
4 4089549.000000 15.000000
2 4090156.000000 15.000000
1 4090741.000000 15.000000
2 4091295.000000 15.000000
6 4091892.000000 10.000000
5 4093288.000000 73.000000
1 4093899.000000 15.000000
5 4094338.000000 20.000000
4 4094906.000000 15.000000
0 4095554.000000 15.000000
0 4096103.000000 15.000000
0 4096708.000000 15.000000
5 4097159.000000 59.000000
4 4097667.000000 15.000000
2 4098324.000000 15.000000
6 4098762.000000 10.000000
3 4100102.000000 15.000000
5 4100723.000000 75.000000
3 4101267.000000 15.000000
2 4101737.000000 15.000000
2 4102284.000000 15.000000
0 4102840.000000 15.000000
2 4103370.000000 15.000000
0 4103954.000000 15.000000
2 4104580.000000 15.000000
3 4105180.000000 15.000000
6 4105657.000000 10.000000
0 4106904.000000 15.000000
5 4107504.000000 63.000000
0 4107983.000000 15.000000
4 4108597.000000 15.000000
2 4109211.000000 15.000000
3 4109674.000000 15.000000
4 4110269.000000 15.000000
3 4110791.000000 15.000000
5 4111273.000000 58.000000
2 4111890.000000 15.000000
6 4112306.000000 10.000000
4 4113634.000000 15.000000
1 4114267.000000 15.000000
4 4114703.000000 15.000000
0 4115353.000000 15.000000
5 4115922.000000 78.000000
2 4116474.000000 15.000000
4 4117045.000000 15.000000
1 4117668.000000 15.000000
0 4118230.000000 15.000000
1 4118841.000000 15.000000
6 4119435.000000 10.000000
2 4120796.000000 15.000000
5 4121278.000000 77.000000
5 4121803.000000 48.000000
5 4122368.000000 58.000000
2 4122893.000000 15.000000
1 4123393.000000 15.000000
1 4123933.000000 15.000000
1 4124554.000000 15.000000
3 4125067.000000 15.000000
0 4125688.000000 15.000000
6 4126138.000000 10.000000
3 4127384.000000 15.000000
5 4128012.000000 52.000000
3 4128463.000000 15.000000
2 4129046.000000 15.000000
4 4129463.000000 15.000000
5 4130058.000000 80.000000
2 4130687.000000 15.000000
3 4131115.000000 15.000000
1 4131607.000000 15.000000
3 4132220.000000 15.000000
6 4132792.000000 10.000000
4 4134038.000000 15.000000
0 4134632.000000 15.000000
4 4135071.000000 15.000000
1 4135628.000000 15.000000
3 4136206.000000 15.000000
5 4136780.000000 81.000000
0 4137418.000000 15.000000
5 4137929.000000 44.000000
1 4138477.000000 15.000000
1 4139057.000000 15.000000
6 4139651.000000 10.000000
5 4140964.000000 52.000000
1 4141419.000000 15.000000
2 4141908.000000 15.000000
2 4142347.000000 15.000000
5 4142780.000000 81.000000
2 4143379.000000 15.000000
3 4143860.000000 15.000000
1 4144369.000000 15.000000
1 4144905.000000 15.000000
5 4145400.000000 23.000000
6 4145913.000000 10.000000
1 4147234.000000 15.000000
0 4147708.000000 15.000000
0 4148229.000000 15.000000
0 4148757.000000 15.000000
4 4149289.000000 15.000000
4 4149777.000000 15.000000
1 4150409.000000 15.000000
5 4150894.000000 56.000000
4 4151375.000000 15.000000
4 4152028.000000 15.000000
6 4152634.000000 10.000000
5 4153874.000000 49.000000
4 4154421.000000 15.000000
2 4154906.000000 15.000000
5 4155484.000000 71.000000
5 4156027.000000 35.000000
0 4156519.000000 15.000000
1 4157026.000000 15.000000
4 4157532.000000 15.000000
2 4158178.000000 15.000000
5 4158789.000000 78.000000
6 4159299.000000 10.000000
5 4160644.000000 34.000000
4 4161182.000000 15.000000
5 4161809.000000 48.000000
5 4162390.000000 77.000000
2 4162947.000000 15.000000
1 4163462.000000 15.000000
3 4164071.000000 15.000000
1 4164667.000000 15.000000
0 4165189.000000 15.000000
5 4165641.000000 62.000000
6 4166233.000000 10.000000
2 4167451.000000 15.000000
4 4168065.000000 15.000000
3 4168725.000000 15.000000
2 4169325.000000 15.000000
4 4169935.000000 15.000000
3 4170544.000000 15.000000
4 4171131.000000 15.000000
5 4171695.000000 32.000000
3 4172230.000000 15.000000
5 4172778.000000 37.000000
6 4173314.000000 10.000000
1 4174654.000000 15.000000
1 4175113.000000 15.000000
1 4175635.000000 15.000000
3 4176182.000000 15.000000
4 4176637.000000 15.000000
2 4177131.000000 15.000000
3 4177637.000000 15.000000
1 4178237.000000 15.000000
5 4178671.000000 36.000000
5 4179115.000000 23.000000
6 4179715.000000 10.000000
1 4181059.000000 15.000000
4 4181500.000000 15.000000
0 4181975.000000 15.000000
2 4182493.000000 15.000000
3 4182954.000000 15.000000
0 4183517.000000 15.000000
1 4184133.000000 15.000000
1 4184650.000000 15.000000
0 4185093.000000 15.000000
5 4185645.000000 58.000000
6 4186090.000000 10.000000
0 4187361.000000 15.000000
1 4187947.000000 15.000000
1 4188549.000000 15.000000
1 4189073.000000 15.000000
5 4189638.000000 42.000000
3 4190202.000000 15.000000
0 4190675.000000 15.000000
0 4191134.000000 15.000000
3 4191657.000000 15.000000
4 4192198.000000 15.000000
6 4192787.000000 10.000000
5 4194116.000000 39.000000
3 4194629.000000 15.000000
5 4195163.000000 55.000000
1 4195662.000000 15.000000
1 4196158.000000 15.000000
3 4196753.000000 15.000000
4 4197225.000000 15.000000
5 4197835.000000 70.000000
4 4198408.000000 15.000000
0 4198939.000000 15.000000
6 4199513.000000 10.000000
3 4200809.000000 15.000000
4 4201363.000000 15.000000
0 4201887.000000 15.000000
2 4202420.000000 15.000000
4 4202910.000000 15.000000
5 4203575.000000 53.000000
0 4204192.000000 15.000000
2 4204718.000000 15.000000
5 4205271.000000 58.000000
4 4205727.000000 15.000000
6 4206249.000000 10.000000
5 4207595.000000 45.000000
2 4208175.000000 15.000000
5 4208657.000000 25.000000
5 4209283.000000 61.000000
2 4209899.000000 15.000000
3 4210414.000000 15.000000
5 4211044.000000 62.000000
2 4211563.000000 15.000000
2 4212047.000000 15.000000
2 4212477.000000 15.000000
6 4212937.000000 10.000000
1 4214260.000000 15.000000
5 4214730.000000 26.000000
0 4215282.000000 15.000000
1 4215868.000000 15.000000
5 4216447.000000 39.000000
1 4217000.000000 15.000000
2 4217484.000000 15.000000
1 4217963.000000 15.000000
5 4218500.000000 51.000000
0 4219077.000000 15.000000
6 4219584.000000 10.000000
3 4220917.000000 15.000000
0 4221407.000000 15.000000
2 4221981.000000 15.000000
2 4222532.000000 15.000000
5 4223071.000000 26.000000
2 4223578.000000 15.000000
3 4224084.000000 15.000000
5 4224585.000000 20.000000
4 4225095.000000 15.000000
2 4225701.000000 15.000000
6 4226202.000000 10.000000
4 4227523.000000 15.000000
2 4228038.000000 15.000000
5 4228506.000000 71.000000
4 4229116.000000 15.000000
3 4229780.000000 15.000000
5 4230342.000000 60.000000
2 4230959.000000 15.000000
2 4231495.000000 15.000000
3 4231929.000000 15.000000
2 4232554.000000 15.000000
6 4233047.000000 10.000000
5 4234310.000000 32.000000
5 4234872.000000 40.000000
3 4235327.000000 15.000000
2 4235799.000000 15.000000
5 4236261.000000 28.000000
5 4236871.000000 67.000000
5 4237333.000000 50.000000
2 4237879.000000 15.000000
1 4238459.000000 15.000000
0 4238976.000000 15.000000
6 4239481.000000 10.000000
1 4240763.000000 15.000000
0 4241307.000000 15.000000
3 4241868.000000 15.000000
3 4242492.000000 15.000000
5 4242967.000000 72.000000
2 4243530.000000 15.000000
3 4244088.000000 15.000000
2 4244565.000000 15.000000
4 4245039.000000 15.000000
2 4245585.000000 15.000000
6 4246036.000000 10.000000
2 4247269.000000 15.000000
2 4247883.000000 15.000000
3 4248411.000000 15.000000
3 4248887.000000 15.000000
4 4249351.000000 15.000000
2 4249945.000000 15.000000
5 4250440.000000 60.000000
2 4251077.000000 15.000000
5 4251556.000000 60.000000
0 4252095.000000 15.000000
6 4252617.000000 10.000000
0 4253840.000000 15.000000
3 4254329.000000 15.000000
3 4254938.000000 15.000000
1 4255500.000000 15.000000
5 4255969.000000 51.000000
1 4256525.000000 15.000000
2 4257084.000000 15.000000
0 4257631.000000 15.000000
1 4258245.000000 15.000000
5 4258742.000000 21.000000
6 4259201.000000 10.000000
3 4260467.000000 15.000000
4 4260953.000000 15.000000
2 4261574.000000 15.000000
0 4262044.000000 15.000000
5 4262664.000000 67.000000
1 4263210.000000 15.000000
2 4263772.000000 15.000000
1 4264226.000000 15.000000
0 4264706.000000 15.000000
5 4265157.000000 25.000000
6 4265634.000000 10.000000
0 4266935.000000 15.000000
2 4267545.000000 15.000000
5 4267969.000000 67.000000
4 4268422.000000 15.000000
4 4268972.000000 15.000000
0 4269621.000000 15.000000
0 4270128.000000 15.000000
2 4270602.000000 15.000000
3 4271158.000000 15.000000
1 4271749.000000 15.000000
6 4272228.000000 10.000000
1 4273490.000000 15.000000
4 4273957.000000 15.000000
3 4274510.000000 15.000000
3 4274996.000000 15.000000
2 4275457.000000 15.000000
5 4275902.000000 68.000000
5 4276461.000000 68.000000
5 4276994.000000 65.000000
3 4277453.000000 15.000000
1 4277915.000000 15.000000
6 4278345.000000 10.000000
3 4279591.000000 15.000000
4 4280215.000000 15.000000
3 4280868.000000 15.000000
5 4281478.000000 77.000000
0 4282022.000000 15.000000
0 4282575.000000 15.000000
3 4283166.000000 15.000000
2 4283685.000000 15.000000
1 4284106.000000 15.000000
5 4284534.000000 66.000000
6 4285014.000000 10.000000
2 4286271.000000 15.000000
4 4286836.000000 15.000000
5 4287371.000000 47.000000
4 4287859.000000 15.000000
2 4288408.000000 15.000000
2 4288833.000000 15.000000
1 4289326.000000 15.000000
0 4289906.000000 15.000000
3 4290491.000000 15.000000
2 4291094.000000 15.000000
6 4291542.000000 10.000000
0 4292948.000000 15.000000
1 4293483.000000 15.000000
2 4293927.000000 15.000000
1 4294438.000000 15.000000
5 4294917.000000 56.000000
1 4295439.000000 15.000000
2 4296003.000000 15.000000
1 4296536.000000 15.000000
5 4297132.000000 34.000000
4 4297717.000000 15.000000
6 4298231.000000 10.000000
4 4299482.000000 15.000000
5 4300124.000000 36.000000
3 4300582.000000 15.000000
5 4301228.000000 80.000000
5 4301833.000000 42.000000
1 4302470.000000 15.000000
0 4303061.000000 15.000000
4 4303648.000000 15.000000
4 4304283.000000 15.000000
1 4304916.000000 15.000000
6 4305531.000000 10.000000
1 4306895.000000 15.000000
5 4307353.000000 53.000000
1 4307812.000000 15.000000
5 4308253.000000 52.000000
1 4308815.000000 15.000000
1 4309332.000000 15.000000
4 4309909.000000 15.000000
4 4310430.000000 15.000000
2 4310923.000000 15.000000
3 4311467.000000 15.000000
6 4312054.000000 10.000000
5 4313335.000000 51.000000
0 4313961.000000 15.000000
2 4314582.000000 15.000000
1 4315091.000000 15.000000
2 4315599.000000 15.000000
4 4316055.000000 15.000000
4 4316653.000000 15.000000
2 4317283.000000 15.000000
3 4317757.000000 15.000000
4 4318357.000000 15.000000
6 4318980.000000 10.000000
4 4320351.000000 15.000000
4 4320867.000000 15.000000
4 4321343.000000 15.000000
4 4321938.000000 15.000000
4 4322523.000000 15.000000
5 4323088.000000 63.000000
5 4323573.000000 83.000000
1 4324064.000000 15.000000
2 4324619.000000 15.000000
3 4325054.000000 15.000000
6 4325525.000000 10.000000
1 4326892.000000 15.000000
3 4327493.000000 15.000000
1 4327999.000000 15.000000
4 4328583.000000 15.000000
3 4329244.000000 15.000000
3 4329833.000000 15.000000
0 4330457.000000 15.000000
1 4330897.000000 15.000000
2 4331460.000000 15.000000
2 4331982.000000 15.000000
6 4332397.000000 10.000000
4 4333799.000000 15.000000
5 4334348.000000 59.000000
2 4334871.000000 15.000000
3 4335415.000000 15.000000
4 4335899.000000 15.000000
3 4336478.000000 15.000000
0 4337091.000000 15.000000
5 4337667.000000 23.000000
0 4338307.000000 15.000000
2 4338893.000000 15.000000
6 4339371.000000 10.000000
2 4340767.000000 15.000000
4 4341298.000000 15.000000
0 4341792.000000 15.000000
0 4342314.000000 15.000000
0 4342821.000000 15.000000
4 4343440.000000 15.000000
5 4344105.000000 54.000000
2 4344621.000000 15.000000
3 4345168.000000 15.000000
1 4345729.000000 15.000000
6 4346186.000000 10.000000
5 4347446.000000 20.000000
1 4347970.000000 15.000000
2 4348504.000000 15.000000
5 4348926.000000 30.000000
1 4349497.000000 15.000000
2 4350011.000000 15.000000
1 4350513.000000 15.000000
1 4350945.000000 15.000000
0 4351463.000000 15.000000
5 4351895.000000 70.000000
6 4352393.000000 10.000000
4 4353649.000000 15.000000
5 4354306.000000 75.000000
1 4354887.000000 15.000000
5 4355352.000000 46.000000
5 4355860.000000 72.000000
0 4356433.000000 15.000000
5 4356891.000000 54.000000
4 4357336.000000 15.000000
1 4357975.000000 15.000000
1 4358542.000000 15.000000
6 4359004.000000 10.000000
3 4360271.000000 15.000000
2 4360732.000000 15.000000
2 4361244.000000 15.000000
2 4361828.000000 15.000000
4 4362291.000000 15.000000
3 4362931.000000 15.000000
5 4363451.000000 60.000000
0 4364065.000000 15.000000
0 4364502.000000 15.000000
3 4365076.000000 15.000000
6 4365720.000000 10.000000
1 4367060.000000 15.000000
0 4367599.000000 15.000000
2 4368167.000000 15.000000
0 4368701.000000 15.000000
0 4369257.000000 15.000000
4 4369806.000000 15.000000
2 4370435.000000 15.000000
3 4371003.000000 15.000000
0 4371547.000000 15.000000
1 4371987.000000 15.000000
6 4372446.000000 10.000000
1 4373770.000000 15.000000
2 4374318.000000 15.000000
2 4374781.000000 15.000000
3 4375268.000000 15.000000
0 4375908.000000 15.000000
2 4376503.000000 15.000000
5 4377003.000000 31.000000
0 4377631.000000 15.000000
4 4378127.000000 15.000000
2 4378641.000000 15.000000
6 4379091.000000 10.000000
5 4380382.000000 36.000000
4 4380961.000000 15.000000
4 4381538.000000 15.000000
1 4382154.000000 15.000000
5 4382774.000000 23.000000
3 4383389.000000 15.000000
0 4383910.000000 15.000000
4 4384411.000000 15.000000
5 4384942.000000 27.000000
3 4385493.000000 15.000000
6 4385991.000000 10.000000
4 4387301.000000 15.000000
5 4387777.000000 50.000000
0 4388241.000000 15.000000
1 4388771.000000 15.000000
1 4389378.000000 15.000000
5 4389873.000000 71.000000
2 4390434.000000 15.000000
4 4390966.000000 15.000000
5 4391566.000000 56.000000
2 4392074.000000 15.000000
6 4392542.000000 10.000000
2 4393779.000000 15.000000
4 4394368.000000 15.000000
5 4395031.000000 25.000000
5 4395550.000000 23.000000
3 4396068.000000 15.000000
0 4396621.000000 15.000000
3 4397204.000000 15.000000
4 4397843.000000 15.000000
2 4398397.000000 15.000000
4 4398962.000000 15.000000
6 4399601.000000 10.000000
1 4400939.000000 15.000000
0 4401409.000000 15.000000
5 4401981.000000 24.000000
4 4402590.000000 15.000000
3 4403072.000000 15.000000
1 4403621.000000 15.000000
0 4404208.000000 15.000000
1 4404668.000000 15.000000
3 4405230.000000 15.000000
2 4405848.000000 15.000000
6 4406433.000000 10.000000
4 4407835.000000 15.000000
0 4408492.000000 15.000000
5 4408938.000000 75.000000
5 4409407.000000 38.000000
1 4409914.000000 15.000000
1 4410485.000000 15.000000
4 4411106.000000 15.000000
4 4411736.000000 15.000000
1 4412267.000000 15.000000
5 4412724.000000 32.000000
6 4413320.000000 10.000000
2 4414591.000000 15.000000
0 4415079.000000 15.000000
1 4415702.000000 15.000000
5 4416198.000000 76.000000
4 4416653.000000 15.000000
4 4417182.000000 15.000000
4 4417801.000000 15.000000
2 4418339.000000 15.000000
5 4418830.000000 32.000000
4 4419460.000000 15.000000
6 4419968.000000 10.000000
2 4421355.000000 15.000000
3 4421890.000000 15.000000
0 4422405.000000 15.000000
3 4422938.000000 15.000000
1 4423541.000000 15.000000
0 4424150.000000 15.000000
4 4424677.000000 15.000000
4 4425291.000000 15.000000
4 4425946.000000 15.000000
4 4426612.000000 15.000000
6 4427148.000000 10.000000
4 4428398.000000 15.000000
1 4428883.000000 15.000000
3 4429414.000000 15.000000
5 4429883.000000 21.000000
1 4430440.000000 15.000000
3 4430869.000000 15.000000
4 4431437.000000 15.000000
5 4432106.000000 83.000000
4 4432608.000000 15.000000
3 4433154.000000 15.000000
6 4433617.000000 10.000000
2 4434836.000000 15.000000
3 4435359.000000 15.000000
1 4435872.000000 15.000000
2 4436469.000000 15.000000
4 4437058.000000 15.000000
2 4437588.000000 15.000000
3 4438103.000000 15.000000
2 4438719.000000 15.000000
4 4439263.000000 15.000000
4 4439755.000000 15.000000
6 4440378.000000 10.000000
2 4441739.000000 15.000000
1 4442190.000000 15.000000
1 4442716.000000 15.000000
0 4443305.000000 15.000000
3 4443801.000000 15.000000
5 4444309.000000 45.000000
4 4444894.000000 15.000000
5 4445553.000000 40.000000
3 4446066.000000 15.000000
0 4446647.000000 15.000000
6 4447188.000000 10.000000
4 4448470.000000 15.000000
3 4449128.000000 15.000000
4 4449736.000000 15.000000
5 4450364.000000 66.000000
5 4450967.000000 84.000000
0 4451532.000000 15.000000
2 4451989.000000 15.000000
3 4452482.000000 15.000000
5 4452950.000000 51.000000
5 4453521.000000 59.000000
6 4454033.000000 10.000000
5 4455391.000000 63.000000
1 4455921.000000 15.000000
4 4456526.000000 15.000000
0 4457190.000000 15.000000
1 4457683.000000 15.000000
2 4458238.000000 15.000000
4 4458743.000000 15.000000
4 4459222.000000 15.000000
4 4459727.000000 15.000000
3 4460304.000000 15.000000
6 4460930.000000 10.000000
3 4462176.000000 15.000000
2 4462793.000000 15.000000
5 4463234.000000 48.000000
3 4463731.000000 15.000000
3 4464227.000000 15.000000
5 4464834.000000 30.000000
5 4465297.000000 70.000000
1 4465770.000000 15.000000
4 4466229.000000 15.000000
5 4466767.000000 76.000000
6 4467258.000000 10.000000
5 4468520.000000 32.000000
1 4469062.000000 15.000000
2 4469502.000000 15.000000
0 4469949.000000 15.000000
5 4470454.000000 60.000000
2 4470914.000000 15.000000
5 4471509.000000 67.000000
5 4472033.000000 30.000000
5 4472601.000000 37.000000
0 4473113.000000 15.000000
6 4473699.000000 10.000000
5 4475066.000000 77.000000
2 4475514.000000 15.000000
3 4475941.000000 15.000000
1 4476430.000000 15.000000
5 4476957.000000 20.000000
5 4477555.000000 45.000000
2 4478044.000000 15.000000
4 4478573.000000 15.000000
0 4479178.000000 15.000000
3 4479698.000000 15.000000
6 4480159.000000 10.000000
5 4481454.000000 78.000000
1 4482040.000000 15.000000
2 4482589.000000 15.000000
3 4483191.000000 15.000000
4 4483772.000000 15.000000
2 4484271.000000 15.000000
5 4484711.000000 69.000000
0 4485219.000000 15.000000
3 4485809.000000 15.000000
1 4486370.000000 15.000000
6 4486883.000000 10.000000
1 4488264.000000 15.000000
4 4488732.000000 15.000000
2 4489253.000000 15.000000
0 4489837.000000 15.000000
0 4490445.000000 15.000000
2 4491039.000000 15.000000
5 4491641.000000 41.000000
3 4492145.000000 15.000000
1 4492633.000000 15.000000
5 4493232.000000 48.000000
6 4493676.000000 10.000000
0 4494914.000000 15.000000
0 4495435.000000 15.000000
2 4495906.000000 15.000000
3 4496366.000000 15.000000
2 4497014.000000 15.000000
5 4497435.000000 63.000000
4 4497896.000000 15.000000
4 4498512.000000 15.000000
3 4499076.000000 15.000000
5 4499701.000000 71.000000
6 4500238.000000 10.000000
5 4501547.000000 80.000000
1 4502020.000000 15.000000
1 4502603.000000 15.000000
5 4503169.000000 82.000000
4 4503621.000000 15.000000
1 4504257.000000 15.000000
4 4504848.000000 15.000000
3 4505514.000000 15.000000
4 4506104.000000 15.000000
5 4506720.000000 45.000000
6 4507191.000000 10.000000
2 4508523.000000 15.000000
0 4509071.000000 15.000000
4 4509642.000000 15.000000
0 4510166.000000 15.000000
4 4510631.000000 15.000000
3 4511138.000000 15.000000
3 4511683.000000 15.000000
5 4512281.000000 66.000000
4 4512742.000000 15.000000
1 4513348.000000 15.000000
6 4513812.000000 10.000000
1 4515206.000000 15.000000
1 4515698.000000 15.000000
1 4516196.000000 15.000000
3 4516713.000000 15.000000
5 4517255.000000 73.000000
1 4517815.000000 15.000000
0 4518421.000000 15.000000
5 4518948.000000 26.000000
5 4519572.000000 54.000000
2 4520191.000000 15.000000
6 4520786.000000 10.000000
0 4522072.000000 15.000000
4 4522699.000000 15.000000
1 4523236.000000 15.000000
0 4523692.000000 15.000000
4 4524209.000000 15.000000
3 4524711.000000 15.000000
4 4525358.000000 15.000000
3 4525833.000000 15.000000
2 4526414.000000 15.000000
4 4526846.000000 15.000000
6 4527432.000000 10.000000
0 4528820.000000 15.000000
5 4529367.000000 60.000000
3 4529868.000000 15.000000
0 4530352.000000 15.000000
1 4530897.000000 15.000000
0 4531422.000000 15.000000
1 4531988.000000 15.000000
3 4532568.000000 15.000000
5 4533036.000000 83.000000
3 4533593.000000 15.000000
6 4534058.000000 10.000000
3 4535355.000000 15.000000
2 4535838.000000 15.000000
3 4536423.000000 15.000000
5 4537036.000000 50.000000
0 4537570.000000 15.000000
0 4538094.000000 15.000000
4 4538716.000000 15.000000
5 4539244.000000 71.000000
0 4539773.000000 15.000000
4 4540391.000000 15.000000
6 4540983.000000 10.000000
1 4542194.000000 15.000000
4 4542786.000000 15.000000
0 4543265.000000 15.000000
3 4543706.000000 15.000000
3 4544164.000000 15.000000
2 4544778.000000 15.000000
3 4545335.000000 15.000000
1 4545801.000000 15.000000
4 4546319.000000 15.000000
0 4546895.000000 15.000000
6 4547511.000000 10.000000
5 4548726.000000 30.000000
0 4549202.000000 15.000000
3 4549804.000000 15.000000
4 4550377.000000 15.000000
1 4550851.000000 15.000000
3 4551405.000000 15.000000
1 4551890.000000 15.000000
5 4552503.000000 35.000000
4 4553066.000000 15.000000
4 4553710.000000 15.000000
6 4554318.000000 10.000000
2 4555560.000000 15.000000
3 4556029.000000 15.000000
0 4556512.000000 15.000000
5 4556971.000000 77.000000
2 4557555.000000 15.000000
2 4558134.000000 15.000000
3 4558635.000000 15.000000
2 4559206.000000 15.000000
1 4559633.000000 15.000000
0 4560217.000000 15.000000
6 4560666.000000 10.000000
5 4561975.000000 75.000000
1 4562505.000000 15.000000
4 4563094.000000 15.000000
3 4563749.000000 15.000000
0 4564275.000000 15.000000
1 4564904.000000 15.000000
1 4565348.000000 15.000000
5 4565796.000000 30.000000
5 4566292.000000 76.000000
4 4566740.000000 15.000000
6 4567339.000000 10.000000
3 4568634.000000 15.000000
2 4569204.000000 15.000000
4 4569657.000000 15.000000
2 4570197.000000 15.000000
4 4570651.000000 15.000000
3 4571149.000000 15.000000
3 4571784.000000 15.000000
0 4572345.000000 15.000000
2 4572976.000000 15.000000
2 4573413.000000 15.000000
6 4573858.000000 10.000000
4 4575106.000000 15.000000
0 4575677.000000 15.000000
3 4576113.000000 15.000000
0 4576748.000000 15.000000
2 4577275.000000 15.000000
0 4577811.000000 15.000000
4 4578442.000000 15.000000
2 4579099.000000 15.000000
1 4579686.000000 15.000000
1 4580149.000000 15.000000
6 4580611.000000 10.000000
5 4581985.000000 27.000000
0 4582485.000000 15.000000
0 4583042.000000 15.000000
4 4583630.000000 15.000000
1 4584165.000000 15.000000
0 4584624.000000 15.000000
3 4585211.000000 15.000000
2 4585822.000000 15.000000
2 4586346.000000 15.000000
2 4586872.000000 15.000000
6 4587474.000000 10.000000
5 4588798.000000 60.000000
4 4589419.000000 15.000000
4 4590003.000000 15.000000
5 4590608.000000 49.000000
5 4591138.000000 40.000000
1 4591613.000000 15.000000
1 4592229.000000 15.000000
1 4592770.000000 15.000000
0 4593294.000000 15.000000
2 4593773.000000 15.000000
6 4594210.000000 10.000000
0 4595612.000000 15.000000
5 4596114.000000 77.000000
4 4596723.000000 15.000000
5 4597383.000000 65.000000
5 4597962.000000 66.000000
3 4598440.000000 15.000000
0 4599044.000000 15.000000
1 4599520.000000 15.000000
1 4600015.000000 15.000000
4 4600601.000000 15.000000
6 4601257.000000 10.000000
1 4602550.000000 15.000000
4 4603126.000000 15.000000
1 4603686.000000 15.000000
5 4604295.000000 62.000000
3 4604922.000000 15.000000
4 4605568.000000 15.000000
5 4606239.000000 44.000000
1 4606787.000000 15.000000
2 4607377.000000 15.000000
2 4607825.000000 15.000000
6 4608394.000000 10.000000
2 4609699.000000 15.000000
1 4610179.000000 15.000000
1 4610778.000000 15.000000
4 4611282.000000 15.000000
2 4611917.000000 15.000000
3 4612403.000000 15.000000
2 4613036.000000 15.000000
2 4613496.000000 15.000000
1 4614084.000000 15.000000
4 4614637.000000 15.000000
6 4615298.000000 10.000000
3 4616575.000000 15.000000
0 4617074.000000 15.000000
3 4617699.000000 15.000000
4 4618208.000000 15.000000
5 4618698.000000 26.000000
4 4619226.000000 15.000000
1 4619755.000000 15.000000
0 4620255.000000 15.000000
0 4620873.000000 15.000000
0 4621393.000000 15.000000
6 4621870.000000 10.000000
3 4623214.000000 15.000000
5 4623728.000000 31.000000
3 4624343.000000 15.000000
2 4624970.000000 15.000000
1 4625546.000000 15.000000
5 4626051.000000 47.000000
4 4626520.000000 15.000000
2 4627177.000000 15.000000
1 4627728.000000 15.000000
4 4628156.000000 15.000000
6 4628814.000000 10.000000
0 4630137.000000 15.000000
0 4630752.000000 15.000000
5 4631318.000000 73.000000
5 4631907.000000 63.000000
3 4632530.000000 15.000000
1 4632995.000000 15.000000
2 4633495.000000 15.000000
2 4633973.000000 15.000000
1 4634428.000000 15.000000
2 4634970.000000 15.000000
6 4635548.000000 10.000000
2 4636870.000000 15.000000
2 4637457.000000 15.000000
5 4637951.000000 22.000000
3 4638465.000000 15.000000
2 4639023.000000 15.000000
4 4639507.000000 15.000000
2 4639994.000000 15.000000
1 4640565.000000 15.000000
4 4641084.000000 15.000000
0 4641723.000000 15.000000
6 4642227.000000 10.000000
0 4643517.000000 15.000000
1 4644076.000000 15.000000
3 4644594.000000 15.000000
2 4645200.000000 15.000000
5 4645690.000000 34.000000
1 4646209.000000 15.000000
2 4646717.000000 15.000000
5 4647259.000000 36.000000
5 4647749.000000 60.000000
0 4648312.000000 15.000000
6 4648915.000000 10.000000
0 4650298.000000 15.000000
1 4650773.000000 15.000000
0 4651371.000000 15.000000
4 4651957.000000 15.000000
1 4652441.000000 15.000000
4 4652872.000000 15.000000
1 4653486.000000 15.000000
3 4654032.000000 15.000000
1 4654574.000000 15.000000
4 4655190.000000 15.000000
6 4655677.000000 10.000000
4 4657058.000000 15.000000
5 4657607.000000 62.000000
4 4658062.000000 15.000000
3 4658697.000000 15.000000
5 4659197.000000 38.000000
1 4659759.000000 15.000000
2 4660346.000000 15.000000
5 4660877.000000 20.000000
1 4661334.000000 15.000000
2 4661919.000000 15.000000
6 4662468.000000 10.000000
0 4663808.000000 15.000000
1 4664298.000000 15.000000
3 4664901.000000 15.000000
4 4665501.000000 15.000000
0 4666002.000000 15.000000
5 4666620.000000 65.000000
4 4667188.000000 15.000000
2 4667675.000000 15.000000
4 4668126.000000 15.000000
0 4668630.000000 15.000000
6 4669209.000000 10.000000
4 4670508.000000 15.000000
0 4671127.000000 15.000000
3 4671662.000000 15.000000
1 4672266.000000 15.000000
1 4672702.000000 15.000000
4 4673234.000000 15.000000
2 4673855.000000 15.000000
1 4674451.000000 15.000000
3 4674915.000000 15.000000
0 4675556.000000 15.000000
6 4676154.000000 10.000000
5 4677386.000000 66.000000
0 4677879.000000 15.000000
0 4678359.000000 15.000000
2 4678972.000000 15.000000
5 4679414.000000 60.000000
2 4679909.000000 15.000000
4 4680423.000000 15.000000
0 4681038.000000 15.000000
4 4681582.000000 15.000000
4 4682196.000000 15.000000
6 4682821.000000 10.000000
3 4684228.000000 15.000000
5 4684820.000000 77.000000
3 4685396.000000 15.000000
0 4685975.000000 15.000000
2 4686584.000000 15.000000
2 4687069.000000 15.000000
4 4687542.000000 15.000000
2 4688035.000000 15.000000
3 4688531.000000 15.000000
1 4689063.000000 15.000000
6 4689517.000000 10.000000
4 4690760.000000 15.000000
2 4691371.000000 15.000000
0 4691859.000000 15.000000
0 4692312.000000 15.000000
4 4692748.000000 15.000000
2 4693283.000000 15.000000
3 4693733.000000 15.000000
2 4694307.000000 15.000000
4 4694850.000000 15.000000
5 4695494.000000 54.000000
6 4696114.000000 10.000000
1 4697416.000000 15.000000
2 4697897.000000 15.000000
5 4698457.000000 72.000000
3 4698907.000000 15.000000
0 4699430.000000 15.000000
1 4699867.000000 15.000000
5 4700304.000000 25.000000
4 4700881.000000 15.000000
1 4701435.000000 15.000000
2 4702056.000000 15.000000
6 4702572.000000 10.000000
5 4703855.000000 66.000000
1 4704453.000000 15.000000
0 4704931.000000 15.000000
3 4705471.000000 15.000000
3 4706000.000000 15.000000
5 4706587.000000 55.000000
1 4707065.000000 15.000000
1 4707523.000000 15.000000
2 4708103.000000 15.000000
0 4708610.000000 15.000000
6 4709060.000000 10.000000
4 4710413.000000 15.000000
1 4710893.000000 15.000000
3 4711482.000000 15.000000
2 4712080.000000 15.000000
0 4712584.000000 15.000000
0 4713075.000000 15.000000
4 4713670.000000 15.000000
2 4714146.000000 15.000000
2 4714610.000000 15.000000
1 4715199.000000 15.000000
6 4715635.000000 10.000000
3 4716993.000000 15.000000
1 4717580.000000 15.000000
3 4718039.000000 15.000000
2 4718644.000000 15.000000
1 4719209.000000 15.000000
2 4719734.000000 15.000000
5 4720191.000000 37.000000
5 4720750.000000 82.000000
4 4721276.000000 15.000000
5 4721795.000000 70.000000
6 4722436.000000 10.000000
3 4723751.000000 15.000000
1 4724357.000000 15.000000
1 4724810.000000 15.000000
0 4725281.000000 15.000000
1 4725856.000000 15.000000
5 4726405.000000 31.000000
0 4727029.000000 15.000000
1 4727622.000000 15.000000
3 4728125.000000 15.000000
0 4728721.000000 15.000000
6 4729241.000000 10.000000
0 4730622.000000 15.000000
0 4731164.000000 15.000000
4 4731706.000000 15.000000
0 4732367.000000 15.000000
0 4732872.000000 15.000000
3 4733443.000000 15.000000
2 4733912.000000 15.000000
4 4734462.000000 15.000000
5 4734955.000000 26.000000
0 4735397.000000 15.000000
6 4735886.000000 10.000000
4 4737291.000000 15.000000
1 4737957.000000 15.000000
4 4738481.000000 15.000000
1 4739048.000000 15.000000
1 4739614.000000 15.000000
1 4740235.000000 15.000000
2 4740816.000000 15.000000
2 4741346.000000 15.000000
3 4741886.000000 15.000000
1 4742417.000000 15.000000
6 4743001.000000 10.000000
5 4744340.000000 69.000000
5 4744803.000000 70.000000
1 4745312.000000 15.000000
4 4745763.000000 15.000000
5 4746301.000000 57.000000
0 4746888.000000 15.000000
4 4747385.000000 15.000000
3 4747893.000000 15.000000
1 4748508.000000 15.000000
4 4749026.000000 15.000000
6 4749680.000000 10.000000
4 4750910.000000 15.000000
3 4751577.000000 15.000000
0 4752196.000000 15.000000
4 4752727.000000 15.000000
3 4753202.000000 15.000000
0 4753744.000000 15.000000
5 4754326.000000 68.000000
1 4754946.000000 15.000000
5 4755513.000000 71.000000
4 4756126.000000 15.000000
6 4756667.000000 10.000000
3 4757887.000000 15.000000
2 4758495.000000 15.000000
1 4758971.000000 15.000000
4 4759463.000000 15.000000
4 4759976.000000 15.000000
2 4760579.000000 15.000000
1 4761088.000000 15.000000
2 4761704.000000 15.000000
0 4762183.000000 15.000000
3 4762625.000000 15.000000
6 4763152.000000 10.000000
0 4764514.000000 15.000000
4 4765074.000000 15.000000
3 4765696.000000 15.000000
4 4766342.000000 15.000000
4 4766890.000000 15.000000
3 4767409.000000 15.000000
2 4767861.000000 15.000000
1 4768334.000000 15.000000
3 4768825.000000 15.000000
3 4769371.000000 15.000000
6 4769997.000000 10.000000
4 4771283.000000 15.000000
0 4771891.000000 15.000000
3 4772459.000000 15.000000
2 4773020.000000 15.000000
2 4773484.000000 15.000000
4 4773980.000000 15.000000
2 4774587.000000 15.000000
0 4775016.000000 15.000000
5 4775503.000000 75.000000
1 4776120.000000 15.000000
6 4776585.000000 10.000000
3 4777976.000000 15.000000
1 4778577.000000 15.000000
1 4779118.000000 15.000000
2 4779548.000000 15.000000
2 4780018.000000 15.000000
4 4780546.000000 15.000000
0 4781205.000000 15.000000
4 4781730.000000 15.000000
3 4782396.000000 15.000000
1 4782897.000000 15.000000
6 4783354.000000 10.000000
3 4784614.000000 15.000000
3 4785072.000000 15.000000
0 4785526.000000 15.000000
4 4786077.000000 15.000000
0 4786557.000000 15.000000
4 4787123.000000 15.000000
4 4787780.000000 15.000000
2 4788329.000000 15.000000
3 4788859.000000 15.000000
2 4789324.000000 15.000000
6 4789774.000000 10.000000
0 4791064.000000 15.000000
2 4791600.000000 15.000000
3 4792032.000000 15.000000
3 4792658.000000 15.000000
0 4793127.000000 15.000000
2 4793605.000000 15.000000
5 4794110.000000 70.000000
0 4794657.000000 15.000000
4 4795231.000000 15.000000
0 4795788.000000 15.000000
6 4796249.000000 10.000000
2 4797658.000000 15.000000
3 4798250.000000 15.000000
5 4798844.000000 48.000000
0 4799443.000000 15.000000
1 4799900.000000 15.000000
3 4800395.000000 15.000000
2 4800991.000000 15.000000
3 4801503.000000 15.000000
0 4802055.000000 15.000000
3 4802549.000000 15.000000
6 4803125.000000 10.000000
4 4804444.000000 15.000000
0 4805069.000000 15.000000
1 4805520.000000 15.000000
2 4805944.000000 15.000000
4 4806381.000000 15.000000
3 4807047.000000 15.000000
3 4807653.000000 15.000000
2 4808202.000000 15.000000
1 4808654.000000 15.000000
5 4809218.000000 31.000000
6 4809807.000000 10.000000
0 4811180.000000 15.000000
5 4811739.000000 76.000000
5 4812197.000000 33.000000
4 4812724.000000 15.000000
1 4813278.000000 15.000000
0 4813822.000000 15.000000
4 4814276.000000 15.000000
3 4814865.000000 15.000000
2 4815373.000000 15.000000
4 4815987.000000 15.000000
6 4816572.000000 10.000000
0 4817976.000000 15.000000
3 4818448.000000 15.000000
1 4818978.000000 15.000000
3 4819435.000000 15.000000
4 4819954.000000 15.000000
4 4820506.000000 15.000000
5 4821117.000000 73.000000
1 4821594.000000 15.000000
3 4822136.000000 15.000000
1 4822744.000000 15.000000
6 4823195.000000 10.000000
5 4824488.000000 51.000000
1 4824991.000000 15.000000
3 4825465.000000 15.000000
5 4826106.000000 51.000000
3 4826619.000000 15.000000
4 4827168.000000 15.000000
0 4827682.000000 15.000000
4 4828227.000000 15.000000
1 4828856.000000 15.000000
0 4829437.000000 15.000000
6 4829918.000000 10.000000
5 4831252.000000 81.000000
3 4831890.000000 15.000000
4 4832408.000000 15.000000
2 4833059.000000 15.000000
4 4833567.000000 15.000000
4 4834088.000000 15.000000
2 4834618.000000 15.000000
1 4835137.000000 15.000000
1 4835683.000000 15.000000
3 4836213.000000 15.000000
6 4836700.000000 10.000000
0 4837974.000000 15.000000
3 4838466.000000 15.000000
1 4838923.000000 15.000000
1 4839453.000000 15.000000
5 4840037.000000 28.000000
1 4840588.000000 15.000000
0 4841126.000000 15.000000
3 4841743.000000 15.000000
3 4842366.000000 15.000000
5 4842993.000000 57.000000
6 4843583.000000 10.000000
2 4844796.000000 15.000000
3 4845299.000000 15.000000
5 4845852.000000 61.000000
3 4846473.000000 15.000000
3 4846981.000000 15.000000
2 4847463.000000 15.000000
5 4847945.000000 56.000000
4 4848567.000000 15.000000
3 4849101.000000 15.000000
0 4849738.000000 15.000000
6 4850208.000000 10.000000
0 4851475.000000 15.000000
0 4852057.000000 15.000000
0 4852662.000000 15.000000
4 4853100.000000 15.000000
3 4853575.000000 15.000000
3 4854174.000000 15.000000
3 4854696.000000 15.000000
0 4855238.000000 15.000000
3 4855758.000000 15.000000
3 4856362.000000 15.000000
6 4856831.000000 10.000000
1 4858131.000000 15.000000
5 4858665.000000 77.000000
4 4859208.000000 15.000000
0 4859788.000000 15.000000
2 4860270.000000 15.000000
3 4860763.000000 15.000000
5 4861284.000000 78.000000
0 4861780.000000 15.000000
4 4862216.000000 15.000000
0 4862885.000000 15.000000
6 4863431.000000 10.000000
2 4864658.000000 15.000000
4 4865139.000000 15.000000
2 4865626.000000 15.000000
2 4866057.000000 15.000000
4 4866629.000000 15.000000
1 4867158.000000 15.000000
0 4867687.000000 15.000000
4 4868137.000000 15.000000
4 4868665.000000 15.000000
0 4869156.000000 15.000000
6 4869659.000000 10.000000
1 4870889.000000 15.000000
2 4871493.000000 15.000000
4 4872081.000000 15.000000
1 4872698.000000 15.000000
0 4873164.000000 15.000000
0 4873693.000000 15.000000
4 4874324.000000 15.000000
1 4874903.000000 15.000000
3 4875420.000000 15.000000
1 4875919.000000 15.000000
6 4876514.000000 10.000000
0 4877893.000000 15.000000
2 4878515.000000 15.000000
4 4879040.000000 15.000000
1 4879580.000000 15.000000
4 4880049.000000 15.000000
0 4880710.000000 15.000000
1 4881308.000000 15.000000
2 4881871.000000 15.000000
4 4882482.000000 15.000000
1 4883028.000000 15.000000
6 4883594.000000 10.000000
4 4884912.000000 15.000000
5 4885459.000000 37.000000
3 4886089.000000 15.000000
4 4886620.000000 15.000000
0 4887220.000000 15.000000
5 4887737.000000 71.000000
2 4888295.000000 15.000000
1 4888761.000000 15.000000
3 4889261.000000 15.000000
2 4889830.000000 15.000000
6 4890420.000000 10.000000
1 4891825.000000 15.000000
2 4892354.000000 15.000000
3 4892857.000000 15.000000
1 4893491.000000 15.000000
4 4894067.000000 15.000000
2 4894561.000000 15.000000
4 4895146.000000 15.000000
4 4895622.000000 15.000000
0 4896270.000000 15.000000
3 4896783.000000 15.000000
6 4897256.000000 10.000000
2 4898479.000000 15.000000
4 4899059.000000 15.000000
1 4899555.000000 15.000000
0 4900148.000000 15.000000
1 4900642.000000 15.000000
5 4901092.000000 31.000000
2 4901631.000000 15.000000
2 4902199.000000 15.000000
1 4902653.000000 15.000000
2 4903134.000000 15.000000
6 4903740.000000 10.000000
3 4905133.000000 15.000000
5 4905737.000000 80.000000
0 4906187.000000 15.000000
1 4906803.000000 15.000000
3 4907388.000000 15.000000
1 4907841.000000 15.000000
0 4908460.000000 15.000000
5 4909016.000000 48.000000
5 4909497.000000 53.000000
4 4910067.000000 15.000000
6 4910634.000000 10.000000
2 4911887.000000 15.000000
5 4912419.000000 21.000000
1 4912923.000000 15.000000
3 4913430.000000 15.000000
5 4914075.000000 29.000000
0 4914583.000000 15.000000
5 4915063.000000 81.000000
4 4915700.000000 15.000000
5 4916200.000000 49.000000
2 4916723.000000 15.000000
6 4917321.000000 10.000000
3 4918730.000000 15.000000
3 4919356.000000 15.000000
1 4919822.000000 15.000000
2 4920369.000000 15.000000
2 4920790.000000 15.000000
1 4921340.000000 15.000000
3 4921863.000000 15.000000
3 4922385.000000 15.000000
1 4922891.000000 15.000000
4 4923383.000000 15.000000
6 4923933.000000 10.000000
5 4925254.000000 34.000000
5 4925743.000000 75.000000
5 4926323.000000 29.000000
2 4926901.000000 15.000000
4 4927436.000000 15.000000
0 4927922.000000 15.000000
2 4928460.000000 15.000000
3 4928963.000000 15.000000
5 4929558.000000 81.000000
3 4930024.000000 15.000000
6 4930615.000000 10.000000
1 4932018.000000 15.000000
0 4932456.000000 15.000000
2 4933007.000000 15.000000
5 4933553.000000 36.000000
2 4934021.000000 15.000000
0 4934540.000000 15.000000
3 4935128.000000 15.000000
1 4935606.000000 15.000000
2 4936106.000000 15.000000
4 4936540.000000 15.000000
6 4937043.000000 10.000000
1 4938321.000000 15.000000
0 4938877.000000 15.000000
5 4939344.000000 21.000000
5 4939823.000000 73.000000
3 4940375.000000 15.000000
4 4940948.000000 15.000000
0 4941566.000000 15.000000
4 4942031.000000 15.000000
2 4942683.000000 15.000000
3 4943182.000000 15.000000
6 4943642.000000 10.000000
0 4945042.000000 15.000000
5 4945610.000000 44.000000
5 4946121.000000 30.000000
0 4946756.000000 15.000000
3 4947303.000000 15.000000
0 4947781.000000 15.000000
5 4948340.000000 43.000000
5 4948857.000000 48.000000
3 4949331.000000 15.000000
0 4949842.000000 15.000000
6 4950406.000000 10.000000
0 4951740.000000 15.000000
4 4952178.000000 15.000000
5 4952721.000000 47.000000
5 4953324.000000 41.000000
1 4953873.000000 15.000000
0 4954473.000000 15.000000
3 4955031.000000 15.000000
5 4955612.000000 76.000000
5 4956144.000000 72.000000
4 4956600.000000 15.000000
6 4957254.000000 10.000000
3 4958596.000000 15.000000
4 4959186.000000 15.000000
5 4959706.000000 46.000000
4 4960304.000000 15.000000
3 4960927.000000 15.000000
1 4961378.000000 15.000000
1 4961942.000000 15.000000
0 4962452.000000 15.000000
4 4962983.000000 15.000000
5 4963602.000000 66.000000
6 4964161.000000 10.000000
5 4965508.000000 82.000000
5 4966136.000000 62.000000
5 4966660.000000 32.000000
5 4967154.000000 56.000000
1 4967721.000000 15.000000
3 4968187.000000 15.000000
3 4968717.000000 15.000000
3 4969258.000000 15.000000
2 4969859.000000 15.000000
0 4970421.000000 15.000000
6 4970868.000000 10.000000
1 4972223.000000 15.000000
2 4972707.000000 15.000000
4 4973296.000000 15.000000
2 4973817.000000 15.000000
2 4974305.000000 15.000000
5 4974742.000000 55.000000
5 4975189.000000 50.000000
4 4975771.000000 15.000000
5 4976387.000000 78.000000
0 4976933.000000 15.000000
6 4977513.000000 10.000000
3 4978832.000000 15.000000
3 4979327.000000 15.000000
0 4979882.000000 15.000000
0 4980509.000000 15.000000
1 4981115.000000 15.000000
5 4981600.000000 32.000000
0 4982042.000000 15.000000
3 4982513.000000 15.000000
1 4983026.000000 15.000000
4 4983544.000000 15.000000
6 4984047.000000 10.000000
4 4985417.000000 15.000000
3 4985988.000000 15.000000
3 4986481.000000 15.000000
5 4986997.000000 79.000000
5 4987617.000000 65.000000
4 4988213.000000 15.000000
4 4988765.000000 15.000000
2 4989277.000000 15.000000
5 4989731.000000 60.000000
0 4990353.000000 15.000000
6 4990915.000000 10.000000
2 4992165.000000 15.000000
2 4992769.000000 15.000000
5 4993319.000000 45.000000
2 4993767.000000 15.000000
5 4994190.000000 62.000000
5 4994830.000000 22.000000
4 4995459.000000 15.000000
0 4996082.000000 15.000000
0 4996697.000000 15.000000
4 4997191.000000 15.000000
6 4997693.000000 10.000000
4 4999090.000000 15.000000
1 4999613.000000 15.000000
4 5000224.000000 15.000000
5 5000707.000000 21.000000
4 5001263.000000 15.000000
3 5001839.000000 15.000000
4 5002441.000000 15.000000
4 5003030.000000 15.000000
1 5003537.000000 15.000000
5 5004150.000000 75.000000
6 5004756.000000 10.000000
5 5006087.000000 37.000000
3 5006552.000000 15.000000
1 5007095.000000 15.000000
4 5007595.000000 15.000000
4 5008100.000000 15.000000
0 5008758.000000 15.000000
0 5009288.000000 15.000000
2 5009822.000000 15.000000
1 5010303.000000 15.000000
2 5010899.000000 15.000000
6 5011491.000000 10.000000
3 5012816.000000 15.000000
4 5013410.000000 15.000000
1 5013986.000000 15.000000
1 5014503.000000 15.000000
0 5015000.000000 15.000000
2 5015624.000000 15.000000
2 5016117.000000 15.000000
0 5016577.000000 15.000000
4 5017085.000000 15.000000
0 5017703.000000 15.000000
6 5018139.000000 10.000000
2 5019439.000000 15.000000
1 5019982.000000 15.000000
5 5020482.000000 23.000000
2 5020932.000000 15.000000
0 5021391.000000 15.000000
3 5022003.000000 15.000000
2 5022512.000000 15.000000
5 5022967.000000 24.000000
4 5023469.000000 15.000000
0 5023956.000000 15.000000
6 5024427.000000 10.000000
4 5025830.000000 15.000000
1 5026323.000000 15.000000
3 5026761.000000 15.000000
4 5027297.000000 15.000000
4 5027790.000000 15.000000
4 5028389.000000 15.000000
2 5028966.000000 15.000000
5 5029432.000000 33.000000
5 5029914.000000 67.000000
0 5030478.000000 15.000000
6 5030927.000000 10.000000
3 5032144.000000 15.000000
1 5032632.000000 15.000000
4 5033107.000000 15.000000
1 5033586.000000 15.000000
1 5034190.000000 15.000000
2 5034685.000000 15.000000
1 5035141.000000 15.000000
3 5035571.000000 15.000000
0 5036075.000000 15.000000
2 5036631.000000 15.000000
6 5037153.000000 10.000000
3 5038388.000000 15.000000
0 5039028.000000 15.000000
5 5039583.000000 23.000000
4 5040148.000000 15.000000
0 5040643.000000 15.000000
1 5041207.000000 15.000000
5 5041676.000000 36.000000
1 5042315.000000 15.000000
0 5042866.000000 15.000000
0 5043313.000000 15.000000
6 5043795.000000 10.000000
3 5045189.000000 15.000000
3 5045781.000000 15.000000
2 5046355.000000 15.000000
3 5046936.000000 15.000000
3 5047420.000000 15.000000
2 5047880.000000 15.000000
0 5048367.000000 15.000000
4 5048949.000000 15.000000
0 5049519.000000 15.000000
3 5050128.000000 15.000000
6 5050647.000000 10.000000
1 5052052.000000 15.000000
0 5052543.000000 15.000000
1 5053122.000000 15.000000
2 5053698.000000 15.000000
1 5054155.000000 15.000000
3 5054597.000000 15.000000
5 5055152.000000 30.000000
2 5055597.000000 15.000000
3 5056014.000000 15.000000
2 5056510.000000 15.000000
6 5057061.000000 10.000000
1 5058290.000000 15.000000
4 5058851.000000 15.000000
2 5059454.000000 15.000000
0 5059878.000000 15.000000
0 5060394.000000 15.000000
0 5060962.000000 15.000000
1 5061504.000000 15.000000
0 5062024.000000 15.000000
0 5062578.000000 15.000000
3 5063067.000000 15.000000
6 5063533.000000 10.000000
1 5064756.000000 15.000000
2 5065261.000000 15.000000
2 5065790.000000 15.000000
3 5066302.000000 15.000000
3 5066771.000000 15.000000
1 5067320.000000 15.000000
4 5067797.000000 15.000000
1 5068285.000000 15.000000
1 5068763.000000 15.000000
2 5069339.000000 15.000000
6 5069850.000000 10.000000
5 5071147.000000 69.000000
4 5071604.000000 15.000000
0 5072274.000000 15.000000
4 5072865.000000 15.000000
4 5073511.000000 15.000000
4 5073986.000000 15.000000
5 5074650.000000 34.000000
0 5075155.000000 15.000000
5 5075675.000000 64.000000
0 5076263.000000 15.000000
6 5076808.000000 10.000000
2 5078040.000000 15.000000
3 5078521.000000 15.000000
1 5079111.000000 15.000000
0 5079721.000000 15.000000
5 5080155.000000 49.000000
0 5080606.000000 15.000000
4 5081042.000000 15.000000
5 5081704.000000 27.000000
4 5082278.000000 15.000000
1 5082751.000000 15.000000
6 5083300.000000 10.000000
2 5084694.000000 15.000000
4 5085213.000000 15.000000
0 5085704.000000 15.000000
0 5086276.000000 15.000000
5 5086712.000000 53.000000
0 5087290.000000 15.000000
2 5087777.000000 15.000000
0 5088333.000000 15.000000
2 5088797.000000 15.000000
4 5089231.000000 15.000000
6 5089872.000000 10.000000
4 5091277.000000 15.000000
0 5091936.000000 15.000000
4 5092505.000000 15.000000
3 5092996.000000 15.000000
3 5093635.000000 15.000000
5 5094131.000000 60.000000
3 5094633.000000 15.000000
5 5095159.000000 55.000000
4 5095648.000000 15.000000
1 5096242.000000 15.000000
6 5096785.000000 10.000000
5 5098059.000000 72.000000
1 5098671.000000 15.000000
1 5099198.000000 15.000000
2 5099802.000000 15.000000
1 5100307.000000 15.000000
2 5100807.000000 15.000000
4 5101421.000000 15.000000
0 5101980.000000 15.000000
1 5102580.000000 15.000000
0 5103122.000000 15.000000
6 5103724.000000 10.000000
4 5105036.000000 15.000000
2 5105616.000000 15.000000
2 5106076.000000 15.000000
4 5106526.000000 15.000000
4 5107049.000000 15.000000
3 5107585.000000 15.000000
4 5108149.000000 15.000000
1 5108723.000000 15.000000
4 5109298.000000 15.000000
5 5109957.000000 49.000000
6 5110402.000000 10.000000
0 5111679.000000 15.000000
1 5112263.000000 15.000000
2 5112742.000000 15.000000
2 5113283.000000 15.000000
3 5113816.000000 15.000000
3 5114288.000000 15.000000
1 5114813.000000 15.000000
0 5115345.000000 15.000000
5 5115874.000000 42.000000
3 5116380.000000 15.000000
6 5116929.000000 10.000000
2 5118283.000000 15.000000
0 5118869.000000 15.000000
4 5119412.000000 15.000000
4 5119917.000000 15.000000
5 5120526.000000 48.000000
1 5121136.000000 15.000000
5 5121705.000000 51.000000
2 5122337.000000 15.000000
5 5122834.000000 30.000000
1 5123434.000000 15.000000
6 5123891.000000 10.000000
1 5125270.000000 15.000000
1 5125886.000000 15.000000
1 5126367.000000 15.000000
4 5126829.000000 15.000000
0 5127418.000000 15.000000
2 5128000.000000 15.000000
0 5128514.000000 15.000000
1 5129057.000000 15.000000
0 5129517.000000 15.000000
3 5130113.000000 15.000000
6 5130611.000000 10.000000
3 5131968.000000 15.000000
2 5132450.000000 15.000000
0 5132953.000000 15.000000
4 5133459.000000 15.000000
3 5133992.000000 15.000000
2 5134473.000000 15.000000
4 5134993.000000 15.000000
5 5135650.000000 72.000000
0 5136148.000000 15.000000
3 5136634.000000 15.000000
6 5137243.000000 10.000000
5 5138505.000000 66.000000
4 5139025.000000 15.000000
2 5139597.000000 15.000000
1 5140032.000000 15.000000
3 5140604.000000 15.000000
2 5141224.000000 15.000000
0 5141755.000000 15.000000
5 5142257.000000 70.000000
5 5142727.000000 81.000000
5 5143224.000000 78.000000
6 5143781.000000 10.000000
1 5145047.000000 15.000000
5 5145517.000000 58.000000
5 5146003.000000 66.000000
0 5146449.000000 15.000000
2 5146982.000000 15.000000
2 5147423.000000 15.000000
2 5147863.000000 15.000000
4 5148427.000000 15.000000
0 5148916.000000 15.000000
4 5149519.000000 15.000000
6 5150170.000000 10.000000
1 5151444.000000 15.000000
4 5152040.000000 15.000000
2 5152671.000000 15.000000
1 5153190.000000 15.000000
3 5153613.000000 15.000000
5 5154228.000000 58.000000
3 5154820.000000 15.000000
2 5155363.000000 15.000000
5 5155964.000000 69.000000
4 5156430.000000 15.000000
6 5156960.000000 10.000000
3 5158246.000000 15.000000
4 5158753.000000 15.000000
1 5159354.000000 15.000000
0 5159926.000000 15.000000
1 5160452.000000 15.000000
3 5161024.000000 15.000000
5 5161595.000000 48.000000
0 5162096.000000 15.000000
1 5162615.000000 15.000000
0 5163233.000000 15.000000
6 5163768.000000 10.000000
2 5165166.000000 15.000000
5 5165737.000000 54.000000
4 5166269.000000 15.000000
1 5166843.000000 15.000000
1 5167444.000000 15.000000
1 5167978.000000 15.000000
4 5168594.000000 15.000000
1 5169108.000000 15.000000
5 5169544.000000 43.000000
3 5169989.000000 15.000000
6 5170480.000000 10.000000
0 5171725.000000 15.000000
5 5172245.000000 43.000000
1 5172879.000000 15.000000
5 5173303.000000 35.000000
3 5173771.000000 15.000000
4 5174393.000000 15.000000
3 5174923.000000 15.000000
0 5175527.000000 15.000000
0 5176150.000000 15.000000
5 5176610.000000 43.000000
6 5177083.000000 10.000000
2 5178455.000000 15.000000
2 5179038.000000 15.000000
5 5179607.000000 66.000000
1 5180179.000000 15.000000
0 5180620.000000 15.000000
2 5181248.000000 15.000000
4 5181749.000000 15.000000
1 5182326.000000 15.000000
3 5182817.000000 15.000000
5 5183340.000000 59.000000
6 5183927.000000 10.000000
2 5185202.000000 15.000000
4 5185739.000000 15.000000
3 5186309.000000 15.000000
4 5186849.000000 15.000000
0 5187475.000000 15.000000
0 5188036.000000 15.000000
4 5188540.000000 15.000000
0 5189140.000000 15.000000
1 5189752.000000 15.000000
0 5190358.000000 15.000000
6 5190815.000000 10.000000
1 5192066.000000 15.000000
2 5192594.000000 15.000000
5 5193067.000000 43.000000
1 5193551.000000 15.000000
0 5193988.000000 15.000000
5 5194596.000000 81.000000
4 5195155.000000 15.000000
1 5195749.000000 15.000000
0 5196252.000000 15.000000
5 5196684.000000 57.000000
6 5197235.000000 10.000000
0 5198633.000000 15.000000
0 5199222.000000 15.000000
2 5199758.000000 15.000000
1 5200195.000000 15.000000
3 5200774.000000 15.000000
5 5201395.000000 20.000000
0 5201891.000000 15.000000
3 5202479.000000 15.000000
1 5202981.000000 15.000000
5 5203419.000000 20.000000
6 5203995.000000 10.000000
3 5205336.000000 15.000000
3 5205928.000000 15.000000
4 5206459.000000 15.000000
0 5207024.000000 15.000000
2 5207519.000000 15.000000
1 5207958.000000 15.000000
2 5208545.000000 15.000000
1 5209021.000000 15.000000
2 5209560.000000 15.000000
3 5209985.000000 15.000000
6 5210524.000000 10.000000
4 5211822.000000 15.000000
0 5212384.000000 15.000000
0 5212899.000000 15.000000
5 5213398.000000 72.000000
2 5213873.000000 15.000000
2 5214371.000000 15.000000
0 5214919.000000 15.000000
5 5215437.000000 79.000000
3 5215962.000000 15.000000
1 5216469.000000 15.000000
6 5216976.000000 10.000000
2 5218341.000000 15.000000
5 5218771.000000 84.000000
0 5219364.000000 15.000000
2 5219888.000000 15.000000
2 5220410.000000 15.000000
4 5221009.000000 15.000000
0 5221501.000000 15.000000
0 5222002.000000 15.000000
0 5222485.000000 15.000000
4 5222998.000000 15.000000
6 5223576.000000 10.000000
3 5224931.000000 15.000000
1 5225528.000000 15.000000
4 5226143.000000 15.000000
3 5226698.000000 15.000000
0 5227147.000000 15.000000
5 5227752.000000 37.000000
3 5228306.000000 15.000000
1 5228795.000000 15.000000
2 5229259.000000 15.000000
2 5229703.000000 15.000000
6 5230203.000000 10.000000
3 5231467.000000 15.000000
2 5232062.000000 15.000000
2 5232546.000000 15.000000
3 5233145.000000 15.000000
2 5233710.000000 15.000000
0 5234256.000000 15.000000
1 5234763.000000 15.000000
3 5235320.000000 15.000000
1 5235948.000000 15.000000
4 5236406.000000 15.000000
6 5236919.000000 10.000000
3 5238294.000000 15.000000
0 5238900.000000 15.000000
2 5239530.000000 15.000000
5 5240042.000000 28.000000
4 5240652.000000 15.000000
2 5241314.000000 15.000000
5 5241761.000000 32.000000
3 5242286.000000 15.000000
0 5242908.000000 15.000000
4 5243389.000000 15.000000
6 5244000.000000 10.000000
2 5245303.000000 15.000000
1 5245773.000000 15.000000
2 5246342.000000 15.000000
5 5246835.000000 38.000000
2 5247357.000000 15.000000
0 5247849.000000 15.000000
5 5248353.000000 72.000000
0 5248800.000000 15.000000
3 5249313.000000 15.000000
2 5249777.000000 15.000000
6 5250390.000000 10.000000
4 5251786.000000 15.000000
2 5252362.000000 15.000000
1 5252790.000000 15.000000
1 5253234.000000 15.000000
5 5253709.000000 44.000000
4 5254249.000000 15.000000
0 5254738.000000 15.000000
0 5255347.000000 15.000000
1 5255863.000000 15.000000
5 5256338.000000 84.000000
6 5256797.000000 10.000000
5 5258174.000000 72.000000
5 5258636.000000 22.000000
5 5259210.000000 65.000000
3 5259845.000000 15.000000
4 5260352.000000 15.000000
4 5260988.000000 15.000000
2 5261598.000000 15.000000
1 5262152.000000 15.000000
1 5262632.000000 15.000000
4 5263176.000000 15.000000
6 5263671.000000 10.000000
0 5264979.000000 15.000000
4 5265458.000000 15.000000
2 5266024.000000 15.000000
5 5266632.000000 69.000000
1 5267079.000000 15.000000
5 5267563.000000 46.000000
4 5268009.000000 15.000000
2 5268650.000000 15.000000
5 5269204.000000 57.000000
0 5269774.000000 15.000000
6 5270255.000000 10.000000
3 5271626.000000 15.000000
4 5272250.000000 15.000000
5 5272803.000000 40.000000
2 5273394.000000 15.000000
4 5273905.000000 15.000000
4 5274498.000000 15.000000
0 5274973.000000 15.000000
3 5275449.000000 15.000000
3 5276029.000000 15.000000
1 5276586.000000 15.000000
6 5277204.000000 10.000000
4 5278541.000000 15.000000
1 5279026.000000 15.000000
5 5279620.000000 34.000000
3 5280249.000000 15.000000
5 5280823.000000 28.000000
2 5281282.000000 15.000000
4 5281844.000000 15.000000
4 5282379.000000 15.000000
1 5282937.000000 15.000000
5 5283505.000000 26.000000
6 5284023.000000 10.000000
3 5285284.000000 15.000000
4 5285749.000000 15.000000
4 5286415.000000 15.000000
4 5286950.000000 15.000000
1 5287588.000000 15.000000
2 5288031.000000 15.000000
3 5288609.000000 15.000000
0 5289060.000000 15.000000
2 5289683.000000 15.000000
4 5290108.000000 15.000000
6 5290587.000000 10.000000
3 5291843.000000 15.000000
5 5292294.000000 45.000000
0 5292878.000000 15.000000
3 5293429.000000 15.000000
0 5293984.000000 15.000000
4 5294550.000000 15.000000
1 5295176.000000 15.000000
0 5295720.000000 15.000000
0 5296232.000000 15.000000
2 5296742.000000 15.000000
6 5297226.000000 10.000000
5 5298534.000000 67.000000
3 5299106.000000 15.000000
5 5299672.000000 59.000000
4 5300221.000000 15.000000
3 5300772.000000 15.000000
5 5301342.000000 28.000000
5 5301894.000000 71.000000
2 5302498.000000 15.000000
1 5303069.000000 15.000000
5 5303592.000000 69.000000
6 5304193.000000 10.000000
5 5305550.000000 42.000000
3 5306154.000000 15.000000
4 5306633.000000 15.000000
5 5307293.000000 62.000000
2 5307904.000000 15.000000
4 5308508.000000 15.000000
0 5309020.000000 15.000000
5 5309572.000000 81.000000
1 5310169.000000 15.000000
3 5310638.000000 15.000000
6 5311187.000000 10.000000
3 5312573.000000 15.000000
3 5313050.000000 15.000000
2 5313595.000000 15.000000
5 5314012.000000 30.000000
0 5314645.000000 15.000000
3 5315118.000000 15.000000
5 5315680.000000 62.000000
3 5316191.000000 15.000000
3 5316677.000000 15.000000
4 5317309.000000 15.000000
6 5317858.000000 10.000000
0 5319233.000000 15.000000
0 5319826.000000 15.000000
4 5320341.000000 15.000000
4 5320843.000000 15.000000
5 5321432.000000 44.000000
5 5321984.000000 53.000000
3 5322566.000000 15.000000
4 5323037.000000 15.000000
2 5323555.000000 15.000000
1 5324046.000000 15.000000
6 5324576.000000 10.000000
1 5325912.000000 15.000000
1 5326430.000000 15.000000
0 5326925.000000 15.000000
2 5327430.000000 15.000000
1 5327858.000000 15.000000
3 5328411.000000 15.000000
3 5328873.000000 15.000000
1 5329496.000000 15.000000
0 5329950.000000 15.000000
1 5330533.000000 15.000000
6 5331045.000000 10.000000
3 5332362.000000 15.000000
1 5332847.000000 15.000000
2 5333380.000000 15.000000
2 5333868.000000 15.000000
4 5334372.000000 15.000000
5 5334990.000000 41.000000
1 5335521.000000 15.000000
4 5336000.000000 15.000000
2 5336525.000000 15.000000
4 5337043.000000 15.000000
6 5337564.000000 10.000000
3 5338921.000000 15.000000
1 5339385.000000 15.000000
3 5339858.000000 15.000000
4 5340497.000000 15.000000
0 5341121.000000 15.000000
1 5341660.000000 15.000000
2 5342095.000000 15.000000
2 5342562.000000 15.000000
1 5343101.000000 15.000000
0 5343694.000000 15.000000
6 5344324.000000 10.000000
0 5345612.000000 15.000000
3 5346063.000000 15.000000
4 5346663.000000 15.000000
2 5347216.000000 15.000000
1 5347711.000000 15.000000
2 5348320.000000 15.000000
0 5348852.000000 15.000000
0 5349342.000000 15.000000
4 5349876.000000 15.000000
2 5350458.000000 15.000000
6 5351041.000000 10.000000
5 5352311.000000 30.000000
4 5352927.000000 15.000000
1 5353466.000000 15.000000
3 5354058.000000 15.000000
3 5354577.000000 15.000000
5 5355117.000000 56.000000
3 5355643.000000 15.000000
1 5356264.000000 15.000000
1 5356809.000000 15.000000
5 5357419.000000 45.000000
6 5358052.000000 10.000000
3 5359310.000000 15.000000
5 5359789.000000 22.000000
3 5360364.000000 15.000000
1 5360987.000000 15.000000
2 5361448.000000 15.000000
4 5361905.000000 15.000000
5 5362447.000000 84.000000
1 5363045.000000 15.000000
1 5363519.000000 15.000000
2 5364034.000000 15.000000
6 5364536.000000 10.000000
5 5365850.000000 84.000000
5 5366414.000000 30.000000
3 5366938.000000 15.000000
3 5367560.000000 15.000000
0 5368035.000000 15.000000
5 5368638.000000 30.000000
2 5369090.000000 15.000000
4 5369698.000000 15.000000
5 5370258.000000 39.000000
4 5370802.000000 15.000000
6 5371318.000000 10.000000
2 5372629.000000 15.000000
2 5373055.000000 15.000000
3 5373554.000000 15.000000
4 5374014.000000 15.000000
2 5374595.000000 15.000000
5 5375169.000000 56.000000
0 5375716.000000 15.000000
4 5376314.000000 15.000000
4 5376841.000000 15.000000
0 5377381.000000 15.000000
6 5377969.000000 10.000000
4 5379364.000000 15.000000
4 5379858.000000 15.000000
2 5380465.000000 15.000000
0 5380923.000000 15.000000
2 5381507.000000 15.000000
4 5382020.000000 15.000000
0 5382644.000000 15.000000
5 5383136.000000 63.000000
4 5383620.000000 15.000000
4 5384270.000000 15.000000
6 5384881.000000 10.000000
5 5386106.000000 30.000000
3 5386699.000000 15.000000
5 5387217.000000 55.000000
5 5387846.000000 53.000000
1 5388390.000000 15.000000
2 5388956.000000 15.000000
3 5389546.000000 15.000000
1 5390188.000000 15.000000
3 5390675.000000 15.000000
0 5391182.000000 15.000000
6 5391796.000000 10.000000
0 5393203.000000 15.000000
4 5393720.000000 15.000000
5 5394354.000000 56.000000
0 5394985.000000 15.000000
1 5395516.000000 15.000000
3 5396124.000000 15.000000
5 5396683.000000 31.000000
4 5397204.000000 15.000000
2 5397715.000000 15.000000
1 5398307.000000 15.000000
6 5398897.000000 10.000000
1 5400243.000000 15.000000
0 5400685.000000 15.000000
1 5401158.000000 15.000000
1 5401608.000000 15.000000
0 5402174.000000 15.000000
5 5402769.000000 68.000000
4 5403346.000000 15.000000
2 5403915.000000 15.000000
2 5404376.000000 15.000000
1 5404954.000000 15.000000
6 5405379.000000 10.000000
3 5406712.000000 15.000000
5 5407237.000000 34.000000
2 5407690.000000 15.000000
4 5408185.000000 15.000000
1 5408798.000000 15.000000
0 5409352.000000 15.000000
3 5409934.000000 15.000000
4 5410474.000000 15.000000
0 5411089.000000 15.000000
5 5411583.000000 51.000000
6 5412091.000000 10.000000
3 5413367.000000 15.000000
3 5413819.000000 15.000000
1 5414305.000000 15.000000
5 5414850.000000 43.000000
1 5415478.000000 15.000000
0 5415967.000000 15.000000
4 5416513.000000 15.000000
3 5417046.000000 15.000000
1 5417539.000000 15.000000
1 5418037.000000 15.000000
6 5418654.000000 10.000000
2 5419981.000000 15.000000
1 5420416.000000 15.000000
2 5420951.000000 15.000000
0 5421549.000000 15.000000
5 5422142.000000 70.000000
4 5422630.000000 15.000000
2 5423241.000000 15.000000
4 5423773.000000 15.000000
1 5424445.000000 15.000000
3 5425048.000000 15.000000
6 5425538.000000 10.000000
1 5426901.000000 15.000000
3 5427439.000000 15.000000
5 5427986.000000 78.000000
0 5428562.000000 15.000000
5 5429078.000000 44.000000
0 5429664.000000 15.000000
4 5430149.000000 15.000000
4 5430709.000000 15.000000
1 5431310.000000 15.000000
2 5431908.000000 15.000000
6 5432428.000000 10.000000
2 5433692.000000 15.000000
1 5434258.000000 15.000000
3 5434786.000000 15.000000
3 5435427.000000 15.000000
5 5435997.000000 72.000000
0 5436461.000000 15.000000
1 5437074.000000 15.000000
1 5437617.000000 15.000000
1 5438178.000000 15.000000
5 5438712.000000 26.000000
6 5439329.000000 10.000000
1 5440601.000000 15.000000
4 5441184.000000 15.000000
1 5441785.000000 15.000000
4 5442329.000000 15.000000
2 5442984.000000 15.000000
4 5443477.000000 15.000000
0 5444084.000000 15.000000
0 5444695.000000 15.000000
4 5445300.000000 15.000000
1 5445874.000000 15.000000
6 5446416.000000 10.000000
1 5447687.000000 15.000000
4 5448146.000000 15.000000
0 5448728.000000 15.000000
3 5449309.000000 15.000000
5 5449818.000000 23.000000
1 5450319.000000 15.000000
2 5450847.000000 15.000000
3 5451327.000000 15.000000
5 5451968.000000 73.000000
4 5452428.000000 15.000000
6 5452938.000000 10.000000
3 5454259.000000 15.000000
3 5454850.000000 15.000000
1 5455433.000000 15.000000
2 5455881.000000 15.000000
2 5456377.000000 15.000000
4 5456901.000000 15.000000
3 5457459.000000 15.000000
1 5458094.000000 15.000000
4 5458560.000000 15.000000
3 5459039.000000 15.000000
6 5459510.000000 10.000000
5 5460734.000000 65.000000
1 5461354.000000 15.000000
2 5461965.000000 15.000000
4 5462443.000000 15.000000
1 5463082.000000 15.000000
2 5463579.000000 15.000000
5 5464129.000000 69.000000
3 5464605.000000 15.000000
1 5465063.000000 15.000000
4 5465595.000000 15.000000
6 5466151.000000 10.000000
4 5467387.000000 15.000000
1 5467971.000000 15.000000
3 5468581.000000 15.000000
3 5469156.000000 15.000000
2 5469723.000000 15.000000
2 5470197.000000 15.000000
2 5470664.000000 15.000000
5 5471117.000000 66.000000
0 5471722.000000 15.000000
2 5472249.000000 15.000000
6 5472769.000000 10.000000
5 5474147.000000 43.000000
1 5474668.000000 15.000000
5 5475226.000000 27.000000
2 5475694.000000 15.000000
4 5476198.000000 15.000000
0 5476713.000000 15.000000
3 5477314.000000 15.000000
1 5477957.000000 15.000000
4 5478489.000000 15.000000
5 5479046.000000 64.000000
6 5479598.000000 10.000000
2 5480844.000000 15.000000
2 5481377.000000 15.000000
5 5481847.000000 42.000000
3 5482476.000000 15.000000
0 5483072.000000 15.000000
3 5483662.000000 15.000000
3 5484217.000000 15.000000
2 5484744.000000 15.000000
2 5485306.000000 15.000000
1 5485811.000000 15.000000
6 5486238.000000 10.000000
4 5487630.000000 15.000000
0 5488151.000000 15.000000
4 5488727.000000 15.000000
0 5489277.000000 15.000000
1 5489726.000000 15.000000
4 5490260.000000 15.000000
5 5490891.000000 35.000000
4 5491371.000000 15.000000
3 5491940.000000 15.000000
5 5492397.000000 65.000000
6 5492933.000000 10.000000
1 5494319.000000 15.000000
3 5494848.000000 15.000000
2 5495435.000000 15.000000
4 5495886.000000 15.000000
5 5496527.000000 66.000000
2 5497035.000000 15.000000
4 5497512.000000 15.000000
5 5498071.000000 36.000000
3 5498627.000000 15.000000
4 5499172.000000 15.000000
6 5499744.000000 10.000000
5 5501082.000000 75.000000
1 5501673.000000 15.000000
5 5502105.000000 49.000000
2 5502604.000000 15.000000
4 5503164.000000 15.000000
0 5503746.000000 15.000000
5 5504215.000000 35.000000
3 5504683.000000 15.000000
0 5505312.000000 15.000000
0 5505867.000000 15.000000
6 5506427.000000 10.000000
4 5507644.000000 15.000000
3 5508286.000000 15.000000
4 5508804.000000 15.000000
5 5509467.000000 32.000000
1 5510001.000000 15.000000
1 5510466.000000 15.000000
2 5510981.000000 15.000000
2 5511430.000000 15.000000
2 5512028.000000 15.000000
3 5512507.000000 15.000000
6 5512956.000000 10.000000
2 5514344.000000 15.000000
5 5514819.000000 26.000000
3 5515325.000000 15.000000
4 5515900.000000 15.000000
5 5516514.000000 27.000000
3 5517002.000000 15.000000
3 5517587.000000 15.000000
0 5518107.000000 15.000000
3 5518628.000000 15.000000
0 5519267.000000 15.000000
6 5519714.000000 10.000000
2 5521062.000000 15.000000
0 5521604.000000 15.000000
0 5522205.000000 15.000000
1 5522664.000000 15.000000
2 5523197.000000 15.000000
0 5523713.000000 15.000000
2 5524281.000000 15.000000
0 5524864.000000 15.000000
4 5525417.000000 15.000000
0 5525931.000000 15.000000
6 5526373.000000 10.000000
0 5527650.000000 15.000000
0 5528162.000000 15.000000
4 5528735.000000 15.000000
0 5529392.000000 15.000000
3 5529980.000000 15.000000
3 5530590.000000 15.000000
5 5531079.000000 38.000000
2 5531639.000000 15.000000
5 5532054.000000 35.000000
1 5532520.000000 15.000000
6 5533003.000000 10.000000
5 5534224.000000 82.000000
5 5534800.000000 54.000000
5 5535244.000000 65.000000
4 5535687.000000 15.000000
3 5536252.000000 15.000000
4 5536853.000000 15.000000
3 5537480.000000 15.000000
5 5538053.000000 26.000000
0 5538654.000000 15.000000
3 5539217.000000 15.000000
6 5539789.000000 10.000000
5 5541169.000000 53.000000
3 5541780.000000 15.000000
4 5542403.000000 15.000000
5 5543001.000000 65.000000
3 5543626.000000 15.000000
0 5544110.000000 15.000000
4 5544707.000000 15.000000
2 5545235.000000 15.000000
5 5545712.000000 82.000000
1 5546192.000000 15.000000
6 5546637.000000 10.000000
0 5548013.000000 15.000000
5 5548554.000000 27.000000
0 5549095.000000 15.000000
5 5549651.000000 71.000000
5 5550252.000000 30.000000
5 5550722.000000 39.000000
0 5551317.000000 15.000000
2 5551824.000000 15.000000
5 5552286.000000 48.000000
5 5552904.000000 20.000000
6 5553544.000000 10.000000
3 5554945.000000 15.000000
0 5555418.000000 15.000000
4 5556049.000000 15.000000
0 5556650.000000 15.000000
5 5557089.000000 55.000000
2 5557659.000000 15.000000
3 5558164.000000 15.000000
5 5558636.000000 48.000000
3 5559147.000000 15.000000
3 5559597.000000 15.000000
6 5560129.000000 10.000000
0 5561349.000000 15.000000
3 5561843.000000 15.000000
3 5562292.000000 15.000000
2 5562898.000000 15.000000
3 5563498.000000 15.000000
2 5564064.000000 15.000000
4 5564506.000000 15.000000
2 5565079.000000 15.000000
3 5565675.000000 15.000000
5 5566166.000000 47.000000
6 5566748.000000 10.000000
0 5568099.000000 15.000000
2 5568691.000000 15.000000
1 5569145.000000 15.000000
1 5569585.000000 15.000000
2 5570203.000000 15.000000
0 5570638.000000 15.000000
2 5571150.000000 15.000000
3 5571727.000000 15.000000
5 5572301.000000 68.000000
0 5572836.000000 15.000000
6 5573426.000000 10.000000
1 5574729.000000 15.000000
1 5575190.000000 15.000000
4 5575784.000000 15.000000
2 5576423.000000 15.000000
0 5577011.000000 15.000000
0 5577447.000000 15.000000
0 5578018.000000 15.000000
4 5578649.000000 15.000000
4 5579169.000000 15.000000
4 5579796.000000 15.000000
6 5580356.000000 10.000000
3 5581613.000000 15.000000
5 5582188.000000 46.000000
0 5582716.000000 15.000000
2 5583284.000000 15.000000
1 5583841.000000 15.000000
1 5584409.000000 15.000000
3 5585011.000000 15.000000
2 5585621.000000 15.000000
2 5586221.000000 15.000000
2 5586806.000000 15.000000
6 5587251.000000 10.000000
4 5588524.000000 15.000000
4 5589140.000000 15.000000
2 5589768.000000 15.000000
1 5590322.000000 15.000000
5 5590879.000000 69.000000
3 5591394.000000 15.000000
3 5592016.000000 15.000000
1 5592480.000000 15.000000
5 5592914.000000 51.000000
5 5593510.000000 29.000000
6 5594030.000000 10.000000
4 5595286.000000 15.000000
1 5595759.000000 15.000000
3 5596324.000000 15.000000
3 5596835.000000 15.000000
2 5597360.000000 15.000000
1 5597795.000000 15.000000
5 5598275.000000 41.000000
3 5598792.000000 15.000000
1 5599301.000000 15.000000
2 5599922.000000 15.000000
6 5600375.000000 10.000000
1 5601755.000000 15.000000
1 5602233.000000 15.000000
1 5602809.000000 15.000000
3 5603425.000000 15.000000
4 5604058.000000 15.000000
2 5604721.000000 15.000000
1 5605320.000000 15.000000
0 5605805.000000 15.000000
2 5606271.000000 15.000000
3 5606834.000000 15.000000
6 5607436.000000 10.000000
3 5608677.000000 15.000000
5 5609275.000000 27.000000
1 5609853.000000 15.000000
2 5610310.000000 15.000000
5 5610822.000000 41.000000
1 5611459.000000 15.000000
2 5612019.000000 15.000000
1 5612552.000000 15.000000
1 5613001.000000 15.000000
4 5613569.000000 15.000000
6 5614057.000000 10.000000
0 5615341.000000 15.000000
3 5615804.000000 15.000000
3 5616415.000000 15.000000
5 5616998.000000 81.000000
2 5617493.000000 15.000000
2 5618071.000000 15.000000
5 5618660.000000 21.000000
5 5619151.000000 67.000000
0 5619756.000000 15.000000
2 5620226.000000 15.000000
6 5620717.000000 10.000000
3 5621974.000000 15.000000
1 5622428.000000 15.000000
2 5622925.000000 15.000000
2 5623396.000000 15.000000
2 5623930.000000 15.000000
5 5624379.000000 23.000000
5 5625018.000000 80.000000
3 5625475.000000 15.000000
1 5626108.000000 15.000000
5 5626546.000000 60.000000
6 5627160.000000 10.000000
0 5628432.000000 15.000000
4 5628904.000000 15.000000
1 5629521.000000 15.000000
5 5630009.000000 28.000000
1 5630498.000000 15.000000
1 5630933.000000 15.000000
5 5631550.000000 84.000000
1 5632127.000000 15.000000
2 5632732.000000 15.000000
3 5633256.000000 15.000000
6 5633744.000000 10.000000
1 5635106.000000 15.000000
4 5635583.000000 15.000000
1 5636178.000000 15.000000
0 5636764.000000 15.000000
2 5637315.000000 15.000000
3 5637905.000000 15.000000
4 5638497.000000 15.000000
0 5639135.000000 15.000000
5 5639766.000000 75.000000
1 5640293.000000 15.000000
6 5640905.000000 10.000000
4 5642273.000000 15.000000
0 5642753.000000 15.000000
4 5643323.000000 15.000000
1 5643912.000000 15.000000
4 5644518.000000 15.000000
4 5644993.000000 15.000000
1 5645634.000000 15.000000
2 5646115.000000 15.000000
3 5646602.000000 15.000000
1 5647213.000000 15.000000
6 5647778.000000 10.000000
1 5649160.000000 15.000000
5 5649591.000000 40.000000
2 5650225.000000 15.000000
5 5650774.000000 72.000000
5 5651326.000000 76.000000
4 5651934.000000 15.000000
3 5652585.000000 15.000000
3 5653047.000000 15.000000
5 5653634.000000 81.000000
3 5654249.000000 15.000000
6 5654735.000000 10.000000
2 5656058.000000 15.000000
0 5656644.000000 15.000000
4 5657155.000000 15.000000
4 5657645.000000 15.000000
4 5658250.000000 15.000000
2 5658745.000000 15.000000
0 5659215.000000 15.000000
2 5659793.000000 15.000000
3 5660364.000000 15.000000
5 5660948.000000 35.000000
6 5661482.000000 10.000000
0 5662878.000000 15.000000
5 5663376.000000 54.000000
3 5663988.000000 15.000000
1 5664624.000000 15.000000
4 5665120.000000 15.000000
1 5665784.000000 15.000000
3 5666358.000000 15.000000
2 5666903.000000 15.000000
4 5667388.000000 15.000000
4 5667861.000000 15.000000
6 5668482.000000 10.000000
1 5669886.000000 15.000000
5 5670424.000000 21.000000
2 5670980.000000 15.000000
5 5671572.000000 22.000000
1 5672111.000000 15.000000
4 5672562.000000 15.000000
4 5673219.000000 15.000000
0 5673835.000000 15.000000
0 5674365.000000 15.000000
2 5674901.000000 15.000000
6 5675326.000000 10.000000
5 5676637.000000 37.000000
0 5677193.000000 15.000000
3 5677681.000000 15.000000
5 5678300.000000 69.000000
1 5678796.000000 15.000000
0 5679418.000000 15.000000
3 5679924.000000 15.000000
3 5680385.000000 15.000000
1 5681019.000000 15.000000
2 5681606.000000 15.000000
6 5682086.000000 10.000000
0 5683425.000000 15.000000
0 5683990.000000 15.000000
4 5684440.000000 15.000000
2 5685073.000000 15.000000
3 5685684.000000 15.000000
3 5686263.000000 15.000000
0 5686799.000000 15.000000
5 5687338.000000 73.000000
1 5687956.000000 15.000000
5 5688402.000000 52.000000
6 5688907.000000 10.000000
5 5690202.000000 43.000000
3 5690708.000000 15.000000
5 5691171.000000 37.000000
0 5691669.000000 15.000000
3 5692246.000000 15.000000
4 5692801.000000 15.000000
1 5693431.000000 15.000000
3 5694015.000000 15.000000
4 5694661.000000 15.000000
2 5695145.000000 15.000000
6 5695752.000000 10.000000
0 5697127.000000 15.000000
5 5697575.000000 42.000000
0 5698042.000000 15.000000
5 5698537.000000 82.000000
3 5699177.000000 15.000000
2 5699740.000000 15.000000
1 5700263.000000 15.000000
1 5700710.000000 15.000000
2 5701183.000000 15.000000
5 5701762.000000 66.000000
6 5702333.000000 10.000000
5 5703707.000000 81.000000
4 5704308.000000 15.000000
3 5704876.000000 15.000000
1 5705478.000000 15.000000
0 5705937.000000 15.000000
4 5706416.000000 15.000000
1 5706997.000000 15.000000
5 5707482.000000 66.000000
5 5708120.000000 68.000000
2 5708621.000000 15.000000
6 5709213.000000 10.000000
1 5710480.000000 15.000000
0 5710992.000000 15.000000
2 5711438.000000 15.000000
4 5711875.000000 15.000000
3 5712539.000000 15.000000
5 5713092.000000 24.000000
5 5713568.000000 42.000000
3 5714028.000000 15.000000
3 5714566.000000 15.000000
2 5715079.000000 15.000000
6 5715614.000000 10.000000
2 5716917.000000 15.000000
0 5717435.000000 15.000000
5 5717965.000000 36.000000
4 5718517.000000 15.000000
3 5719021.000000 15.000000
2 5719507.000000 15.000000
4 5719922.000000 15.000000
5 5720512.000000 26.000000
4 5721017.000000 15.000000
5 5721500.000000 24.000000
6 5722018.000000 10.000000
5 5723334.000000 31.000000
2 5723946.000000 15.000000
0 5724475.000000 15.000000
2 5725012.000000 15.000000
3 5725616.000000 15.000000
3 5726202.000000 15.000000
0 5726655.000000 15.000000
2 5727138.000000 15.000000
0 5727642.000000 15.000000
5 5728167.000000 71.000000
6 5728717.000000 10.000000
1 5730021.000000 15.000000
5 5730475.000000 45.000000
5 5730998.000000 83.000000
0 5731496.000000 15.000000
2 5732056.000000 15.000000
2 5732666.000000 15.000000
2 5733250.000000 15.000000
0 5733778.000000 15.000000
4 5734340.000000 15.000000
2 5734956.000000 15.000000
6 5735446.000000 10.000000
2 5736847.000000 15.000000
1 5737396.000000 15.000000
5 5737835.000000 40.000000
3 5738397.000000 15.000000
0 5738902.000000 15.000000
5 5739386.000000 35.000000
3 5739977.000000 15.000000
3 5740501.000000 15.000000
3 5741014.000000 15.000000
4 5741525.000000 15.000000
6 5742123.000000 10.000000
4 5743362.000000 15.000000
2 5743930.000000 15.000000
1 5744410.000000 15.000000
1 5745024.000000 15.000000
0 5745599.000000 15.000000
1 5746113.000000 15.000000
4 5746728.000000 15.000000
1 5747332.000000 15.000000
2 5747809.000000 15.000000
2 5748420.000000 15.000000
6 5748913.000000 10.000000
5 5750180.000000 51.000000
5 5750701.000000 72.000000
1 5751306.000000 15.000000
3 5751921.000000 15.000000
0 5752402.000000 15.000000
3 5752961.000000 15.000000
5 5753442.000000 69.000000
3 5753966.000000 15.000000
1 5754604.000000 15.000000
1 5755176.000000 15.000000
6 5755782.000000 10.000000
0 5757062.000000 15.000000
5 5757550.000000 70.000000
0 5758057.000000 15.000000
0 5758521.000000 15.000000
4 5759000.000000 15.000000
1 5759495.000000 15.000000
0 5760097.000000 15.000000
4 5760713.000000 15.000000
2 5761269.000000 15.000000
5 5761809.000000 41.000000
6 5762415.000000 10.000000
1 5763726.000000 15.000000
5 5764205.000000 28.000000
2 5764708.000000 15.000000
4 5765184.000000 15.000000
2 5765692.000000 15.000000
2 5766210.000000 15.000000
2 5766662.000000 15.000000
4 5767147.000000 15.000000
3 5767681.000000 15.000000
5 5768292.000000 31.000000
6 5768752.000000 10.000000
1 5770020.000000 15.000000
5 5770494.000000 75.000000
2 5770992.000000 15.000000
5 5771474.000000 51.000000
2 5771936.000000 15.000000
2 5772536.000000 15.000000
1 5773094.000000 15.000000
1 5773585.000000 15.000000
0 5774115.000000 15.000000
5 5774675.000000 29.000000
6 5775242.000000 10.000000
3 5776647.000000 15.000000
0 5777136.000000 15.000000
0 5777607.000000 15.000000
4 5778091.000000 15.000000
2 5778617.000000 15.000000
4 5779117.000000 15.000000
3 5779599.000000 15.000000
1 5780153.000000 15.000000
5 5780616.000000 56.000000
3 5781141.000000 15.000000
6 5781709.000000 10.000000
1 5782994.000000 15.000000
2 5783582.000000 15.000000
0 5784157.000000 15.000000
2 5784617.000000 15.000000
3 5785146.000000 15.000000
1 5785623.000000 15.000000
2 5786118.000000 15.000000
1 5786550.000000 15.000000
2 5787018.000000 15.000000
5 5787582.000000 32.000000
6 5788190.000000 10.000000
2 5789473.000000 15.000000
4 5789963.000000 15.000000
5 5790613.000000 45.000000
3 5791207.000000 15.000000
1 5791774.000000 15.000000
1 5792267.000000 15.000000
3 5792720.000000 15.000000
4 5793216.000000 15.000000
0 5793787.000000 15.000000
2 5794417.000000 15.000000
6 5794983.000000 10.000000
1 5796224.000000 15.000000
0 5796701.000000 15.000000
2 5797235.000000 15.000000
1 5797701.000000 15.000000
1 5798171.000000 15.000000
0 5798753.000000 15.000000
0 5799279.000000 15.000000
4 5799744.000000 15.000000
3 5800232.000000 15.000000
0 5800829.000000 15.000000
6 5801427.000000 10.000000
4 5802700.000000 15.000000
3 5803254.000000 15.000000
0 5803882.000000 15.000000
0 5804384.000000 15.000000
2 5804836.000000 15.000000
0 5805396.000000 15.000000
5 5805918.000000 35.000000
4 5806524.000000 15.000000
5 5807155.000000 44.000000
2 5807777.000000 15.000000
6 5808379.000000 10.000000
0 5809631.000000 15.000000
5 5810216.000000 49.000000
3 5810804.000000 15.000000
1 5811402.000000 15.000000
1 5811929.000000 15.000000
1 5812423.000000 15.000000
5 5812963.000000 48.000000
1 5813594.000000 15.000000
0 5814034.000000 15.000000
2 5814599.000000 15.000000
6 5815027.000000 10.000000
4 5816271.000000 15.000000
4 5816858.000000 15.000000
1 5817358.000000 15.000000
2 5817840.000000 15.000000
2 5818452.000000 15.000000
2 5818955.000000 15.000000
2 5819406.000000 15.000000
3 5819821.000000 15.000000
1 5820305.000000 15.000000
1 5820872.000000 15.000000
6 5821388.000000 10.000000
3 5822661.000000 15.000000
5 5823255.000000 36.000000
1 5823796.000000 15.000000
0 5824293.000000 15.000000
0 5824811.000000 15.000000
3 5825337.000000 15.000000
5 5825855.000000 49.000000
4 5826426.000000 15.000000
2 5827018.000000 15.000000
4 5827565.000000 15.000000
6 5828078.000000 10.000000
2 5829381.000000 15.000000
1 5829915.000000 15.000000
1 5830434.000000 15.000000
4 5830880.000000 15.000000
1 5831513.000000 15.000000
0 5832005.000000 15.000000
2 5832478.000000 15.000000
0 5832977.000000 15.000000
3 5833484.000000 15.000000
2 5833971.000000 15.000000
6 5834410.000000 10.000000
0 5835710.000000 15.000000
2 5836317.000000 15.000000
0 5836813.000000 15.000000
4 5837267.000000 15.000000
1 5837790.000000 15.000000
3 5838249.000000 15.000000
1 5838740.000000 15.000000
1 5839182.000000 15.000000
5 5839761.000000 45.000000
2 5840213.000000 15.000000
6 5840653.000000 10.000000
2 5841969.000000 15.000000
5 5842476.000000 29.000000
4 5843049.000000 15.000000
1 5843591.000000 15.000000
3 5844151.000000 15.000000
0 5844654.000000 15.000000
0 5845283.000000 15.000000
5 5845821.000000 42.000000
5 5846416.000000 33.000000
2 5846929.000000 15.000000
6 5847428.000000 10.000000
4 5848753.000000 15.000000
2 5849406.000000 15.000000
4 5849980.000000 15.000000
1 5850557.000000 15.000000
2 5851065.000000 15.000000
2 5851499.000000 15.000000
5 5851957.000000 20.000000
4 5852521.000000 15.000000
3 5853081.000000 15.000000
3 5853725.000000 15.000000
6 5854211.000000 10.000000
1 5855470.000000 15.000000
3 5855973.000000 15.000000
0 5856423.000000 15.000000
1 5856948.000000 15.000000
4 5857394.000000 15.000000
1 5858047.000000 15.000000
4 5858550.000000 15.000000
0 5859154.000000 15.000000
5 5859733.000000 43.000000
3 5860260.000000 15.000000
6 5860883.000000 10.000000
5 5862123.000000 28.000000
3 5862578.000000 15.000000
3 5863059.000000 15.000000
1 5863624.000000 15.000000
4 5864227.000000 15.000000
5 5864792.000000 70.000000
0 5865396.000000 15.000000
0 5865860.000000 15.000000
0 5866472.000000 15.000000
3 5867013.000000 15.000000
6 5867626.000000 10.000000
0 5868966.000000 15.000000
1 5869592.000000 15.000000
0 5870108.000000 15.000000
0 5870548.000000 15.000000
2 5871071.000000 15.000000
0 5871636.000000 15.000000
2 5872203.000000 15.000000
5 5872790.000000 30.000000
3 5873305.000000 15.000000
2 5873770.000000 15.000000
6 5874311.000000 10.000000
2 5875652.000000 15.000000
5 5876119.000000 66.000000
0 5876595.000000 15.000000
3 5877105.000000 15.000000
2 5877577.000000 15.000000
1 5878173.000000 15.000000
4 5878776.000000 15.000000
4 5879423.000000 15.000000
0 5880043.000000 15.000000
5 5880617.000000 56.000000
6 5881136.000000 10.000000
4 5882469.000000 15.000000
3 5883135.000000 15.000000
5 5883654.000000 24.000000
3 5884153.000000 15.000000
3 5884741.000000 15.000000
0 5885379.000000 15.000000
3 5885973.000000 15.000000
3 5886448.000000 15.000000
2 5886965.000000 15.000000
1 5887392.000000 15.000000
6 5887988.000000 10.000000
5 5889224.000000 42.000000
3 5889796.000000 15.000000
5 5890397.000000 48.000000
0 5890852.000000 15.000000
1 5891344.000000 15.000000
5 5891900.000000 25.000000
3 5892414.000000 15.000000
4 5892891.000000 15.000000
4 5893372.000000 15.000000
5 5893881.000000 39.000000
6 5894469.000000 10.000000
3 5895755.000000 15.000000
0 5896239.000000 15.000000
1 5896832.000000 15.000000
1 5897389.000000 15.000000
0 5897874.000000 15.000000
5 5898467.000000 28.000000
5 5899016.000000 50.000000
4 5899647.000000 15.000000
5 5900306.000000 25.000000
1 5900797.000000 15.000000
6 5901391.000000 10.000000
1 5902760.000000 15.000000
4 5903201.000000 15.000000
1 5903787.000000 15.000000
2 5904254.000000 15.000000
5 5904853.000000 41.000000
2 5905458.000000 15.000000
1 5905992.000000 15.000000
1 5906609.000000 15.000000
3 5907124.000000 15.000000
4 5907660.000000 15.000000
6 5908321.000000 10.000000
2 5909534.000000 15.000000
4 5910094.000000 15.000000
5 5910593.000000 54.000000
2 5911122.000000 15.000000
5 5911661.000000 68.000000
1 5912256.000000 15.000000
2 5912746.000000 15.000000
4 5913186.000000 15.000000
1 5913666.000000 15.000000
5 5914190.000000 50.000000
6 5914769.000000 10.000000
2 5916099.000000 15.000000
2 5916619.000000 15.000000
0 5917187.000000 15.000000
3 5917638.000000 15.000000
5 5918154.000000 67.000000
2 5918724.000000 15.000000
5 5919246.000000 83.000000
2 5919707.000000 15.000000
1 5920131.000000 15.000000
1 5920679.000000 15.000000
6 5921229.000000 10.000000
2 5922638.000000 15.000000
1 5923156.000000 15.000000
2 5923740.000000 15.000000
5 5924241.000000 25.000000
1 5924826.000000 15.000000
5 5925258.000000 33.000000
1 5925864.000000 15.000000
3 5926478.000000 15.000000
5 5926976.000000 24.000000
0 5927558.000000 15.000000
6 5928152.000000 10.000000
2 5929364.000000 15.000000
5 5929804.000000 49.000000
0 5930261.000000 15.000000
4 5930837.000000 15.000000
0 5931389.000000 15.000000
5 5931945.000000 37.000000
4 5932555.000000 15.000000
1 5933137.000000 15.000000
2 5933587.000000 15.000000
5 5934081.000000 36.000000
6 5934609.000000 10.000000
0 5935879.000000 15.000000
2 5936406.000000 15.000000
4 5936878.000000 15.000000
3 5937495.000000 15.000000
4 5938047.000000 15.000000
0 5938551.000000 15.000000
4 5938990.000000 15.000000
3 5939540.000000 15.000000
1 5940145.000000 15.000000
1 5940644.000000 15.000000
6 5941237.000000 10.000000
4 5942533.000000 15.000000
1 5943176.000000 15.000000
0 5943600.000000 15.000000
0 5944119.000000 15.000000
2 5944697.000000 15.000000
4 5945253.000000 15.000000
5 5945806.000000 58.000000
0 5946444.000000 15.000000
4 5946953.000000 15.000000
3 5947556.000000 15.000000
6 5948045.000000 10.000000
3 5949345.000000 15.000000
4 5949979.000000 15.000000
1 5950503.000000 15.000000
1 5950988.000000 15.000000
1 5951606.000000 15.000000
4 5952108.000000 15.000000
0 5952737.000000 15.000000
4 5953365.000000 15.000000
5 5953842.000000 74.000000
5 5954364.000000 78.000000
6 5954863.000000 10.000000
0 5956212.000000 15.000000
2 5956775.000000 15.000000
5 5957311.000000 59.000000
0 5957789.000000 15.000000
3 5958326.000000 15.000000
1 5958928.000000 15.000000
2 5959408.000000 15.000000
4 5959899.000000 15.000000
2 5960434.000000 15.000000
4 5961024.000000 15.000000
6 5961551.000000 10.000000
1 5962959.000000 15.000000
2 5963571.000000 15.000000
5 5964088.000000 30.000000
4 5964548.000000 15.000000
0 5965124.000000 15.000000
4 5965713.000000 15.000000
0 5966206.000000 15.000000
0 5966755.000000 15.000000
4 5967299.000000 15.000000
3 5967917.000000 15.000000
6 5968480.000000 10.000000
5 5969873.000000 55.000000
2 5970488.000000 15.000000
3 5970971.000000 15.000000
3 5971546.000000 15.000000
1 5972074.000000 15.000000
3 5972600.000000 15.000000
0 5973055.000000 15.000000
2 5973667.000000 15.000000
1 5974214.000000 15.000000
5 5974729.000000 27.000000
6 5975299.000000 10.000000
3 5976606.000000 15.000000
2 5977103.000000 15.000000
0 5977563.000000 15.000000
4 5978116.000000 15.000000
4 5978783.000000 15.000000
2 5979413.000000 15.000000
3 5979956.000000 15.000000
0 5980530.000000 15.000000
3 5981014.000000 15.000000
3 5981470.000000 15.000000
6 5981948.000000 10.000000
2 5983296.000000 15.000000
1 5983755.000000 15.000000
4 5984289.000000 15.000000
3 5984883.000000 15.000000
2 5985333.000000 15.000000
3 5985877.000000 15.000000
2 5986340.000000 15.000000
4 5986837.000000 15.000000
3 5987369.000000 15.000000
4 5987975.000000 15.000000
6 5988529.000000 10.000000
3 5989743.000000 15.000000
4 5990324.000000 15.000000
0 5990941.000000 15.000000
4 5991446.000000 15.000000
4 5992023.000000 15.000000
1 5992690.000000 15.000000
0 5993234.000000 15.000000
3 5993808.000000 15.000000
4 5994292.000000 15.000000
0 5994812.000000 15.000000
6 5995318.000000 10.000000
4 5996714.000000 15.000000
4 5997336.000000 15.000000
3 5997969.000000 15.000000
1 5998586.000000 15.000000
1 5999176.000000 15.000000
0 5999624.000000 15.000000
2 6000098.000000 15.000000
3 6000583.000000 15.000000
0 6001084.000000 15.000000
4 6001672.000000 15.000000
6 6002216.000000 10.000000
2 6003603.000000 15.000000
0 6004168.000000 15.000000
5 6004616.000000 62.000000
5 6005193.000000 50.000000
4 6005697.000000 15.000000
0 6006303.000000 15.000000
1 6006769.000000 15.000000
2 6007274.000000 15.000000
1 6007694.000000 15.000000
2 6008229.000000 15.000000
6 6008682.000000 10.000000
0 6010071.000000 15.000000
2 6010677.000000 15.000000
4 6011198.000000 15.000000
1 6011739.000000 15.000000
1 6012188.000000 15.000000
1 6012705.000000 15.000000
5 6013166.000000 35.000000
4 6013736.000000 15.000000
5 6014284.000000 30.000000
5 6014773.000000 20.000000
6 6015271.000000 10.000000
4 6016595.000000 15.000000
5 6017158.000000 31.000000
3 6017663.000000 15.000000
0 6018193.000000 15.000000
1 6018632.000000 15.000000
4 6019232.000000 15.000000
4 6019868.000000 15.000000
1 6020411.000000 15.000000
2 6020998.000000 15.000000
0 6021522.000000 15.000000
6 6022134.000000 10.000000
4 6023535.000000 15.000000
2 6024090.000000 15.000000
3 6024526.000000 15.000000
0 6025123.000000 15.000000
2 6025574.000000 15.000000
0 6026045.000000 15.000000
5 6026580.000000 48.000000
5 6027185.000000 21.000000
4 6027686.000000 15.000000
4 6028179.000000 15.000000
6 6028698.000000 10.000000
2 6029929.000000 15.000000
1 6030540.000000 15.000000
3 6031107.000000 15.000000
5 6031755.000000 34.000000
3 6032358.000000 15.000000
4 6032927.000000 15.000000
2 6033429.000000 15.000000
5 6033890.000000 25.000000
2 6034471.000000 15.000000
0 6034918.000000 15.000000
6 6035409.000000 10.000000
2 6036700.000000 15.000000
4 6037181.000000 15.000000
3 6037664.000000 15.000000
1 6038115.000000 15.000000
0 6038671.000000 15.000000
1 6039173.000000 15.000000
2 6039663.000000 15.000000
2 6040274.000000 15.000000
0 6040878.000000 15.000000
4 6041373.000000 15.000000
6 6041870.000000 10.000000
0 6043245.000000 15.000000
3 6043685.000000 15.000000
1 6044317.000000 15.000000
1 6044788.000000 15.000000
2 6045304.000000 15.000000
5 6045809.000000 54.000000
0 6046341.000000 15.000000
5 6046950.000000 51.000000
3 6047481.000000 15.000000
3 6048087.000000 15.000000
6 6048658.000000 10.000000
4 6049949.000000 15.000000
2 6050593.000000 15.000000
3 6051018.000000 15.000000
1 6051510.000000 15.000000
4 6051940.000000 15.000000
0 6052571.000000 15.000000
0 6053017.000000 15.000000
3 6053512.000000 15.000000
2 6054056.000000 15.000000
4 6054658.000000 15.000000
6 6055218.000000 10.000000
3 6056489.000000 15.000000
1 6057056.000000 15.000000
5 6057566.000000 70.000000
2 6058067.000000 15.000000
2 6058570.000000 15.000000
5 6059024.000000 77.000000
0 6059491.000000 15.000000
0 6059943.000000 15.000000
3 6060405.000000 15.000000
4 6060916.000000 15.000000
6 6061540.000000 10.000000
2 6062922.000000 15.000000
0 6063447.000000 15.000000
4 6064073.000000 15.000000
3 6064729.000000 15.000000
2 6065252.000000 15.000000
3 6065680.000000 15.000000
3 6066277.000000 15.000000
0 6066835.000000 15.000000
1 6067381.000000 15.000000
1 6067869.000000 15.000000
6 6068478.000000 10.000000
4 6069832.000000 15.000000
3 6070487.000000 15.000000
3 6070982.000000 15.000000
2 6071526.000000 15.000000
4 6072124.000000 15.000000
2 6072789.000000 15.000000
1 6073319.000000 15.000000
5 6073754.000000 77.000000
0 6074334.000000 15.000000
4 6074837.000000 15.000000
6 6075369.000000 10.000000
3 6076645.000000 15.000000
4 6077153.000000 15.000000
2 6077626.000000 15.000000
2 6078119.000000 15.000000
1 6078644.000000 15.000000
5 6079219.000000 70.000000
5 6079761.000000 59.000000
3 6080316.000000 15.000000
5 6080923.000000 37.000000
4 6081435.000000 15.000000
6 6081918.000000 10.000000
0 6083271.000000 15.000000
1 6083712.000000 15.000000
2 6084311.000000 15.000000
2 6084827.000000 15.000000
3 6085322.000000 15.000000
4 6085792.000000 15.000000
4 6086349.000000 15.000000
2 6086936.000000 15.000000
0 6087353.000000 15.000000
0 6087869.000000 15.000000
6 6088411.000000 10.000000
2 6089791.000000 15.000000
1 6090223.000000 15.000000
5 6090803.000000 70.000000
3 6091248.000000 15.000000
5 6091861.000000 79.000000
3 6092312.000000 15.000000
0 6092922.000000 15.000000
1 6093542.000000 15.000000
5 6094068.000000 32.000000
3 6094558.000000 15.000000
6 6095168.000000 10.000000
4 6096565.000000 15.000000
3 6097124.000000 15.000000
2 6097661.000000 15.000000
2 6098156.000000 15.000000
5 6098589.000000 69.000000
5 6099194.000000 46.000000
1 6099681.000000 15.000000
5 6100289.000000 24.000000
1 6100859.000000 15.000000
5 6101341.000000 79.000000
6 6101870.000000 10.000000
0 6103225.000000 15.000000
2 6103823.000000 15.000000
1 6104291.000000 15.000000
1 6104799.000000 15.000000
4 6105293.000000 15.000000
4 6105791.000000 15.000000
4 6106288.000000 15.000000
2 6106838.000000 15.000000
4 6107389.000000 15.000000
1 6108040.000000 15.000000
6 6108491.000000 10.000000
0 6109744.000000 15.000000
5 6110341.000000 69.000000
0 6110805.000000 15.000000
4 6111253.000000 15.000000
5 6111893.000000 74.000000
5 6112361.000000 79.000000
1 6112968.000000 15.000000
1 6113505.000000 15.000000
5 6114096.000000 45.000000
5 6114678.000000 71.000000
6 6115263.000000 10.000000
1 6116633.000000 15.000000
5 6117179.000000 28.000000
4 6117709.000000 15.000000
3 6118340.000000 15.000000
1 6118875.000000 15.000000
0 6119401.000000 15.000000
5 6119926.000000 45.000000
0 6120463.000000 15.000000
3 6120976.000000 15.000000
1 6121613.000000 15.000000
6 6122098.000000 10.000000
1 6123357.000000 15.000000
2 6123820.000000 15.000000
4 6124336.000000 15.000000
2 6124838.000000 15.000000
3 6125262.000000 15.000000
5 6125894.000000 76.000000
5 6126432.000000 74.000000
5 6126907.000000 46.000000
5 6127377.000000 82.000000
4 6127838.000000 15.000000
6 6128499.000000 10.000000
5 6129863.000000 40.000000
4 6130348.000000 15.000000
4 6130991.000000 15.000000
4 6131611.000000 15.000000
2 6132140.000000 15.000000
1 6132706.000000 15.000000
2 6133222.000000 15.000000
0 6133690.000000 15.000000
0 6134210.000000 15.000000
2 6134803.000000 15.000000
6 6135269.000000 10.000000
1 6136575.000000 15.000000
3 6137009.000000 15.000000
0 6137636.000000 15.000000
4 6138249.000000 15.000000
0 6138880.000000 15.000000
4 6139355.000000 15.000000
0 6139876.000000 15.000000
3 6140472.000000 15.000000
0 6141071.000000 15.000000
5 6141577.000000 20.000000
6 6142060.000000 10.000000
4 6143430.000000 15.000000
5 6144010.000000 28.000000
2 6144598.000000 15.000000
5 6145123.000000 41.000000
3 6145715.000000 15.000000
1 6146228.000000 15.000000
5 6146793.000000 32.000000
0 6147297.000000 15.000000
0 6147830.000000 15.000000
5 6148321.000000 62.000000
6 6148771.000000 10.000000
3 6149988.000000 15.000000
5 6150538.000000 43.000000
5 6151079.000000 52.000000
2 6151667.000000 15.000000
0 6152086.000000 15.000000
1 6152612.000000 15.000000
4 6153136.000000 15.000000
3 6153780.000000 15.000000
5 6154247.000000 47.000000
5 6154802.000000 71.000000
6 6155379.000000 10.000000
3 6156743.000000 15.000000
4 6157385.000000 15.000000
4 6157877.000000 15.000000
3 6158439.000000 15.000000
3 6158998.000000 15.000000
1 6159622.000000 15.000000
5 6160069.000000 67.000000
2 6160693.000000 15.000000
5 6161282.000000 70.000000
2 6161785.000000 15.000000
6 6162350.000000 10.000000
3 6163568.000000 15.000000
4 6164081.000000 15.000000
5 6164752.000000 26.000000
1 6165278.000000 15.000000
3 6165841.000000 15.000000
3 6166479.000000 15.000000
2 6166934.000000 15.000000
5 6167444.000000 39.000000
3 6168072.000000 15.000000
2 6168524.000000 15.000000
6 6169084.000000 10.000000
2 6170422.000000 15.000000
5 6170943.000000 50.000000
4 6171521.000000 15.000000
3 6172154.000000 15.000000
2 6172671.000000 15.000000
5 6173106.000000 36.000000
2 6173735.000000 15.000000
4 6174205.000000 15.000000
4 6174779.000000 15.000000
3 6175307.000000 15.000000
6 6175799.000000 10.000000
2 6177082.000000 15.000000
5 6177580.000000 73.000000
3 6178212.000000 15.000000
5 6178753.000000 47.000000
4 6179311.000000 15.000000
4 6179936.000000 15.000000
3 6180543.000000 15.000000
4 6181051.000000 15.000000
1 6181618.000000 15.000000
3 6182224.000000 15.000000
6 6182857.000000 10.000000
5 6184190.000000 69.000000
0 6184668.000000 15.000000
2 6185272.000000 15.000000
0 6185812.000000 15.000000
4 6186368.000000 15.000000
0 6186972.000000 15.000000
0 6187494.000000 15.000000
3 6187973.000000 15.000000
5 6188422.000000 47.000000
1 6188990.000000 15.000000
6 6189413.000000 10.000000
1 6190821.000000 15.000000
4 6191349.000000 15.000000
2 6191972.000000 15.000000
4 6192411.000000 15.000000
5 6192893.000000 84.000000
4 6193482.000000 15.000000
0 6194106.000000 15.000000
3 6194633.000000 15.000000
4 6195133.000000 15.000000
5 6195745.000000 37.000000
6 6196288.000000 10.000000
3 6197631.000000 15.000000
0 6198162.000000 15.000000
5 6198670.000000 22.000000
0 6199140.000000 15.000000
5 6199762.000000 28.000000
1 6200352.000000 15.000000
4 6200935.000000 15.000000
0 6201586.000000 15.000000
0 6202096.000000 15.000000
1 6202597.000000 15.000000
6 6203164.000000 10.000000
2 6204420.000000 15.000000
1 6204956.000000 15.000000
1 6205455.000000 15.000000
4 6205967.000000 15.000000
3 6206627.000000 15.000000
4 6207099.000000 15.000000
1 6207625.000000 15.000000
2 6208218.000000 15.000000
4 6208806.000000 15.000000
2 6209423.000000 15.000000
6 6209910.000000 10.000000
2 6211210.000000 15.000000
3 6211727.000000 15.000000
0 6212253.000000 15.000000
2 6212799.000000 15.000000
2 6213355.000000 15.000000
0 6213883.000000 15.000000
1 6214508.000000 15.000000
2 6215027.000000 15.000000
2 6215586.000000 15.000000
5 6216172.000000 34.000000
6 6216692.000000 10.000000
0 6217986.000000 15.000000
3 6218559.000000 15.000000
1 6219078.000000 15.000000
5 6219607.000000 78.000000
2 6220211.000000 15.000000
2 6220637.000000 15.000000
4 6221135.000000 15.000000
1 6221800.000000 15.000000
2 6222376.000000 15.000000
2 6222899.000000 15.000000
6 6223500.000000 10.000000
4 6224849.000000 15.000000
2 6225378.000000 15.000000
2 6225890.000000 15.000000
0 6226342.000000 15.000000
3 6226961.000000 15.000000
2 6227511.000000 15.000000
0 6228042.000000 15.000000
2 6228503.000000 15.000000
3 6228993.000000 15.000000
5 6229531.000000 21.000000
6 6230139.000000 10.000000
5 6231369.000000 75.000000
3 6231979.000000 15.000000
0 6232561.000000 15.000000
0 6233131.000000 15.000000
4 6233598.000000 15.000000
3 6234210.000000 15.000000
4 6234780.000000 15.000000
4 6235311.000000 15.000000
0 6235813.000000 15.000000
2 6236334.000000 15.000000
6 6236854.000000 10.000000
3 6238211.000000 15.000000
3 6238669.000000 15.000000
3 6239219.000000 15.000000
1 6239809.000000 15.000000
0 6240318.000000 15.000000
5 6240801.000000 39.000000
3 6241390.000000 15.000000
2 6242036.000000 15.000000
1 6242475.000000 15.000000
2 6242989.000000 15.000000
6 6243486.000000 10.000000
0 6244849.000000 15.000000
4 6245363.000000 15.000000
4 6245914.000000 15.000000
1 6246521.000000 15.000000
1 6247063.000000 15.000000
0 6247595.000000 15.000000
0 6248075.000000 15.000000
2 6248581.000000 15.000000
1 6249138.000000 15.000000
5 6249713.000000 38.000000
6 6250259.000000 10.000000
3 6251627.000000 15.000000
0 6252249.000000 15.000000
0 6252801.000000 15.000000
4 6253235.000000 15.000000
3 6253731.000000 15.000000
1 6254191.000000 15.000000
4 6254696.000000 15.000000
5 6255238.000000 57.000000
2 6255688.000000 15.000000
1 6256173.000000 15.000000
6 6256763.000000 10.000000
4 6258016.000000 15.000000
2 6258682.000000 15.000000
4 6259204.000000 15.000000
3 6259771.000000 15.000000
2 6260311.000000 15.000000
0 6260757.000000 15.000000
5 6261328.000000 46.000000
0 6261774.000000 15.000000
4 6262402.000000 15.000000
0 6262943.000000 15.000000
6 6263389.000000 10.000000
0 6264655.000000 15.000000
3 6265205.000000 15.000000
4 6265792.000000 15.000000
0 6266342.000000 15.000000
3 6266961.000000 15.000000
1 6267483.000000 15.000000
1 6267909.000000 15.000000
1 6268449.000000 15.000000
3 6269040.000000 15.000000
3 6269597.000000 15.000000
6 6270196.000000 10.000000
4 6271438.000000 15.000000
0 6271952.000000 15.000000
4 6272491.000000 15.000000
2 6273074.000000 15.000000
0 6273588.000000 15.000000
4 6274026.000000 15.000000
2 6274571.000000 15.000000
5 6274992.000000 28.000000
3 6275478.000000 15.000000
0 6275951.000000 15.000000
6 6276529.000000 10.000000
0 6277847.000000 15.000000
4 6278353.000000 15.000000
4 6278984.000000 15.000000
0 6279592.000000 15.000000
1 6280058.000000 15.000000
2 6280593.000000 15.000000
3 6281055.000000 15.000000
4 6281649.000000 15.000000
5 6282154.000000 20.000000
4 6282626.000000 15.000000
6 6283196.000000 10.000000
2 6284562.000000 15.000000
5 6285129.000000 44.000000
1 6285641.000000 15.000000
1 6286094.000000 15.000000
4 6286615.000000 15.000000
1 6287148.000000 15.000000
4 6287691.000000 15.000000
5 6288280.000000 29.000000
4 6288871.000000 15.000000
0 6289378.000000 15.000000
6 6289992.000000 10.000000
3 6291306.000000 15.000000
3 6291931.000000 15.000000
5 6292430.000000 59.000000
3 6292969.000000 15.000000
4 6293517.000000 15.000000
2 6294083.000000 15.000000
0 6294628.000000 15.000000
1 6295253.000000 15.000000
0 6295717.000000 15.000000
0 6296264.000000 15.000000
6 6296717.000000 10.000000
3 6297952.000000 15.000000
1 6298481.000000 15.000000
5 6299066.000000 39.000000
0 6299556.000000 15.000000
1 6300146.000000 15.000000
2 6300695.000000 15.000000
3 6301148.000000 15.000000
4 6301654.000000 15.000000
4 6302166.000000 15.000000
0 6302747.000000 15.000000
6 6303311.000000 10.000000
1 6304670.000000 15.000000
5 6305207.000000 78.000000
1 6305724.000000 15.000000
2 6306253.000000 15.000000
0 6306863.000000 15.000000
4 6307432.000000 15.000000
0 6308033.000000 15.000000
0 6308487.000000 15.000000
1 6308992.000000 15.000000
1 6309589.000000 15.000000
6 6310160.000000 10.000000
2 6311552.000000 15.000000
4 6312040.000000 15.000000
5 6312690.000000 42.000000
1 6313171.000000 15.000000
4 6313745.000000 15.000000
3 6314320.000000 15.000000
1 6314829.000000 15.000000
3 6315300.000000 15.000000
4 6315802.000000 15.000000
1 6316420.000000 15.000000
6 6317028.000000 10.000000
3 6318302.000000 15.000000
4 6318807.000000 15.000000
1 6319376.000000 15.000000
5 6319845.000000 75.000000
2 6320426.000000 15.000000
3 6320952.000000 15.000000
4 6321430.000000 15.000000
2 6321980.000000 15.000000
0 6322527.000000 15.000000
2 6322995.000000 15.000000
6 6323471.000000 10.000000
0 6324787.000000 15.000000
3 6325344.000000 15.000000
4 6325795.000000 15.000000
2 6326384.000000 15.000000
5 6326903.000000 59.000000
3 6327348.000000 15.000000
2 6327967.000000 15.000000
5 6328562.000000 27.000000
0 6329074.000000 15.000000
2 6329518.000000 15.000000
6 6330073.000000 10.000000
4 6331454.000000 15.000000
3 6332010.000000 15.000000
2 6332565.000000 15.000000
2 6333160.000000 15.000000
4 6333629.000000 15.000000
0 6334212.000000 15.000000
2 6334827.000000 15.000000
1 6335379.000000 15.000000
2 6335809.000000 15.000000
4 6336354.000000 15.000000
6 6336937.000000 10.000000
2 6338265.000000 15.000000
2 6338682.000000 15.000000
4 6339097.000000 15.000000
2 6339668.000000 15.000000
2 6340133.000000 15.000000
3 6340604.000000 15.000000
3 6341055.000000 15.000000
0 6341701.000000 15.000000
1 6342236.000000 15.000000
0 6342801.000000 15.000000
6 6343298.000000 10.000000
1 6344682.000000 15.000000
0 6345258.000000 15.000000
4 6345836.000000 15.000000
4 6346396.000000 15.000000
3 6347062.000000 15.000000
4 6347622.000000 15.000000
1 6348143.000000 15.000000
2 6348665.000000 15.000000
5 6349196.000000 39.000000
5 6349758.000000 20.000000
6 6350300.000000 10.000000
1 6351690.000000 15.000000
2 6352262.000000 15.000000
1 6352869.000000 15.000000
0 6353363.000000 15.000000
4 6353829.000000 15.000000
4 6354478.000000 15.000000
1 6355024.000000 15.000000
5 6355487.000000 65.000000
2 6356065.000000 15.000000
3 6356550.000000 15.000000
6 6357017.000000 10.000000
5 6358313.000000 59.000000
1 6358898.000000 15.000000
5 6359423.000000 26.000000
2 6359895.000000 15.000000
0 6360461.000000 15.000000
3 6361082.000000 15.000000
2 6361543.000000 15.000000
3 6362094.000000 15.000000
5 6362722.000000 44.000000
4 6363285.000000 15.000000
6 6363956.000000 10.000000
1 6365278.000000 15.000000
2 6365898.000000 15.000000
4 6366508.000000 15.000000
1 6367122.000000 15.000000
2 6367720.000000 15.000000
2 6368277.000000 15.000000
3 6368756.000000 15.000000
1 6369385.000000 15.000000
3 6369855.000000 15.000000
4 6370315.000000 15.000000
6 6370875.000000 10.000000
4 6372240.000000 15.000000
1 6372772.000000 15.000000
4 6373278.000000 15.000000
2 6373787.000000 15.000000
1 6374289.000000 15.000000
5 6374720.000000 61.000000
4 6375294.000000 15.000000
3 6375880.000000 15.000000
1 6376479.000000 15.000000
4 6376929.000000 15.000000
6 6377503.000000 10.000000
3 6378727.000000 15.000000
0 6379268.000000 15.000000
5 6379761.000000 60.000000
3 6380299.000000 15.000000
5 6380751.000000 72.000000
5 6381280.000000 29.000000
3 6381726.000000 15.000000
2 6382277.000000 15.000000
3 6382719.000000 15.000000
3 6383209.000000 15.000000
6 6383782.000000 10.000000
0 6385001.000000 15.000000
0 6385497.000000 15.000000
3 6386116.000000 15.000000
2 6386579.000000 15.000000
2 6387046.000000 15.000000
3 6387600.000000 15.000000
1 6388126.000000 15.000000
2 6388679.000000 15.000000
1 6389192.000000 15.000000
4 6389670.000000 15.000000
6 6390263.000000 10.000000
0 6391623.000000 15.000000
1 6392172.000000 15.000000
0 6392670.000000 15.000000
3 6393258.000000 15.000000
4 6393779.000000 15.000000
0 6394309.000000 15.000000
3 6394787.000000 15.000000
5 6395421.000000 58.000000
4 6395969.000000 15.000000
3 6396534.000000 15.000000
6 6397060.000000 10.000000
2 6398418.000000 15.000000
4 6399024.000000 15.000000
1 6399692.000000 15.000000
1 6400208.000000 15.000000
1 6400721.000000 15.000000
3 6401233.000000 15.000000
4 6401851.000000 15.000000
1 6402429.000000 15.000000
3 6402948.000000 15.000000
4 6403415.000000 15.000000
6 6403929.000000 10.000000
4 6405282.000000 15.000000
4 6405760.000000 15.000000
0 6406304.000000 15.000000
3 6406922.000000 15.000000
1 6407483.000000 15.000000
3 6408027.000000 15.000000
1 6408612.000000 15.000000
5 6409229.000000 37.000000
3 6409841.000000 15.000000
0 6410344.000000 15.000000
6 6410867.000000 10.000000
1 6412133.000000 15.000000
5 6412678.000000 31.000000
5 6413248.000000 79.000000
4 6413795.000000 15.000000
5 6414412.000000 43.000000
4 6414938.000000 15.000000
3 6415604.000000 15.000000
4 6416053.000000 15.000000
0 6416628.000000 15.000000
0 6417138.000000 15.000000
6 6417700.000000 10.000000
0 6419067.000000 15.000000
0 6419687.000000 15.000000
5 6420253.000000 61.000000
5 6420814.000000 20.000000
0 6421415.000000 15.000000
1 6421865.000000 15.000000
1 6422381.000000 15.000000
1 6422966.000000 15.000000
2 6423440.000000 15.000000
3 6423889.000000 15.000000
6 6424524.000000 10.000000
0 6425746.000000 15.000000
2 6426220.000000 15.000000
2 6426750.000000 15.000000
2 6427199.000000 15.000000
4 6427742.000000 15.000000
4 6428314.000000 15.000000
0 6428787.000000 15.000000
3 6429287.000000 15.000000
0 6429850.000000 15.000000
5 6430463.000000 69.000000
6 6430932.000000 10.000000
4 6432145.000000 15.000000
3 6432743.000000 15.000000
2 6433260.000000 15.000000
1 6433756.000000 15.000000
1 6434296.000000 15.000000
3 6434785.000000 15.000000
5 6435332.000000 72.000000
2 6435901.000000 15.000000
3 6436492.000000 15.000000
5 6437016.000000 27.000000
6 6437608.000000 10.000000
5 6438937.000000 39.000000
0 6439385.000000 15.000000
1 6439877.000000 15.000000
3 6440483.000000 15.000000
4 6441002.000000 15.000000
1 6441579.000000 15.000000
0 6442199.000000 15.000000
3 6442685.000000 15.000000
1 6443301.000000 15.000000
1 6443921.000000 15.000000
6 6444534.000000 10.000000
0 6445925.000000 15.000000
5 6446499.000000 48.000000
3 6447085.000000 15.000000
0 6447605.000000 15.000000
2 6448041.000000 15.000000
1 6448561.000000 15.000000
2 6449042.000000 15.000000
1 6449470.000000 15.000000
2 6449992.000000 15.000000
1 6450476.000000 15.000000
6 6450939.000000 10.000000
0 6452177.000000 15.000000
3 6452733.000000 15.000000
2 6453305.000000 15.000000
4 6453802.000000 15.000000
3 6454336.000000 15.000000
0 6454852.000000 15.000000
4 6455306.000000 15.000000
1 6455883.000000 15.000000
0 6456472.000000 15.000000
0 6457055.000000 15.000000
6 6457516.000000 10.000000
4 6458733.000000 15.000000
5 6459316.000000 81.000000
0 6459827.000000 15.000000
1 6460390.000000 15.000000
2 6460933.000000 15.000000
4 6461437.000000 15.000000
3 6462099.000000 15.000000
4 6462616.000000 15.000000
3 6463164.000000 15.000000
4 6463780.000000 15.000000
6 6464322.000000 10.000000
5 6465581.000000 60.000000
1 6466092.000000 15.000000
2 6466550.000000 15.000000
0 6467137.000000 15.000000
3 6467757.000000 15.000000
2 6468334.000000 15.000000
3 6468762.000000 15.000000
5 6469282.000000 68.000000
2 6469915.000000 15.000000
4 6470434.000000 15.000000
6 6471011.000000 10.000000
2 6472381.000000 15.000000
5 6472824.000000 82.000000
0 6473330.000000 15.000000
0 6473802.000000 15.000000
0 6474362.000000 15.000000
5 6474977.000000 54.000000
2 6475552.000000 15.000000
0 6476013.000000 15.000000
1 6476639.000000 15.000000
5 6477156.000000 41.000000
6 6477664.000000 10.000000
5 6479043.000000 30.000000
2 6479679.000000 15.000000
4 6480202.000000 15.000000
3 6480748.000000 15.000000
4 6481248.000000 15.000000
2 6481888.000000 15.000000
2 6482475.000000 15.000000
0 6482909.000000 15.000000
3 6483410.000000 15.000000
5 6483893.000000 83.000000
6 6484484.000000 10.000000
0 6485830.000000 15.000000
2 6486346.000000 15.000000
2 6486842.000000 15.000000
2 6487286.000000 15.000000
4 6487749.000000 15.000000
5 6488265.000000 42.000000
4 6488861.000000 15.000000
3 6489374.000000 15.000000
5 6489993.000000 41.000000
4 6490521.000000 15.000000
6 6491111.000000 10.000000
3 6492408.000000 15.000000
0 6492936.000000 15.000000
0 6493388.000000 15.000000
5 6493915.000000 79.000000
4 6494499.000000 15.000000
1 6495046.000000 15.000000
4 6495555.000000 15.000000
1 6496191.000000 15.000000
0 6496798.000000 15.000000
0 6497372.000000 15.000000
6 6497978.000000 10.000000
0 6499384.000000 15.000000
0 6499977.000000 15.000000
3 6500466.000000 15.000000
1 6500995.000000 15.000000
0 6501530.000000 15.000000
5 6502047.000000 81.000000
1 6502574.000000 15.000000
4 6503093.000000 15.000000
2 6503710.000000 15.000000
3 6504170.000000 15.000000
6 6504697.000000 10.000000
2 6505907.000000 15.000000
2 6506409.000000 15.000000
1 6506965.000000 15.000000
5 6507577.000000 43.000000
1 6508179.000000 15.000000
4 6508713.000000 15.000000
2 6509292.000000 15.000000
2 6509720.000000 15.000000
4 6510236.000000 15.000000
4 6510880.000000 15.000000
6 6511455.000000 10.000000
0 6512827.000000 15.000000
1 6513423.000000 15.000000
5 6513939.000000 25.000000
3 6514570.000000 15.000000
5 6515031.000000 41.000000
2 6515496.000000 15.000000
1 6515989.000000 15.000000
0 6516489.000000 15.000000
3 6517025.000000 15.000000
2 6517663.000000 15.000000
6 6518211.000000 10.000000
2 6519606.000000 15.000000
4 6520210.000000 15.000000
4 6520752.000000 15.000000
0 6521321.000000 15.000000
2 6521778.000000 15.000000
3 6522388.000000 15.000000
4 6522955.000000 15.000000
2 6523466.000000 15.000000
0 6524071.000000 15.000000
1 6524575.000000 15.000000
6 6525172.000000 10.000000
4 6526415.000000 15.000000
0 6526927.000000 15.000000
4 6527396.000000 15.000000
0 6528044.000000 15.000000
4 6528632.000000 15.000000
0 6529301.000000 15.000000
5 6529845.000000 82.000000
5 6530457.000000 46.000000
2 6530941.000000 15.000000
2 6531552.000000 15.000000
6 6532121.000000 10.000000
2 6533516.000000 15.000000
4 6534125.000000 15.000000
1 6534598.000000 15.000000
5 6535121.000000 41.000000
2 6535746.000000 15.000000
3 6536344.000000 15.000000
2 6536973.000000 15.000000
1 6537398.000000 15.000000
5 6537886.000000 24.000000
4 6538454.000000 15.000000
6 6539116.000000 10.000000
0 6540411.000000 15.000000
4 6540978.000000 15.000000
4 6541599.000000 15.000000
0 6542234.000000 15.000000
4 6542710.000000 15.000000
1 6543319.000000 15.000000
0 6543782.000000 15.000000
0 6544224.000000 15.000000
5 6544805.000000 71.000000
2 6545267.000000 15.000000
6 6545816.000000 10.000000
5 6547173.000000 67.000000
5 6547734.000000 47.000000
3 6548225.000000 15.000000
4 6548694.000000 15.000000
5 6549236.000000 21.000000
5 6549784.000000 64.000000
4 6550414.000000 15.000000
3 6550923.000000 15.000000
3 6551382.000000 15.000000
3 6551961.000000 15.000000
6 6552439.000000 10.000000
3 6553810.000000 15.000000
3 6554394.000000 15.000000
1 6554862.000000 15.000000
2 6555319.000000 15.000000
1 6555843.000000 15.000000
0 6556458.000000 15.000000
2 6556940.000000 15.000000
1 6557458.000000 15.000000
1 6557941.000000 15.000000
0 6558395.000000 15.000000
6 6558944.000000 10.000000
3 6560340.000000 15.000000
1 6560918.000000 15.000000
2 6561369.000000 15.000000
5 6561804.000000 37.000000
0 6562247.000000 15.000000
1 6562841.000000 15.000000
4 6563432.000000 15.000000
4 6564004.000000 15.000000
3 6564491.000000 15.000000
3 6564950.000000 15.000000
6 6565450.000000 10.000000
3 6566820.000000 15.000000
5 6567423.000000 41.000000
5 6568005.000000 53.000000
0 6568526.000000 15.000000
2 6568987.000000 15.000000
5 6569436.000000 73.000000
1 6569927.000000 15.000000
1 6570463.000000 15.000000
2 6570940.000000 15.000000
5 6571358.000000 66.000000
6 6571907.000000 10.000000
3 6573288.000000 15.000000
5 6573749.000000 43.000000
4 6574293.000000 15.000000
1 6574933.000000 15.000000
3 6575520.000000 15.000000
3 6576092.000000 15.000000
1 6576736.000000 15.000000
1 6577261.000000 15.000000
5 6577712.000000 51.000000
4 6578237.000000 15.000000
6 6578899.000000 10.000000
3 6580152.000000 15.000000
3 6580633.000000 15.000000
0 6581185.000000 15.000000
1 6581700.000000 15.000000
0 6582306.000000 15.000000
4 6582770.000000 15.000000
5 6583309.000000 76.000000
2 6583825.000000 15.000000
1 6584364.000000 15.000000
5 6584847.000000 46.000000
6 6585447.000000 10.000000
5 6586689.000000 78.000000
3 6587201.000000 15.000000
5 6587728.000000 55.000000
3 6588366.000000 15.000000
1 6588998.000000 15.000000
1 6589519.000000 15.000000
2 6589992.000000 15.000000
3 6590558.000000 15.000000
4 6591108.000000 15.000000
0 6591638.000000 15.000000
6 6592221.000000 10.000000
5 6593552.000000 61.000000
5 6594055.000000 45.000000
0 6594504.000000 15.000000
4 6595114.000000 15.000000
4 6595780.000000 15.000000
3 6596359.000000 15.000000
5 6596905.000000 67.000000
2 6597424.000000 15.000000
2 6598030.000000 15.000000
0 6598447.000000 15.000000
6 6598933.000000 10.000000
0 6600273.000000 15.000000
5 6600772.000000 31.000000
5 6601390.000000 42.000000
3 6601872.000000 15.000000
2 6602326.000000 15.000000
3 6602878.000000 15.000000
4 6603358.000000 15.000000
3 6603910.000000 15.000000
5 6604516.000000 83.000000
0 6605103.000000 15.000000
6 6605647.000000 10.000000
4 6606975.000000 15.000000
5 6607545.000000 76.000000
1 6608093.000000 15.000000
5 6608626.000000 51.000000
5 6609201.000000 57.000000
2 6609796.000000 15.000000
3 6610407.000000 15.000000
4 6610878.000000 15.000000
2 6611523.000000 15.000000
1 6611998.000000 15.000000
6 6612478.000000 10.000000
2 6613713.000000 15.000000
1 6614271.000000 15.000000
1 6614827.000000 15.000000
5 6615405.000000 57.000000
1 6615934.000000 15.000000
1 6616471.000000 15.000000
5 6617049.000000 59.000000
4 6617572.000000 15.000000
0 6618086.000000 15.000000
5 6618657.000000 49.000000
6 6619229.000000 10.000000
0 6620634.000000 15.000000
0 6621205.000000 15.000000
3 6621779.000000 15.000000
4 6622345.000000 15.000000
4 6622932.000000 15.000000
5 6623556.000000 54.000000
3 6624033.000000 15.000000
3 6624484.000000 15.000000
3 6625109.000000 15.000000
2 6625756.000000 15.000000
6 6626367.000000 10.000000
3 6627753.000000 15.000000
2 6628394.000000 15.000000
5 6628937.000000 40.000000
4 6629408.000000 15.000000
5 6630007.000000 23.000000
0 6630517.000000 15.000000
2 6631084.000000 15.000000
1 6631629.000000 15.000000
5 6632213.000000 66.000000
1 6632712.000000 15.000000
6 6633139.000000 10.000000
5 6634528.000000 60.000000
0 6635107.000000 15.000000
3 6635634.000000 15.000000
0 6636274.000000 15.000000
3 6636838.000000 15.000000
1 6637434.000000 15.000000
1 6637966.000000 15.000000
3 6638412.000000 15.000000
0 6638970.000000 15.000000
3 6639495.000000 15.000000
6 6640115.000000 10.000000
2 6641389.000000 15.000000
3 6641949.000000 15.000000
1 6642492.000000 15.000000
0 6642951.000000 15.000000
1 6643543.000000 15.000000
1 6643982.000000 15.000000
2 6644470.000000 15.000000
3 6644937.000000 15.000000
5 6645539.000000 61.000000
1 6646100.000000 15.000000
6 6646543.000000 10.000000
1 6647942.000000 15.000000
2 6648553.000000 15.000000
4 6649154.000000 15.000000
1 6649774.000000 15.000000
4 6650283.000000 15.000000
0 6650839.000000 15.000000
4 6651400.000000 15.000000
1 6651930.000000 15.000000
2 6652369.000000 15.000000
1 6652951.000000 15.000000
6 6653469.000000 10.000000
5 6654685.000000 31.000000
3 6655315.000000 15.000000
3 6655871.000000 15.000000
5 6656363.000000 63.000000
1 6656837.000000 15.000000
5 6657415.000000 33.000000
5 6657980.000000 61.000000
0 6658493.000000 15.000000
5 6658955.000000 72.000000
1 6659408.000000 15.000000
6 6659937.000000 10.000000
0 6661186.000000 15.000000
3 6661649.000000 15.000000
5 6662237.000000 60.000000
1 6662841.000000 15.000000
5 6663277.000000 34.000000
0 6663747.000000 15.000000
5 6664278.000000 37.000000
3 6664877.000000 15.000000
0 6665328.000000 15.000000
2 6665949.000000 15.000000
6 6666493.000000 10.000000
4 6667845.000000 15.000000
5 6668335.000000 23.000000
2 6668951.000000 15.000000
3 6669535.000000 15.000000
0 6670013.000000 15.000000
3 6670563.000000 15.000000
5 6671170.000000 46.000000
5 6671805.000000 47.000000
0 6672438.000000 15.000000
1 6672978.000000 15.000000
6 6673438.000000 10.000000
2 6674692.000000 15.000000
0 6675237.000000 15.000000
4 6675808.000000 15.000000
3 6676454.000000 15.000000
2 6676920.000000 15.000000
3 6677508.000000 15.000000
3 6678116.000000 15.000000
3 6678763.000000 15.000000
5 6679355.000000 48.000000
4 6679812.000000 15.000000
6 6680324.000000 10.000000
5 6681648.000000 76.000000
2 6682162.000000 15.000000
1 6682593.000000 15.000000
2 6683144.000000 15.000000
5 6683724.000000 61.000000
0 6684276.000000 15.000000
0 6684879.000000 15.000000
4 6685426.000000 15.000000
0 6686042.000000 15.000000
5 6686623.000000 69.000000
6 6687102.000000 10.000000
1 6688465.000000 15.000000
4 6689039.000000 15.000000
1 6689523.000000 15.000000
2 6689969.000000 15.000000
0 6690523.000000 15.000000
1 6691115.000000 15.000000
0 6691671.000000 15.000000
4 6692126.000000 15.000000
1 6692788.000000 15.000000
0 6693322.000000 15.000000
6 6693761.000000 10.000000
0 6695111.000000 15.000000
2 6695709.000000 15.000000
0 6696318.000000 15.000000
2 6696854.000000 15.000000
4 6697301.000000 15.000000
2 6697799.000000 15.000000
4 6698393.000000 15.000000
4 6698970.000000 15.000000
4 6699467.000000 15.000000
1 6700023.000000 15.000000
6 6700463.000000 10.000000
4 6701832.000000 15.000000
3 6702387.000000 15.000000
2 6702956.000000 15.000000
5 6703455.000000 81.000000
0 6704092.000000 15.000000
4 6704687.000000 15.000000
5 6705205.000000 75.000000
2 6705647.000000 15.000000
2 6706064.000000 15.000000
5 6706646.000000 32.000000
6 6707154.000000 10.000000
3 6708526.000000 15.000000
0 6709053.000000 15.000000
0 6709562.000000 15.000000
5 6710079.000000 76.000000
4 6710690.000000 15.000000
4 6711229.000000 15.000000
5 6711718.000000 28.000000
1 6712338.000000 15.000000
0 6712948.000000 15.000000
3 6713520.000000 15.000000
6 6714125.000000 10.000000
5 6715398.000000 65.000000
1 6715976.000000 15.000000
3 6716475.000000 15.000000
0 6717011.000000 15.000000
4 6717543.000000 15.000000
4 6718030.000000 15.000000
0 6718697.000000 15.000000
5 6719271.000000 59.000000
5 6719782.000000 26.000000
2 6720394.000000 15.000000
6 6720892.000000 10.000000
0 6722124.000000 15.000000
2 6722685.000000 15.000000
4 6723194.000000 15.000000
1 6723694.000000 15.000000
2 6724272.000000 15.000000
5 6724784.000000 42.000000
0 6725279.000000 15.000000
3 6725838.000000 15.000000
2 6726451.000000 15.000000
3 6726948.000000 15.000000
6 6727443.000000 10.000000
5 6728653.000000 80.000000
4 6729290.000000 15.000000
3 6729820.000000 15.000000
0 6730458.000000 15.000000
3 6730999.000000 15.000000
0 6731556.000000 15.000000
0 6732114.000000 15.000000
0 6732727.000000 15.000000
3 6733353.000000 15.000000
3 6733819.000000 15.000000
6 6734440.000000 10.000000
2 6735660.000000 15.000000
1 6736140.000000 15.000000
3 6736624.000000 15.000000
4 6737223.000000 15.000000
3 6737817.000000 15.000000
4 6738411.000000 15.000000
4 6738999.000000 15.000000
0 6739647.000000 15.000000
4 6740265.000000 15.000000
3 6740867.000000 15.000000
6 6741373.000000 10.000000
2 6742718.000000 15.000000
5 6743296.000000 53.000000
2 6743777.000000 15.000000
5 6744264.000000 44.000000
1 6744803.000000 15.000000
1 6745424.000000 15.000000
5 6745920.000000 67.000000
3 6746382.000000 15.000000
4 6746845.000000 15.000000
5 6747364.000000 25.000000
6 6747931.000000 10.000000
4 6749217.000000 15.000000
0 6749745.000000 15.000000
1 6750270.000000 15.000000
1 6750818.000000 15.000000
3 6751395.000000 15.000000
2 6751972.000000 15.000000
4 6752471.000000 15.000000
4 6753024.000000 15.000000
4 6753675.000000 15.000000
0 6754162.000000 15.000000
6 6754672.000000 10.000000
0 6755950.000000 15.000000
2 6756429.000000 15.000000
4 6756917.000000 15.000000
1 6757511.000000 15.000000
4 6758014.000000 15.000000
2 6758541.000000 15.000000
5 6759117.000000 25.000000
4 6759573.000000 15.000000
0 6760119.000000 15.000000
4 6760651.000000 15.000000
6 6761212.000000 10.000000
3 6762599.000000 15.000000
3 6763134.000000 15.000000
1 6763619.000000 15.000000
4 6764164.000000 15.000000
5 6764791.000000 29.000000
5 6765399.000000 64.000000
1 6765992.000000 15.000000
5 6766415.000000 49.000000
3 6766945.000000 15.000000
0 6767540.000000 15.000000
6 6768015.000000 10.000000
3 6769233.000000 15.000000
3 6769788.000000 15.000000
3 6770314.000000 15.000000
2 6770866.000000 15.000000
2 6771475.000000 15.000000
3 6771993.000000 15.000000
1 6772615.000000 15.000000
4 6773236.000000 15.000000
1 6773753.000000 15.000000
2 6774306.000000 15.000000
6 6774761.000000 10.000000
5 6776128.000000 54.000000
0 6776768.000000 15.000000
5 6777244.000000 32.000000
0 6777839.000000 15.000000
1 6778354.000000 15.000000
1 6778842.000000 15.000000
3 6779456.000000 15.000000
0 6779906.000000 15.000000
2 6780523.000000 15.000000
2 6781059.000000 15.000000
6 6781572.000000 10.000000
2 6782952.000000 15.000000
0 6783539.000000 15.000000
5 6784133.000000 57.000000
0 6784759.000000 15.000000
0 6785348.000000 15.000000
3 6785856.000000 15.000000
5 6786364.000000 76.000000
1 6786925.000000 15.000000
1 6787502.000000 15.000000
4 6788011.000000 15.000000
6 6788655.000000 10.000000
0 6789986.000000 15.000000
3 6790422.000000 15.000000
1 6791039.000000 15.000000
1 6791651.000000 15.000000
0 6792204.000000 15.000000
0 6792656.000000 15.000000
3 6793169.000000 15.000000
3 6793706.000000 15.000000
0 6794329.000000 15.000000
0 6794916.000000 15.000000
6 6795525.000000 10.000000
3 6796837.000000 15.000000
4 6797324.000000 15.000000
5 6797929.000000 64.000000
4 6798453.000000 15.000000
5 6799049.000000 62.000000
1 6799670.000000 15.000000
1 6800130.000000 15.000000
1 6800632.000000 15.000000
0 6801210.000000 15.000000
1 6801712.000000 15.000000
6 6802183.000000 10.000000
2 6803414.000000 15.000000
1 6803838.000000 15.000000
1 6804303.000000 15.000000
5 6804887.000000 33.000000
3 6805377.000000 15.000000
5 6805897.000000 51.000000
2 6806382.000000 15.000000
2 6806978.000000 15.000000
0 6807545.000000 15.000000
2 6808004.000000 15.000000
6 6808599.000000 10.000000
2 6809878.000000 15.000000
2 6810409.000000 15.000000
2 6810978.000000 15.000000
0 6811400.000000 15.000000
4 6812029.000000 15.000000
5 6812519.000000 80.000000
5 6813125.000000 81.000000
4 6813570.000000 15.000000
4 6814164.000000 15.000000
3 6814730.000000 15.000000
6 6815243.000000 10.000000
0 6816585.000000 15.000000
1 6817175.000000 15.000000
2 6817712.000000 15.000000
1 6818186.000000 15.000000
4 6818699.000000 15.000000
5 6819329.000000 41.000000
2 6819941.000000 15.000000
3 6820454.000000 15.000000
3 6821100.000000 15.000000
3 6821575.000000 15.000000
6 6822144.000000 10.000000
0 6823518.000000 15.000000
5 6824061.000000 35.000000
2 6824632.000000 15.000000
0 6825192.000000 15.000000
4 6825763.000000 15.000000
1 6826367.000000 15.000000
5 6826898.000000 74.000000
5 6827465.000000 74.000000
1 6827928.000000 15.000000
0 6828364.000000 15.000000
6 6828818.000000 10.000000
1 6830106.000000 15.000000
4 6830623.000000 15.000000
1 6831238.000000 15.000000
5 6831699.000000 33.000000
2 6832176.000000 15.000000
4 6832605.000000 15.000000
4 6833166.000000 15.000000
0 6833768.000000 15.000000
4 6834392.000000 15.000000
3 6834954.000000 15.000000
6 6835464.000000 10.000000
2 6836786.000000 15.000000
4 6837346.000000 15.000000
2 6837929.000000 15.000000
4 6838370.000000 15.000000
4 6838987.000000 15.000000
1 6839551.000000 15.000000
3 6840115.000000 15.000000
1 6840738.000000 15.000000
0 6841247.000000 15.000000
3 6841702.000000 15.000000
6 6842248.000000 10.000000
1 6843648.000000 15.000000
0 6844116.000000 15.000000
5 6844692.000000 54.000000
2 6845139.000000 15.000000
5 6845703.000000 44.000000
1 6846156.000000 15.000000
2 6846618.000000 15.000000
0 6847209.000000 15.000000
5 6847835.000000 30.000000
3 6848401.000000 15.000000
6 6848975.000000 10.000000
1 6850210.000000 15.000000
1 6850724.000000 15.000000
1 6851260.000000 15.000000
5 6851695.000000 32.000000
3 6852320.000000 15.000000
0 6852779.000000 15.000000
3 6853372.000000 15.000000
2 6853942.000000 15.000000
0 6854454.000000 15.000000
2 6854962.000000 15.000000
6 6855472.000000 10.000000
4 6856763.000000 15.000000
4 6857245.000000 15.000000
3 6857731.000000 15.000000
3 6858226.000000 15.000000
3 6858763.000000 15.000000
0 6859254.000000 15.000000
1 6859710.000000 15.000000
3 6860284.000000 15.000000
3 6860906.000000 15.000000
4 6861438.000000 15.000000
6 6862065.000000 10.000000
1 6863388.000000 15.000000
2 6863910.000000 15.000000
0 6864370.000000 15.000000
1 6864852.000000 15.000000
4 6865318.000000 15.000000
4 6865945.000000 15.000000
4 6866517.000000 15.000000
1 6867000.000000 15.000000
2 6867592.000000 15.000000
1 6868161.000000 15.000000
6 6868599.000000 10.000000
0 6869886.000000 15.000000
2 6870504.000000 15.000000
3 6871112.000000 15.000000
4 6871654.000000 15.000000
1 6872263.000000 15.000000
3 6872813.000000 15.000000
0 6873328.000000 15.000000
3 6873864.000000 15.000000
4 6874377.000000 15.000000
3 6875025.000000 15.000000
6 6875488.000000 10.000000
1 6876793.000000 15.000000
1 6877317.000000 15.000000
3 6877804.000000 15.000000
3 6878270.000000 15.000000
1 6878831.000000 15.000000
5 6879337.000000 59.000000
2 6879939.000000 15.000000
1 6880385.000000 15.000000
4 6880841.000000 15.000000
3 6881484.000000 15.000000
6 6882077.000000 10.000000
1 6883466.000000 15.000000
1 6884016.000000 15.000000
0 6884583.000000 15.000000
0 6885188.000000 15.000000
4 6885700.000000 15.000000
1 6886178.000000 15.000000
2 6886602.000000 15.000000
5 6887166.000000 84.000000
4 6887798.000000 15.000000
5 6888439.000000 41.000000
6 6888932.000000 10.000000
1 6890273.000000 15.000000
4 6890743.000000 15.000000
1 6891364.000000 15.000000
3 6891882.000000 15.000000
4 6892450.000000 15.000000
3 6893009.000000 15.000000
4 6893609.000000 15.000000
2 6894188.000000 15.000000
5 6894770.000000 84.000000
4 6895306.000000 15.000000
6 6895955.000000 10.000000
5 6897191.000000 60.000000
2 6897719.000000 15.000000
4 6898204.000000 15.000000
0 6898830.000000 15.000000
5 6899441.000000 70.000000
3 6900006.000000 15.000000
4 6900596.000000 15.000000
2 6901206.000000 15.000000
4 6901714.000000 15.000000
4 6902327.000000 15.000000
6 6902948.000000 10.000000
0 6904243.000000 15.000000
4 6904854.000000 15.000000
4 6905499.000000 15.000000
3 6906093.000000 15.000000
1 6906638.000000 15.000000
3 6907185.000000 15.000000
2 6907783.000000 15.000000
2 6908222.000000 15.000000
1 6908796.000000 15.000000
1 6909277.000000 15.000000
6 6909787.000000 10.000000
4 6910999.000000 15.000000
2 6911475.000000 15.000000
1 6911922.000000 15.000000
0 6912347.000000 15.000000
5 6912906.000000 24.000000
2 6913512.000000 15.000000
1 6913933.000000 15.000000
0 6914522.000000 15.000000
5 6915016.000000 39.000000
0 6915563.000000 15.000000
6 6916010.000000 10.000000
4 6917246.000000 15.000000
1 6917884.000000 15.000000
4 6918389.000000 15.000000
4 6919041.000000 15.000000
1 6919692.000000 15.000000
3 6920238.000000 15.000000
1 6920846.000000 15.000000
0 6921414.000000 15.000000
0 6921854.000000 15.000000
2 6922415.000000 15.000000
6 6923022.000000 10.000000
4 6924252.000000 15.000000
0 6924898.000000 15.000000
0 6925466.000000 15.000000
2 6925991.000000 15.000000
4 6926602.000000 15.000000
0 6927097.000000 15.000000
4 6927728.000000 15.000000
5 6928313.000000 40.000000
5 6928951.000000 23.000000
3 6929396.000000 15.000000
6 6929883.000000 10.000000
5 6931111.000000 28.000000
1 6931746.000000 15.000000
2 6932191.000000 15.000000
4 6932745.000000 15.000000
4 6933275.000000 15.000000
1 6933837.000000 15.000000
1 6934451.000000 15.000000
1 6934983.000000 15.000000
5 6935478.000000 36.000000
2 6936029.000000 15.000000
6 6936475.000000 10.000000
0 6937871.000000 15.000000
0 6938347.000000 15.000000
4 6938829.000000 15.000000
4 6939386.000000 15.000000
3 6940004.000000 15.000000
5 6940481.000000 47.000000
1 6940951.000000 15.000000
5 6941500.000000 46.000000
1 6942066.000000 15.000000
1 6942542.000000 15.000000
6 6943075.000000 10.000000
2 6944325.000000 15.000000
3 6944858.000000 15.000000
5 6945403.000000 51.000000
5 6945972.000000 57.000000
3 6946515.000000 15.000000
4 6946990.000000 15.000000
0 6947662.000000 15.000000
3 6948268.000000 15.000000
1 6948760.000000 15.000000
0 6949273.000000 15.000000
6 6949868.000000 10.000000
3 6951168.000000 15.000000
5 6951809.000000 60.000000
0 6952367.000000 15.000000
5 6952901.000000 69.000000
3 6953401.000000 15.000000
0 6953939.000000 15.000000
5 6954389.000000 32.000000
2 6954915.000000 15.000000
4 6955412.000000 15.000000
0 6956060.000000 15.000000
6 6956635.000000 10.000000
3 6957853.000000 15.000000
3 6958392.000000 15.000000
1 6958856.000000 15.000000
1 6959409.000000 15.000000
4 6959848.000000 15.000000
2 6960331.000000 15.000000
3 6960904.000000 15.000000
0 6961370.000000 15.000000
2 6961816.000000 15.000000
4 6962334.000000 15.000000
6 6962900.000000 10.000000
2 6964306.000000 15.000000
0 6964762.000000 15.000000
3 6965200.000000 15.000000
2 6965660.000000 15.000000
4 6966263.000000 15.000000
5 6966845.000000 52.000000
4 6967474.000000 15.000000
4 6968098.000000 15.000000
3 6968699.000000 15.000000
2 6969247.000000 15.000000
6 6969733.000000 10.000000
4 6971059.000000 15.000000
1 6971533.000000 15.000000
0 6972148.000000 15.000000
0 6972737.000000 15.000000
5 6973193.000000 68.000000
1 6973683.000000 15.000000
0 6974300.000000 15.000000
0 6974906.000000 15.000000
1 6975411.000000 15.000000
3 6975945.000000 15.000000
6 6976548.000000 10.000000
4 6977805.000000 15.000000
4 6978391.000000 15.000000
0 6978974.000000 15.000000
5 6979580.000000 20.000000
2 6980044.000000 15.000000
1 6980492.000000 15.000000
5 6980963.000000 70.000000
1 6981429.000000 15.000000
2 6982010.000000 15.000000
1 6982526.000000 15.000000
6 6983125.000000 10.000000
3 6984479.000000 15.000000
4 6985019.000000 15.000000
3 6985564.000000 15.000000
3 6986151.000000 15.000000
5 6986724.000000 26.000000
5 6987289.000000 84.000000
1 6987756.000000 15.000000
2 6988180.000000 15.000000
5 6988642.000000 79.000000
2 6989254.000000 15.000000
6 6989717.000000 10.000000
0 6991110.000000 15.000000
4 6991592.000000 15.000000
4 6992200.000000 15.000000
4 6992691.000000 15.000000
5 6993276.000000 24.000000
5 6993777.000000 82.000000
2 6994293.000000 15.000000
0 6994837.000000 15.000000
0 6995295.000000 15.000000
5 6995817.000000 58.000000
6 6996446.000000 10.000000
5 6997709.000000 39.000000
1 6998166.000000 15.000000
0 6998704.000000 15.000000
0 6999204.000000 15.000000
1 6999697.000000 15.000000
3 7000217.000000 15.000000
1 7000683.000000 15.000000
1 7001197.000000 15.000000
3 7001706.000000 15.000000
4 7002337.000000 15.000000
6 7002998.000000 10.000000
5 7004351.000000 26.000000
5 7004960.000000 49.000000
4 7005565.000000 15.000000
1 7006211.000000 15.000000
2 7006831.000000 15.000000
1 7007408.000000 15.000000
0 7007861.000000 15.000000
4 7008337.000000 15.000000
4 7008972.000000 15.000000
2 7009562.000000 15.000000
6 7010095.000000 10.000000
4 7011363.000000 15.000000
0 7011849.000000 15.000000
3 7012397.000000 15.000000
0 7012916.000000 15.000000
2 7013452.000000 15.000000
1 7013954.000000 15.000000
1 7014521.000000 15.000000
5 7014968.000000 63.000000
4 7015463.000000 15.000000
4 7016107.000000 15.000000
6 7016642.000000 10.000000
3 7018038.000000 15.000000
2 7018586.000000 15.000000
5 7019086.000000 31.000000
4 7019645.000000 15.000000
4 7020153.000000 15.000000
2 7020795.000000 15.000000
2 7021360.000000 15.000000
4 7021787.000000 15.000000
3 7022414.000000 15.000000
2 7023014.000000 15.000000
6 7023529.000000 10.000000
4 7024835.000000 15.000000
5 7025376.000000 41.000000
3 7025990.000000 15.000000
0 7026477.000000 15.000000
1 7027033.000000 15.000000
4 7027528.000000 15.000000
0 7028068.000000 15.000000
2 7028606.000000 15.000000
1 7029029.000000 15.000000
2 7029478.000000 15.000000
6 7029894.000000 10.000000
4 7031126.000000 15.000000
1 7031635.000000 15.000000
5 7032215.000000 28.000000
3 7032675.000000 15.000000
5 7033266.000000 60.000000
5 7033835.000000 79.000000
2 7034318.000000 15.000000
3 7034827.000000 15.000000
0 7035400.000000 15.000000
0 7035850.000000 15.000000
6 7036409.000000 10.000000
5 7037696.000000 63.000000
1 7038149.000000 15.000000
3 7038621.000000 15.000000
4 7039124.000000 15.000000
1 7039734.000000 15.000000
1 7040316.000000 15.000000
2 7040917.000000 15.000000
0 7041375.000000 15.000000
3 7041867.000000 15.000000
3 7042498.000000 15.000000
6 7043035.000000 10.000000
0 7044340.000000 15.000000
4 7044828.000000 15.000000
4 7045453.000000 15.000000
5 7046060.000000 37.000000
1 7046643.000000 15.000000
1 7047209.000000 15.000000
0 7047705.000000 15.000000
3 7048226.000000 15.000000
5 7048836.000000 80.000000
2 7049395.000000 15.000000
6 7049816.000000 10.000000
5 7051067.000000 64.000000
1 7051698.000000 15.000000
5 7052228.000000 56.000000
4 7052737.000000 15.000000
0 7053339.000000 15.000000
4 7053890.000000 15.000000
3 7054448.000000 15.000000
3 7055052.000000 15.000000
5 7055552.000000 78.000000
5 7056142.000000 37.000000
6 7056679.000000 10.000000
3 7057946.000000 15.000000
1 7058409.000000 15.000000
5 7058871.000000 82.000000
4 7059331.000000 15.000000
3 7059949.000000 15.000000
5 7060519.000000 78.000000
3 7060968.000000 15.000000
2 7061546.000000 15.000000
1 7062065.000000 15.000000
3 7062591.000000 15.000000
6 7063165.000000 10.000000
0 7064375.000000 15.000000
3 7064849.000000 15.000000
5 7065444.000000 60.000000
0 7066042.000000 15.000000
2 7066534.000000 15.000000
3 7067041.000000 15.000000
5 7067656.000000 72.000000
1 7068280.000000 15.000000
4 7068815.000000 15.000000
4 7069465.000000 15.000000
6 7070034.000000 10.000000
1 7071352.000000 15.000000
3 7071934.000000 15.000000
4 7072565.000000 15.000000
1 7073064.000000 15.000000
1 7073678.000000 15.000000
2 7074241.000000 15.000000
0 7074822.000000 15.000000
0 7075320.000000 15.000000
3 7075939.000000 15.000000
2 7076539.000000 15.000000
6 7077141.000000 10.000000
5 7078421.000000 70.000000
3 7079047.000000 15.000000
0 7079571.000000 15.000000
5 7080159.000000 22.000000
0 7080704.000000 15.000000
5 7081225.000000 76.000000
0 7081810.000000 15.000000
2 7082416.000000 15.000000
3 7083023.000000 15.000000
2 7083506.000000 15.000000
6 7084084.000000 10.000000
5 7085432.000000 24.000000
4 7086015.000000 15.000000
5 7086616.000000 78.000000
1 7087245.000000 15.000000
1 7087766.000000 15.000000
0 7088209.000000 15.000000
4 7088820.000000 15.000000
4 7089335.000000 15.000000
2 7090004.000000 15.000000
5 7090532.000000 77.000000
6 7091033.000000 10.000000
4 7092299.000000 15.000000
5 7092824.000000 81.000000
3 7093399.000000 15.000000
2 7093928.000000 15.000000
3 7094359.000000 15.000000
4 7094921.000000 15.000000
1 7095515.000000 15.000000
0 7096096.000000 15.000000
3 7096626.000000 15.000000
4 7097257.000000 15.000000
6 7097897.000000 10.000000
1 7099259.000000 15.000000
4 7099781.000000 15.000000
2 7100389.000000 15.000000
0 7100882.000000 15.000000
1 7101466.000000 15.000000
0 7102063.000000 15.000000
1 7102522.000000 15.000000
2 7102951.000000 15.000000
5 7103509.000000 74.000000
3 7103981.000000 15.000000
6 7104543.000000 10.000000
4 7105783.000000 15.000000
4 7106310.000000 15.000000
1 7106903.000000 15.000000
1 7107440.000000 15.000000
3 7107971.000000 15.000000
2 7108470.000000 15.000000
5 7109013.000000 24.000000
1 7109560.000000 15.000000
5 7110076.000000 72.000000
4 7110623.000000 15.000000
6 7111289.000000 10.000000
3 7112627.000000 15.000000
1 7113222.000000 15.000000
0 7113750.000000 15.000000
0 7114316.000000 15.000000
5 7114774.000000 36.000000
5 7115372.000000 54.000000
5 7115897.000000 51.000000
2 7116382.000000 15.000000
1 7116861.000000 15.000000
0 7117340.000000 15.000000
6 7117964.000000 10.000000
2 7119285.000000 15.000000
4 7119830.000000 15.000000
3 7120487.000000 15.000000
1 7120949.000000 15.000000
3 7121535.000000 15.000000
0 7122044.000000 15.000000
2 7122497.000000 15.000000
1 7122960.000000 15.000000
5 7123573.000000 41.000000
1 7124125.000000 15.000000
6 7124704.000000 10.000000
5 7126028.000000 26.000000
5 7126483.000000 73.000000
0 7127001.000000 15.000000
0 7127483.000000 15.000000
4 7127982.000000 15.000000
3 7128642.000000 15.000000
1 7129278.000000 15.000000
5 7129774.000000 66.000000
4 7130288.000000 15.000000
1 7130844.000000 15.000000
6 7131387.000000 10.000000
5 7132769.000000 49.000000
2 7133280.000000 15.000000
1 7133721.000000 15.000000
4 7134238.000000 15.000000
1 7134851.000000 15.000000
4 7135411.000000 15.000000
5 7136056.000000 39.000000
2 7136652.000000 15.000000
1 7137201.000000 15.000000
1 7137814.000000 15.000000
6 7138287.000000 10.000000
1 7139658.000000 15.000000
1 7140088.000000 15.000000
4 7140567.000000 15.000000
2 7141072.000000 15.000000
5 7141640.000000 47.000000
5 7142168.000000 29.000000
1 7142731.000000 15.000000
3 7143284.000000 15.000000
0 7143750.000000 15.000000
0 7144365.000000 15.000000
6 7144974.000000 10.000000
1 7146198.000000 15.000000
1 7146750.000000 15.000000
1 7147221.000000 15.000000
1 7147776.000000 15.000000
3 7148370.000000 15.000000
4 7149012.000000 15.000000
3 7149527.000000 15.000000
4 7150009.000000 15.000000
1 7150543.000000 15.000000
1 7151064.000000 15.000000
6 7151582.000000 10.000000
5 7152835.000000 46.000000
5 7153443.000000 32.000000
3 7153944.000000 15.000000
1 7154552.000000 15.000000
4 7155162.000000 15.000000
1 7155749.000000 15.000000
5 7156189.000000 30.000000
1 7156701.000000 15.000000
5 7157253.000000 71.000000
5 7157738.000000 47.000000
6 7158287.000000 10.000000
4 7159639.000000 15.000000
5 7160261.000000 56.000000
4 7160703.000000 15.000000
5 7161282.000000 73.000000
1 7161843.000000 15.000000
0 7162338.000000 15.000000
0 7162924.000000 15.000000
2 7163429.000000 15.000000
1 7163871.000000 15.000000
3 7164330.000000 15.000000
6 7164961.000000 10.000000
4 7166229.000000 15.000000
2 7166856.000000 15.000000
2 7167312.000000 15.000000
5 7167781.000000 73.000000
1 7168277.000000 15.000000
4 7168863.000000 15.000000
3 7169415.000000 15.000000
3 7169891.000000 15.000000
3 7170443.000000 15.000000
5 7171004.000000 43.000000
6 7171599.000000 10.000000
2 7172976.000000 15.000000
3 7173396.000000 15.000000
4 7173868.000000 15.000000
4 7174482.000000 15.000000
3 7175064.000000 15.000000
2 7175609.000000 15.000000
5 7176082.000000 21.000000
5 7176585.000000 77.000000
0 7177106.000000 15.000000
2 7177681.000000 15.000000
6 7178160.000000 10.000000
4 7179526.000000 15.000000
1 7180106.000000 15.000000
1 7180605.000000 15.000000
1 7181125.000000 15.000000
3 7181634.000000 15.000000
5 7182110.000000 20.000000
1 7182614.000000 15.000000
2 7183169.000000 15.000000
3 7183664.000000 15.000000
4 7184164.000000 15.000000
6 7184692.000000 10.000000
3 7186024.000000 15.000000
3 7186518.000000 15.000000
5 7187024.000000 76.000000
1 7187613.000000 15.000000
0 7188235.000000 15.000000
2 7188774.000000 15.000000
0 7189228.000000 15.000000
5 7189664.000000 20.000000
2 7190199.000000 15.000000
5 7190792.000000 53.000000
6 7191255.000000 10.000000
5 7192548.000000 82.000000
4 7193094.000000 15.000000
0 7193676.000000 15.000000
5 7194118.000000 79.000000
2 7194645.000000 15.000000
3 7195096.000000 15.000000
1 7195715.000000 15.000000
3 7196173.000000 15.000000
2 7196785.000000 15.000000
0 7197376.000000 15.000000
6 7197830.000000 10.000000
0 7199089.000000 15.000000
2 7199691.000000 15.000000
1 7200255.000000 15.000000
5 7200858.000000 29.000000
3 7201457.000000 15.000000
3 7201988.000000 15.000000
2 7202464.000000 15.000000
3 7202954.000000 15.000000
4 7203525.000000 15.000000
1 7204196.000000 15.000000
6 7204700.000000 10.000000
2 7205916.000000 15.000000
5 7206380.000000 58.000000
0 7206940.000000 15.000000
1 7207466.000000 15.000000
1 7207967.000000 15.000000
5 7208549.000000 34.000000
3 7209050.000000 15.000000
2 7209614.000000 15.000000
4 7210189.000000 15.000000
4 7210818.000000 15.000000
6 7211477.000000 10.000000
0 7212837.000000 15.000000
2 7213467.000000 15.000000
3 7213945.000000 15.000000
3 7214401.000000 15.000000
2 7214922.000000 15.000000
0 7215414.000000 15.000000
5 7215980.000000 44.000000
3 7216584.000000 15.000000
0 7217136.000000 15.000000
4 7217670.000000 15.000000
6 7218302.000000 10.000000
4 7219581.000000 15.000000
2 7220068.000000 15.000000
2 7220549.000000 15.000000
4 7221017.000000 15.000000
0 7221594.000000 15.000000
1 7222103.000000 15.000000
4 7222626.000000 15.000000
2 7223110.000000 15.000000
5 7223606.000000 59.000000
2 7224079.000000 15.000000
6 7224525.000000 10.000000
0 7225806.000000 15.000000
1 7226378.000000 15.000000
2 7226910.000000 15.000000
1 7227483.000000 15.000000
0 7228100.000000 15.000000
4 7228683.000000 15.000000
1 7229326.000000 15.000000
3 7229886.000000 15.000000
0 7230489.000000 15.000000
0 7230957.000000 15.000000
6 7231439.000000 10.000000
5 7232768.000000 72.000000
2 7233386.000000 15.000000
2 7233956.000000 15.000000
2 7234468.000000 15.000000
1 7234937.000000 15.000000
5 7235418.000000 29.000000
3 7236026.000000 15.000000
4 7236605.000000 15.000000
3 7237181.000000 15.000000
0 7237672.000000 15.000000
6 7238252.000000 10.000000
4 7239628.000000 15.000000
4 7240167.000000 15.000000
3 7240765.000000 15.000000
0 7241373.000000 15.000000
5 7241833.000000 49.000000
4 7242410.000000 15.000000
3 7243054.000000 15.000000
0 7243504.000000 15.000000
5 7244108.000000 41.000000
3 7244565.000000 15.000000
6 7245112.000000 10.000000
4 7246422.000000 15.000000
5 7246951.000000 46.000000
2 7247502.000000 15.000000
1 7248012.000000 15.000000
4 7248527.000000 15.000000
2 7249197.000000 15.000000
2 7249642.000000 15.000000
1 7250210.000000 15.000000
4 7250749.000000 15.000000
3 7251340.000000 15.000000
6 7251943.000000 10.000000
1 7253328.000000 15.000000
4 7253932.000000 15.000000
4 7254408.000000 15.000000
1 7254893.000000 15.000000
0 7255460.000000 15.000000
4 7255919.000000 15.000000
0 7256409.000000 15.000000
3 7256960.000000 15.000000
5 7257501.000000 45.000000
4 7258137.000000 15.000000
6 7258702.000000 10.000000
5 7259952.000000 83.000000
1 7260531.000000 15.000000
4 7261049.000000 15.000000
2 7261581.000000 15.000000
4 7262154.000000 15.000000
3 7262817.000000 15.000000
3 7263302.000000 15.000000
3 7263932.000000 15.000000
2 7264556.000000 15.000000
5 7265057.000000 78.000000
6 7265660.000000 10.000000
5 7266981.000000 66.000000
1 7267611.000000 15.000000
1 7268188.000000 15.000000
0 7268667.000000 15.000000
3 7269240.000000 15.000000
2 7269817.000000 15.000000
2 7270344.000000 15.000000
3 7270877.000000 15.000000
3 7271517.000000 15.000000
1 7272077.000000 15.000000
6 7272511.000000 10.000000
4 7273825.000000 15.000000
4 7274301.000000 15.000000
2 7274872.000000 15.000000
2 7275410.000000 15.000000
5 7275897.000000 70.000000
4 7276534.000000 15.000000
3 7277101.000000 15.000000
5 7277631.000000 51.000000
2 7278191.000000 15.000000
3 7278747.000000 15.000000
6 7279221.000000 10.000000
3 7280510.000000 15.000000
5 7281084.000000 62.000000
1 7281566.000000 15.000000
1 7282093.000000 15.000000
5 7282612.000000 50.000000
4 7283195.000000 15.000000
5 7283671.000000 69.000000
3 7284311.000000 15.000000
0 7284857.000000 15.000000
5 7285382.000000 47.000000
6 7285957.000000 10.000000
0 7287227.000000 15.000000
2 7287754.000000 15.000000
3 7288223.000000 15.000000
2 7288777.000000 15.000000
1 7289315.000000 15.000000
1 7289745.000000 15.000000
3 7290237.000000 15.000000
4 7290740.000000 15.000000
0 7291354.000000 15.000000
4 7291961.000000 15.000000
6 7292548.000000 10.000000
3 7293830.000000 15.000000
3 7294360.000000 15.000000
1 7294953.000000 15.000000
1 7295405.000000 15.000000
1 7295916.000000 15.000000
0 7296440.000000 15.000000
1 7296928.000000 15.000000
0 7297455.000000 15.000000
3 7297955.000000 15.000000
2 7298420.000000 15.000000
6 7298941.000000 10.000000
1 7300233.000000 15.000000
2 7300850.000000 15.000000
0 7301317.000000 15.000000
3 7301852.000000 15.000000
4 7302490.000000 15.000000
2 7303027.000000 15.000000
0 7303468.000000 15.000000
1 7304026.000000 15.000000
1 7304586.000000 15.000000
0 7305154.000000 15.000000
6 7305752.000000 10.000000
2 7306965.000000 15.000000
5 7307570.000000 30.000000
5 7308191.000000 40.000000
1 7308677.000000 15.000000
5 7309222.000000 83.000000
3 7309711.000000 15.000000
1 7310355.000000 15.000000
5 7310889.000000 47.000000
3 7311492.000000 15.000000
5 7311988.000000 33.000000
6 7312608.000000 10.000000
3 7313883.000000 15.000000
2 7314368.000000 15.000000
5 7314951.000000 74.000000
0 7315465.000000 15.000000
4 7315948.000000 15.000000
0 7316475.000000 15.000000
1 7316960.000000 15.000000
1 7317545.000000 15.000000
2 7318003.000000 15.000000
1 7318558.000000 15.000000
6 7319109.000000 10.000000
5 7320408.000000 53.000000
5 7320900.000000 56.000000
3 7321479.000000 15.000000
1 7321938.000000 15.000000
3 7322446.000000 15.000000
1 7323056.000000 15.000000
3 7323485.000000 15.000000
1 7324083.000000 15.000000
2 7324652.000000 15.000000
1 7325212.000000 15.000000
6 7325763.000000 10.000000
3 7326976.000000 15.000000
5 7327604.000000 66.000000
4 7328204.000000 15.000000
1 7328752.000000 15.000000
3 7329222.000000 15.000000
5 7329682.000000 70.000000
3 7330284.000000 15.000000
1 7330773.000000 15.000000
5 7331345.000000 42.000000
2 7331931.000000 15.000000
6 7332440.000000 10.000000
0 7333754.000000 15.000000
3 7334311.000000 15.000000
2 7334883.000000 15.000000
4 7335433.000000 15.000000
3 7336089.000000 15.000000
2 7336688.000000 15.000000
1 7337225.000000 15.000000
2 7337663.000000 15.000000
3 7338153.000000 15.000000
2 7338734.000000 15.000000
6 7339175.000000 10.000000
2 7340399.000000 15.000000
2 7340993.000000 15.000000
1 7341493.000000 15.000000
3 7342115.000000 15.000000
0 7342588.000000 15.000000
0 7343217.000000 15.000000
4 7343809.000000 15.000000
1 7344300.000000 15.000000
4 7344776.000000 15.000000
1 7345388.000000 15.000000
6 7345958.000000 10.000000
4 7347349.000000 15.000000
2 7347853.000000 15.000000
2 7348304.000000 15.000000
2 7348804.000000 15.000000
3 7349394.000000 15.000000
5 7349907.000000 38.000000
1 7350415.000000 15.000000
0 7350925.000000 15.000000
2 7351481.000000 15.000000
4 7352033.000000 15.000000
6 7352628.000000 10.000000
0 7353947.000000 15.000000
5 7354425.000000 44.000000
5 7354899.000000 52.000000
2 7355362.000000 15.000000
1 7355848.000000 15.000000
5 7356318.000000 64.000000
5 7356786.000000 77.000000
4 7357316.000000 15.000000
3 7357876.000000 15.000000
3 7358424.000000 15.000000
6 7358997.000000 10.000000
4 7360352.000000 15.000000
0 7360989.000000 15.000000
5 7361433.000000 56.000000
4 7361889.000000 15.000000
0 7362427.000000 15.000000
2 7362978.000000 15.000000
5 7363427.000000 22.000000
3 7364047.000000 15.000000
5 7364533.000000 65.000000
3 7365030.000000 15.000000
6 7365483.000000 10.000000
1 7366772.000000 15.000000
4 7367358.000000 15.000000
1 7367891.000000 15.000000
1 7368449.000000 15.000000
5 7368907.000000 63.000000
2 7369461.000000 15.000000
0 7369923.000000 15.000000
3 7370454.000000 15.000000
0 7370955.000000 15.000000
5 7371537.000000 45.000000
6 7372005.000000 10.000000
1 7373363.000000 15.000000
4 7373885.000000 15.000000
2 7374553.000000 15.000000
3 7375020.000000 15.000000
2 7375472.000000 15.000000
5 7375928.000000 47.000000
5 7376509.000000 59.000000
4 7377011.000000 15.000000
0 7377536.000000 15.000000
5 7378048.000000 84.000000
6 7378502.000000 10.000000
1 7379782.000000 15.000000
0 7380381.000000 15.000000
0 7380987.000000 15.000000
3 7381555.000000 15.000000
0 7382134.000000 15.000000
4 7382572.000000 15.000000
4 7383099.000000 15.000000
4 7383662.000000 15.000000
4 7384326.000000 15.000000
1 7384951.000000 15.000000
6 7385541.000000 10.000000
0 7386935.000000 15.000000
2 7387418.000000 15.000000
2 7387834.000000 15.000000
3 7388269.000000 15.000000
4 7388730.000000 15.000000
4 7389285.000000 15.000000
4 7389778.000000 15.000000
0 7390375.000000 15.000000
1 7390820.000000 15.000000
0 7391366.000000 15.000000
6 7391804.000000 10.000000
0 7393050.000000 15.000000
4 7393551.000000 15.000000
2 7394064.000000 15.000000
5 7394674.000000 63.000000
1 7395207.000000 15.000000
0 7395699.000000 15.000000
0 7396255.000000 15.000000
3 7396803.000000 15.000000
2 7397435.000000 15.000000
2 7397990.000000 15.000000
6 7398422.000000 10.000000
4 7399640.000000 15.000000
1 7400293.000000 15.000000
3 7400864.000000 15.000000
5 7401399.000000 50.000000
2 7401876.000000 15.000000
5 7402309.000000 39.000000
0 7402772.000000 15.000000
4 7403291.000000 15.000000
5 7403940.000000 69.000000
3 7404511.000000 15.000000
6 7405006.000000 10.000000
0 7406248.000000 15.000000
0 7406747.000000 15.000000
2 7407298.000000 15.000000
1 7407779.000000 15.000000
3 7408217.000000 15.000000
4 7408862.000000 15.000000
5 7409480.000000 69.000000
4 7409932.000000 15.000000
4 7410602.000000 15.000000
5 7411179.000000 46.000000
6 7411776.000000 10.000000
5 7413150.000000 68.000000
2 7413679.000000 15.000000
0 7414096.000000 15.000000
3 7414680.000000 15.000000
1 7415268.000000 15.000000
2 7415847.000000 15.000000
1 7416332.000000 15.000000
4 7416922.000000 15.000000
1 7417551.000000 15.000000
5 7418059.000000 31.000000
6 7418501.000000 10.000000
2 7419723.000000 15.000000
4 7420195.000000 15.000000
2 7420844.000000 15.000000
5 7421401.000000 82.000000
5 7421943.000000 74.000000
1 7422516.000000 15.000000
0 7422940.000000 15.000000
1 7423513.000000 15.000000
5 7424025.000000 31.000000
4 7424572.000000 15.000000
6 7425089.000000 10.000000
3 7426427.000000 15.000000
4 7426977.000000 15.000000
1 7427496.000000 15.000000
3 7427968.000000 15.000000
3 7428569.000000 15.000000
0 7429186.000000 15.000000
2 7429685.000000 15.000000
5 7430287.000000 48.000000
3 7430926.000000 15.000000
1 7431500.000000 15.000000
6 7431943.000000 10.000000
5 7433334.000000 23.000000
5 7433969.000000 75.000000
3 7434589.000000 15.000000
5 7435072.000000 46.000000
3 7435680.000000 15.000000
2 7436196.000000 15.000000
3 7436642.000000 15.000000
0 7437187.000000 15.000000
0 7437647.000000 15.000000
3 7438127.000000 15.000000
6 7438632.000000 10.000000
1 7439886.000000 15.000000
1 7440474.000000 15.000000
4 7441032.000000 15.000000
5 7441675.000000 24.000000
4 7442152.000000 15.000000
5 7442628.000000 80.000000
2 7443166.000000 15.000000
4 7443700.000000 15.000000
5 7444323.000000 45.000000
0 7444776.000000 15.000000
6 7445285.000000 10.000000
0 7446605.000000 15.000000
4 7447103.000000 15.000000
2 7447672.000000 15.000000
2 7448223.000000 15.000000
1 7448790.000000 15.000000
1 7449280.000000 15.000000
0 7449750.000000 15.000000
2 7450276.000000 15.000000
5 7450745.000000 56.000000
5 7451233.000000 59.000000
6 7451730.000000 10.000000
5 7452976.000000 69.000000
3 7453493.000000 15.000000
3 7454065.000000 15.000000
0 7454652.000000 15.000000
0 7455263.000000 15.000000
3 7455832.000000 15.000000
5 7456403.000000 84.000000
4 7457034.000000 15.000000
0 7457694.000000 15.000000
1 7458292.000000 15.000000
6 7458770.000000 10.000000
4 7460146.000000 15.000000
2 7460646.000000 15.000000
4 7461071.000000 15.000000
4 7461715.000000 15.000000
4 7462325.000000 15.000000
0 7462814.000000 15.000000
2 7463370.000000 15.000000
4 7463903.000000 15.000000
2 7464496.000000 15.000000
5 7465097.000000 43.000000
6 7465568.000000 10.000000
0 7466877.000000 15.000000
3 7467407.000000 15.000000
4 7467875.000000 15.000000
0 7468371.000000 15.000000
4 7468818.000000 15.000000
3 7469391.000000 15.000000
4 7469845.000000 15.000000
5 7470422.000000 58.000000
0 7470914.000000 15.000000
2 7471526.000000 15.000000
6 7471985.000000 10.000000
5 7473380.000000 83.000000
4 7473856.000000 15.000000
5 7474505.000000 24.000000
4 7474995.000000 15.000000
4 7475582.000000 15.000000
4 7476115.000000 15.000000
0 7476702.000000 15.000000
0 7477188.000000 15.000000
0 7477676.000000 15.000000
5 7478210.000000 43.000000
6 7478809.000000 10.000000
0 7480140.000000 15.000000
4 7480599.000000 15.000000
0 7481262.000000 15.000000
0 7481822.000000 15.000000
2 7482280.000000 15.000000
4 7482873.000000 15.000000
5 7483433.000000 41.000000
1 7483968.000000 15.000000
4 7484589.000000 15.000000
0 7485069.000000 15.000000
6 7485669.000000 10.000000
1 7487051.000000 15.000000
1 7487646.000000 15.000000
2 7488183.000000 15.000000
4 7488780.000000 15.000000
3 7489255.000000 15.000000
0 7489723.000000 15.000000
3 7490246.000000 15.000000
5 7490774.000000 50.000000
5 7491379.000000 31.000000
0 7491936.000000 15.000000
6 7492383.000000 10.000000
4 7493706.000000 15.000000
5 7494181.000000 84.000000
1 7494643.000000 15.000000
1 7495210.000000 15.000000
2 7495755.000000 15.000000
2 7496228.000000 15.000000
3 7496743.000000 15.000000
0 7497306.000000 15.000000
1 7497863.000000 15.000000
5 7498398.000000 31.000000
6 7498926.000000 10.000000
0 7500327.000000 15.000000
5 7500885.000000 46.000000
3 7501473.000000 15.000000
5 7501959.000000 26.000000
5 7502445.000000 28.000000
1 7502913.000000 15.000000
1 7503407.000000 15.000000
1 7503971.000000 15.000000
1 7504562.000000 15.000000
3 7505029.000000 15.000000
6 7505541.000000 10.000000
0 7506755.000000 15.000000
1 7507217.000000 15.000000
0 7507830.000000 15.000000
4 7508457.000000 15.000000
5 7509041.000000 70.000000
0 7509612.000000 15.000000
4 7510073.000000 15.000000
5 7510703.000000 66.000000
2 7511299.000000 15.000000
1 7511800.000000 15.000000
6 7512307.000000 10.000000
4 7513678.000000 15.000000
2 7514253.000000 15.000000
5 7514811.000000 27.000000
4 7515447.000000 15.000000
3 7516011.000000 15.000000
1 7516536.000000 15.000000
4 7517054.000000 15.000000
0 7517634.000000 15.000000
2 7518255.000000 15.000000
0 7518768.000000 15.000000
6 7519282.000000 10.000000
2 7520543.000000 15.000000
1 7521126.000000 15.000000
2 7521745.000000 15.000000
4 7522212.000000 15.000000
5 7522865.000000 41.000000
5 7523468.000000 49.000000
5 7523962.000000 50.000000
4 7524498.000000 15.000000
0 7525114.000000 15.000000
4 7525698.000000 15.000000
6 7526204.000000 10.000000
2 7527530.000000 15.000000
1 7528061.000000 15.000000
4 7528668.000000 15.000000
1 7529162.000000 15.000000
3 7529709.000000 15.000000
5 7530195.000000 31.000000
0 7530673.000000 15.000000
4 7531231.000000 15.000000
4 7531847.000000 15.000000
4 7532405.000000 15.000000
6 7532955.000000 10.000000
1 7534347.000000 15.000000
0 7534843.000000 15.000000
2 7535314.000000 15.000000
4 7535794.000000 15.000000
1 7536382.000000 15.000000
3 7536853.000000 15.000000
0 7537498.000000 15.000000
3 7538039.000000 15.000000
2 7538600.000000 15.000000
5 7539033.000000 27.000000
6 7539551.000000 10.000000
4 7540934.000000 15.000000
1 7541466.000000 15.000000
3 7541919.000000 15.000000
4 7542433.000000 15.000000
4 7542924.000000 15.000000
3 7543506.000000 15.000000
3 7544067.000000 15.000000
5 7544675.000000 41.000000
4 7545237.000000 15.000000
3 7545764.000000 15.000000
6 7546275.000000 10.000000
3 7547625.000000 15.000000
2 7548247.000000 15.000000
3 7548675.000000 15.000000
1 7549207.000000 15.000000
5 7549708.000000 24.000000
5 7550185.000000 31.000000
0 7550731.000000 15.000000
0 7551264.000000 15.000000
4 7551759.000000 15.000000
0 7552306.000000 15.000000
6 7552884.000000 10.000000
4 7554219.000000 15.000000
4 7554885.000000 15.000000
3 7555363.000000 15.000000
2 7555971.000000 15.000000
1 7556493.000000 15.000000
3 7557081.000000 15.000000
2 7557679.000000 15.000000
2 7558149.000000 15.000000
1 7558701.000000 15.000000
0 7559170.000000 15.000000
6 7559788.000000 10.000000
5 7561069.000000 26.000000
3 7561601.000000 15.000000
3 7562237.000000 15.000000
4 7562805.000000 15.000000
2 7563342.000000 15.000000
0 7563784.000000 15.000000
0 7564313.000000 15.000000
5 7564848.000000 56.000000
0 7565360.000000 15.000000
4 7565870.000000 15.000000
6 7566501.000000 10.000000
3 7567844.000000 15.000000
5 7568297.000000 81.000000
1 7568795.000000 15.000000
1 7569393.000000 15.000000
1 7569910.000000 15.000000
0 7570529.000000 15.000000
5 7571042.000000 40.000000
4 7571566.000000 15.000000
1 7572134.000000 15.000000
0 7572655.000000 15.000000
6 7573114.000000 10.000000
4 7574508.000000 15.000000
4 7575172.000000 15.000000
3 7575831.000000 15.000000
1 7576327.000000 15.000000
3 7576788.000000 15.000000
0 7577401.000000 15.000000
0 7577999.000000 15.000000
1 7578504.000000 15.000000
4 7579065.000000 15.000000
1 7579699.000000 15.000000
6 7580173.000000 10.000000
5 7581497.000000 70.000000
5 7582000.000000 76.000000
5 7582464.000000 79.000000
5 7583014.000000 52.000000
0 7583603.000000 15.000000
2 7584209.000000 15.000000
5 7584809.000000 50.000000
5 7585396.000000 54.000000
0 7585914.000000 15.000000
3 7586393.000000 15.000000
6 7587006.000000 10.000000
2 7588305.000000 15.000000
4 7588855.000000 15.000000
2 7589344.000000 15.000000
2 7589773.000000 15.000000
1 7590304.000000 15.000000
1 7590872.000000 15.000000
3 7591356.000000 15.000000
5 7591896.000000 79.000000
3 7592416.000000 15.000000
0 7593024.000000 15.000000
6 7593589.000000 10.000000
1 7594945.000000 15.000000
4 7595519.000000 15.000000
3 7596090.000000 15.000000
2 7596655.000000 15.000000
2 7597215.000000 15.000000
1 7597779.000000 15.000000
0 7598282.000000 15.000000
3 7598793.000000 15.000000
2 7599401.000000 15.000000
0 7599891.000000 15.000000
6 7600505.000000 10.000000
0 7601727.000000 15.000000
1 7602216.000000 15.000000
4 7602707.000000 15.000000
0 7603202.000000 15.000000
4 7603781.000000 15.000000
2 7604418.000000 15.000000
5 7604933.000000 39.000000
5 7605397.000000 77.000000
0 7605849.000000 15.000000
5 7606450.000000 74.000000
6 7606948.000000 10.000000
0 7608341.000000 15.000000
5 7608908.000000 59.000000
5 7609390.000000 39.000000
1 7609955.000000 15.000000
2 7610516.000000 15.000000
4 7610960.000000 15.000000
2 7611613.000000 15.000000
3 7612028.000000 15.000000
2 7612538.000000 15.000000
3 7613106.000000 15.000000
6 7613623.000000 10.000000
4 7614894.000000 15.000000
2 7615367.000000 15.000000
2 7615945.000000 15.000000
4 7616483.000000 15.000000
2 7617088.000000 15.000000
0 7617629.000000 15.000000
1 7618155.000000 15.000000
2 7618694.000000 15.000000
5 7619244.000000 75.000000
1 7619826.000000 15.000000
6 7620431.000000 10.000000
0 7621788.000000 15.000000
4 7622383.000000 15.000000
5 7622893.000000 66.000000
2 7623420.000000 15.000000
4 7623836.000000 15.000000
2 7624450.000000 15.000000
2 7624984.000000 15.000000
3 7625431.000000 15.000000
2 7625937.000000 15.000000
5 7626519.000000 56.000000
6 7627002.000000 10.000000
4 7628409.000000 15.000000
1 7628941.000000 15.000000
0 7629374.000000 15.000000
4 7629980.000000 15.000000
4 7630644.000000 15.000000
1 7631213.000000 15.000000
5 7631813.000000 70.000000
3 7632268.000000 15.000000
0 7632785.000000 15.000000
4 7633302.000000 15.000000
6 7633870.000000 10.000000
2 7635220.000000 15.000000
3 7635684.000000 15.000000
5 7636225.000000 30.000000
1 7636711.000000 15.000000
4 7637188.000000 15.000000
0 7637806.000000 15.000000
2 7638304.000000 15.000000
5 7638797.000000 68.000000
3 7639383.000000 15.000000
2 7639911.000000 15.000000
6 7640336.000000 10.000000
5 7641556.000000 77.000000
5 7642072.000000 53.000000
4 7642569.000000 15.000000
5 7643173.000000 82.000000
2 7643626.000000 15.000000
3 7644097.000000 15.000000
5 7644715.000000 45.000000
3 7645226.000000 15.000000
5 7645764.000000 29.000000
2 7646206.000000 15.000000
6 7646640.000000 10.000000
1 7647980.000000 15.000000
4 7648440.000000 15.000000
5 7649093.000000 74.000000
4 7649675.000000 15.000000
0 7650151.000000 15.000000
3 7650629.000000 15.000000
4 7651166.000000 15.000000
2 7651724.000000 15.000000
1 7652265.000000 15.000000
0 7652814.000000 15.000000
6 7653282.000000 10.000000
2 7654525.000000 15.000000
3 7654940.000000 15.000000
5 7655558.000000 68.000000
1 7656040.000000 15.000000
5 7656606.000000 20.000000
0 7657208.000000 15.000000
5 7657702.000000 26.000000
1 7658162.000000 15.000000
4 7658676.000000 15.000000
0 7659294.000000 15.000000
6 7659853.000000 10.000000
2 7661165.000000 15.000000
2 7661594.000000 15.000000
0 7662081.000000 15.000000
1 7662533.000000 15.000000
4 7663108.000000 15.000000
1 7663748.000000 15.000000
3 7664242.000000 15.000000
0 7664810.000000 15.000000
5 7665301.000000 67.000000
3 7665911.000000 15.000000
6 7666523.000000 10.000000
0 7667780.000000 15.000000
0 7668369.000000 15.000000
1 7668974.000000 15.000000
2 7669490.000000 15.000000
0 7670022.000000 15.000000
1 7670623.000000 15.000000
5 7671116.000000 77.000000
4 7671596.000000 15.000000
5 7672257.000000 62.000000
0 7672734.000000 15.000000
6 7673293.000000 10.000000
4 7674550.000000 15.000000
1 7675126.000000 15.000000
1 7675565.000000 15.000000
0 7676169.000000 15.000000
3 7676610.000000 15.000000
3 7677082.000000 15.000000
0 7677705.000000 15.000000
4 7678154.000000 15.000000
2 7678793.000000 15.000000
0 7679239.000000 15.000000
6 7679862.000000 10.000000
4 7681240.000000 15.000000
4 7681850.000000 15.000000
1 7682513.000000 15.000000
0 7683049.000000 15.000000
0 7683492.000000 15.000000
0 7683931.000000 15.000000
3 7684363.000000 15.000000
4 7684847.000000 15.000000
4 7685373.000000 15.000000
1 7686017.000000 15.000000
6 7686451.000000 10.000000
1 7687794.000000 15.000000
1 7688301.000000 15.000000
5 7688874.000000 45.000000
2 7689321.000000 15.000000
2 7689754.000000 15.000000
0 7690174.000000 15.000000
1 7690636.000000 15.000000
3 7691060.000000 15.000000
3 7691542.000000 15.000000
2 7692174.000000 15.000000
6 7692593.000000 10.000000
0 7693944.000000 15.000000
0 7694510.000000 15.000000
2 7695010.000000 15.000000
1 7695511.000000 15.000000
5 7696121.000000 69.000000
5 7696674.000000 82.000000
2 7697255.000000 15.000000
1 7697672.000000 15.000000
1 7698183.000000 15.000000
2 7698736.000000 15.000000
6 7699338.000000 10.000000
2 7700603.000000 15.000000
4 7701064.000000 15.000000
3 7701729.000000 15.000000
3 7702361.000000 15.000000
1 7702845.000000 15.000000
2 7703282.000000 15.000000
2 7703706.000000 15.000000
4 7704253.000000 15.000000
2 7704797.000000 15.000000
4 7705280.000000 15.000000
6 7705904.000000 10.000000
4 7707153.000000 15.000000
0 7707672.000000 15.000000
1 7708147.000000 15.000000
4 7708765.000000 15.000000
5 7709337.000000 53.000000
0 7709815.000000 15.000000
2 7710406.000000 15.000000
5 7710881.000000 45.000000
0 7711368.000000 15.000000
0 7711818.000000 15.000000
6 7712335.000000 10.000000
2 7713686.000000 15.000000
2 7714178.000000 15.000000
1 7714751.000000 15.000000
3 7715223.000000 15.000000
5 7715770.000000 26.000000
4 7716381.000000 15.000000
2 7716921.000000 15.000000
1 7717386.000000 15.000000
3 7717931.000000 15.000000
3 7718566.000000 15.000000
6 7719118.000000 10.000000
2 7720459.000000 15.000000
4 7721073.000000 15.000000
4 7721559.000000 15.000000
0 7722107.000000 15.000000
5 7722668.000000 60.000000
1 7723215.000000 15.000000
0 7723639.000000 15.000000
2 7724155.000000 15.000000
0 7724707.000000 15.000000
4 7725160.000000 15.000000
6 7725735.000000 10.000000
1 7727140.000000 15.000000
4 7727671.000000 15.000000
3 7728162.000000 15.000000
5 7728808.000000 55.000000
0 7729287.000000 15.000000
4 7729757.000000 15.000000
5 7730242.000000 84.000000
1 7730781.000000 15.000000
2 7731390.000000 15.000000
5 7731839.000000 23.000000
6 7732307.000000 10.000000
5 7733620.000000 80.000000
0 7734080.000000 15.000000
4 7734519.000000 15.000000
4 7735123.000000 15.000000
4 7735655.000000 15.000000
0 7736228.000000 15.000000
2 7736784.000000 15.000000
5 7737338.000000 72.000000
1 7737889.000000 15.000000
2 7738469.000000 15.000000
6 7739023.000000 10.000000
2 7740315.000000 15.000000
3 7740841.000000 15.000000
3 7741463.000000 15.000000
1 7742074.000000 15.000000
2 7742582.000000 15.000000
3 7743139.000000 15.000000
5 7743592.000000 80.000000
3 7744149.000000 15.000000
1 7744733.000000 15.000000
5 7745224.000000 42.000000
6 7745772.000000 10.000000
0 7747021.000000 15.000000
2 7747472.000000 15.000000
4 7747962.000000 15.000000
2 7748595.000000 15.000000
3 7749204.000000 15.000000
0 7749798.000000 15.000000
1 7750315.000000 15.000000
5 7750809.000000 22.000000
5 7751413.000000 84.000000
1 7751991.000000 15.000000
6 7752510.000000 10.000000
0 7753780.000000 15.000000
2 7754382.000000 15.000000
4 7754991.000000 15.000000
2 7755534.000000 15.000000
5 7755950.000000 60.000000
1 7756513.000000 15.000000
3 7757029.000000 15.000000
3 7757584.000000 15.000000
5 7758062.000000 83.000000
1 7758566.000000 15.000000
6 7759172.000000 10.000000
3 7760463.000000 15.000000
4 7761001.000000 15.000000
1 7761625.000000 15.000000
4 7762138.000000 15.000000
2 7762800.000000 15.000000
3 7763345.000000 15.000000
2 7763887.000000 15.000000
0 7764439.000000 15.000000
1 7765007.000000 15.000000
2 7765561.000000 15.000000
6 7766015.000000 10.000000
0 7767415.000000 15.000000
5 7767994.000000 84.000000
5 7768567.000000 57.000000
0 7769181.000000 15.000000
4 7769723.000000 15.000000
1 7770388.000000 15.000000
4 7770823.000000 15.000000
3 7771426.000000 15.000000
2 7771946.000000 15.000000
0 7772412.000000 15.000000
6 7772846.000000 10.000000
5 7774169.000000 24.000000
5 7774787.000000 75.000000
0 7775305.000000 15.000000
0 7775804.000000 15.000000
0 7776309.000000 15.000000
5 7776811.000000 70.000000
0 7777411.000000 15.000000
2 7777991.000000 15.000000
4 7778548.000000 15.000000
1 7779048.000000 15.000000
6 7779589.000000 10.000000
1 7780830.000000 15.000000
4 7781321.000000 15.000000
3 7781851.000000 15.000000
1 7782406.000000 15.000000
1 7782980.000000 15.000000
0 7783414.000000 15.000000
2 7783964.000000 15.000000
4 7784466.000000 15.000000
2 7784947.000000 15.000000
0 7785455.000000 15.000000
6 7785993.000000 10.000000
1 7787299.000000 15.000000
4 7787830.000000 15.000000
5 7788432.000000 76.000000
0 7788953.000000 15.000000
3 7789562.000000 15.000000
2 7790016.000000 15.000000
2 7790571.000000 15.000000
4 7791016.000000 15.000000
5 7791523.000000 62.000000
2 7792062.000000 15.000000
6 7792543.000000 10.000000
1 7793811.000000 15.000000
3 7794287.000000 15.000000
0 7794929.000000 15.000000
5 7795428.000000 79.000000
0 7796028.000000 15.000000
5 7796506.000000 26.000000
3 7796958.000000 15.000000
3 7797567.000000 15.000000
3 7798027.000000 15.000000
5 7798504.000000 30.000000
6 7799093.000000 10.000000
3 7800428.000000 15.000000
4 7801032.000000 15.000000
2 7801645.000000 15.000000
5 7802199.000000 60.000000
0 7802650.000000 15.000000
3 7803132.000000 15.000000
1 7803693.000000 15.000000
1 7804285.000000 15.000000
2 7804791.000000 15.000000
1 7805329.000000 15.000000
6 7805788.000000 10.000000
2 7807012.000000 15.000000
5 7807605.000000 79.000000
2 7808220.000000 15.000000
5 7808670.000000 46.000000
3 7809269.000000 15.000000
1 7809898.000000 15.000000
0 7810348.000000 15.000000
4 7810920.000000 15.000000
2 7811504.000000 15.000000
1 7811919.000000 15.000000
6 7812525.000000 10.000000
1 7813791.000000 15.000000
1 7814284.000000 15.000000
1 7814866.000000 15.000000
1 7815411.000000 15.000000
2 7815909.000000 15.000000
1 7816419.000000 15.000000
1 7817031.000000 15.000000
4 7817580.000000 15.000000
3 7818248.000000 15.000000
2 7818873.000000 15.000000
6 7819415.000000 10.000000
0 7820695.000000 15.000000
4 7821267.000000 15.000000
0 7821755.000000 15.000000
5 7822210.000000 69.000000
0 7822793.000000 15.000000
1 7823331.000000 15.000000
3 7823899.000000 15.000000
5 7824357.000000 57.000000
3 7824817.000000 15.000000
2 7825432.000000 15.000000
6 7825991.000000 10.000000
1 7827308.000000 15.000000
3 7827886.000000 15.000000
0 7828488.000000 15.000000
5 7829029.000000 34.000000
1 7829630.000000 15.000000
1 7830142.000000 15.000000
3 7830697.000000 15.000000
5 7831236.000000 78.000000
3 7831859.000000 15.000000
5 7832466.000000 36.000000
6 7832997.000000 10.000000
1 7834208.000000 15.000000
1 7834826.000000 15.000000
2 7835405.000000 15.000000
2 7835925.000000 15.000000
2 7836509.000000 15.000000
0 7837058.000000 15.000000
4 7837607.000000 15.000000
2 7838252.000000 15.000000
5 7838848.000000 29.000000
0 7839474.000000 15.000000
6 7840014.000000 10.000000
3 7841244.000000 15.000000
4 7841841.000000 15.000000
3 7842431.000000 15.000000
0 7842915.000000 15.000000
2 7843499.000000 15.000000
5 7844090.000000 50.000000
2 7844614.000000 15.000000
2 7845176.000000 15.000000
5 7845628.000000 24.000000
0 7846164.000000 15.000000
6 7846644.000000 10.000000
1 7847884.000000 15.000000
3 7848380.000000 15.000000
1 7848969.000000 15.000000
5 7849570.000000 60.000000
2 7850064.000000 15.000000
5 7850586.000000 33.000000
3 7851120.000000 15.000000
5 7851586.000000 47.000000
0 7852042.000000 15.000000
4 7852490.000000 15.000000
6 7853067.000000 10.000000
5 7854295.000000 26.000000
5 7854761.000000 77.000000
5 7855382.000000 53.000000
1 7855848.000000 15.000000
5 7856394.000000 69.000000
4 7856923.000000 15.000000
1 7857420.000000 15.000000
4 7858040.000000 15.000000
3 7858639.000000 15.000000
5 7859279.000000 32.000000
6 7859792.000000 10.000000
0 7861060.000000 15.000000
4 7861631.000000 15.000000
3 7862262.000000 15.000000
4 7862813.000000 15.000000
5 7863411.000000 64.000000
4 7863987.000000 15.000000
0 7864596.000000 15.000000
3 7865097.000000 15.000000
0 7865707.000000 15.000000
5 7866327.000000 66.000000
6 7866875.000000 10.000000
2 7868157.000000 15.000000
0 7868577.000000 15.000000
5 7869038.000000 76.000000
5 7869488.000000 82.000000
1 7870039.000000 15.000000
5 7870487.000000 66.000000
4 7871056.000000 15.000000
4 7871534.000000 15.000000
5 7872021.000000 20.000000
3 7872632.000000 15.000000
6 7873166.000000 10.000000
0 7874403.000000 15.000000
2 7874976.000000 15.000000
4 7875568.000000 15.000000
5 7876110.000000 50.000000
0 7876601.000000 15.000000
5 7877131.000000 34.000000
3 7877609.000000 15.000000
5 7878096.000000 75.000000
2 7878641.000000 15.000000
2 7879216.000000 15.000000
6 7879652.000000 10.000000
5 7880971.000000 22.000000
5 7881414.000000 69.000000
5 7882054.000000 29.000000
2 7882598.000000 15.000000
0 7883085.000000 15.000000
4 7883665.000000 15.000000
3 7884150.000000 15.000000
3 7884656.000000 15.000000
2 7885216.000000 15.000000
4 7885659.000000 15.000000
6 7886152.000000 10.000000
4 7887411.000000 15.000000
0 7888079.000000 15.000000
3 7888533.000000 15.000000
4 7888983.000000 15.000000
2 7889652.000000 15.000000
0 7890237.000000 15.000000
4 7890758.000000 15.000000
5 7891286.000000 65.000000
3 7891852.000000 15.000000
2 7892406.000000 15.000000
6 7892859.000000 10.000000
1 7894188.000000 15.000000
2 7894659.000000 15.000000
4 7895199.000000 15.000000
0 7895858.000000 15.000000
2 7896345.000000 15.000000
5 7896785.000000 79.000000
2 7897413.000000 15.000000
5 7897983.000000 35.000000
5 7898469.000000 80.000000
5 7898920.000000 72.000000
6 7899530.000000 10.000000
0 7900914.000000 15.000000
5 7901487.000000 30.000000
3 7902050.000000 15.000000
0 7902568.000000 15.000000
4 7903050.000000 15.000000
4 7903634.000000 15.000000
4 7904168.000000 15.000000
2 7904806.000000 15.000000
2 7905245.000000 15.000000
4 7905721.000000 15.000000
6 7906203.000000 10.000000
2 7907467.000000 15.000000
5 7907930.000000 71.000000
3 7908475.000000 15.000000
4 7908997.000000 15.000000
5 7909491.000000 36.000000
2 7910013.000000 15.000000
1 7910580.000000 15.000000
3 7911015.000000 15.000000
3 7911540.000000 15.000000
4 7912107.000000 15.000000
6 7912599.000000 10.000000
1 7913918.000000 15.000000
4 7914540.000000 15.000000
0 7915097.000000 15.000000
1 7915682.000000 15.000000
0 7916109.000000 15.000000
0 7916721.000000 15.000000
1 7917155.000000 15.000000
3 7917701.000000 15.000000
0 7918328.000000 15.000000
3 7918828.000000 15.000000
6 7919459.000000 10.000000
0 7920715.000000 15.000000
0 7921193.000000 15.000000
1 7921668.000000 15.000000
1 7922183.000000 15.000000
0 7922703.000000 15.000000
1 7923160.000000 15.000000
3 7923646.000000 15.000000
2 7924110.000000 15.000000
0 7924709.000000 15.000000
1 7925284.000000 15.000000
6 7925884.000000 10.000000
4 7927260.000000 15.000000
0 7927734.000000 15.000000
5 7928315.000000 32.000000
0 7928933.000000 15.000000
3 7929511.000000 15.000000
0 7930007.000000 15.000000
3 7930634.000000 15.000000
2 7931252.000000 15.000000
0 7931739.000000 15.000000
2 7932203.000000 15.000000
6 7932699.000000 10.000000
0 7933991.000000 15.000000
0 7934443.000000 15.000000
5 7934905.000000 23.000000
3 7935545.000000 15.000000
5 7936061.000000 79.000000
5 7936574.000000 29.000000
0 7937149.000000 15.000000
2 7937597.000000 15.000000
0 7938115.000000 15.000000
0 7938613.000000 15.000000
6 7939201.000000 10.000000
5 7940547.000000 76.000000
0 7941174.000000 15.000000
5 7941634.000000 56.000000
0 7942084.000000 15.000000
2 7942700.000000 15.000000
0 7943247.000000 15.000000
2 7943725.000000 15.000000
5 7944171.000000 55.000000
0 7944658.000000 15.000000
0 7945188.000000 15.000000
6 7945785.000000 10.000000
4 7947029.000000 15.000000
2 7947665.000000 15.000000
5 7948102.000000 70.000000
2 7948546.000000 15.000000
3 7949062.000000 15.000000
5 7949524.000000 78.000000
3 7950047.000000 15.000000
2 7950507.000000 15.000000
0 7951113.000000 15.000000
4 7951641.000000 15.000000
6 7952280.000000 10.000000
3 7953593.000000 15.000000
0 7954147.000000 15.000000
1 7954657.000000 15.000000
0 7955080.000000 15.000000
4 7955569.000000 15.000000
0 7956108.000000 15.000000
2 7956661.000000 15.000000
1 7957275.000000 15.000000
4 7957830.000000 15.000000
3 7958450.000000 15.000000
6 7959069.000000 10.000000
1 7960303.000000 15.000000
0 7960871.000000 15.000000
0 7961434.000000 15.000000
1 7961931.000000 15.000000
0 7962451.000000 15.000000
2 7963063.000000 15.000000
2 7963567.000000 15.000000
3 7964005.000000 15.000000
0 7964608.000000 15.000000
4 7965094.000000 15.000000
6 7965762.000000 10.000000
1 7967047.000000 15.000000
5 7967618.000000 25.000000
4 7968090.000000 15.000000
4 7968687.000000 15.000000
1 7969170.000000 15.000000
0 7969670.000000 15.000000
5 7970168.000000 50.000000
1 7970768.000000 15.000000
1 7971341.000000 15.000000
2 7971913.000000 15.000000
6 7972433.000000 10.000000
5 7973762.000000 37.000000
1 7974245.000000 15.000000
0 7974865.000000 15.000000
2 7975363.000000 15.000000
5 7975828.000000 23.000000
2 7976321.000000 15.000000
5 7976933.000000 61.000000
1 7977411.000000 15.000000
1 7977852.000000 15.000000
1 7978325.000000 15.000000
6 7978914.000000 10.000000
0 7980133.000000 15.000000
3 7980693.000000 15.000000
3 7981315.000000 15.000000
4 7981831.000000 15.000000
4 7982437.000000 15.000000
3 7982986.000000 15.000000
5 7983569.000000 20.000000
0 7984201.000000 15.000000
4 7984679.000000 15.000000
1 7985162.000000 15.000000
6 7985775.000000 10.000000
5 7987053.000000 34.000000
3 7987527.000000 15.000000
2 7988087.000000 15.000000
4 7988674.000000 15.000000
3 7989152.000000 15.000000
5 7989618.000000 22.000000
5 7990156.000000 47.000000
3 7990738.000000 15.000000
0 7991225.000000 15.000000
4 7991757.000000 15.000000
6 7992281.000000 10.000000
3 7993673.000000 15.000000
3 7994145.000000 15.000000
2 7994784.000000 15.000000
0 7995378.000000 15.000000
2 7995894.000000 15.000000
2 7996501.000000 15.000000
1 7996990.000000 15.000000
2 7997519.000000 15.000000
2 7997995.000000 15.000000
0 7998412.000000 15.000000
6 7998853.000000 10.000000
3 8000156.000000 15.000000
4 8000778.000000 15.000000
2 8001300.000000 15.000000
3 8001855.000000 15.000000
0 8002334.000000 15.000000
4 8002851.000000 15.000000
3 8003361.000000 15.000000
0 8003913.000000 15.000000
4 8004521.000000 15.000000
1 8005057.000000 15.000000
6 8005611.000000 10.000000
5 8006879.000000 53.000000
1 8007454.000000 15.000000
5 8007948.000000 61.000000
5 8008504.000000 67.000000
0 8008963.000000 15.000000
1 8009533.000000 15.000000
1 8009973.000000 15.000000
5 8010450.000000 82.000000
4 8011010.000000 15.000000
2 8011561.000000 15.000000
6 8012136.000000 10.000000
5 8013382.000000 80.000000
2 8014002.000000 15.000000
0 8014428.000000 15.000000
2 8015035.000000 15.000000
3 8015551.000000 15.000000
1 8016111.000000 15.000000
2 8016572.000000 15.000000
2 8017145.000000 15.000000
1 8017684.000000 15.000000
5 8018214.000000 82.000000
6 8018766.000000 10.000000
5 8020024.000000 24.000000
5 8020508.000000 84.000000
4 8021142.000000 15.000000
4 8021706.000000 15.000000
1 8022223.000000 15.000000
2 8022786.000000 15.000000
2 8023332.000000 15.000000
4 8023897.000000 15.000000
1 8024551.000000 15.000000
4 8025096.000000 15.000000
6 8025614.000000 10.000000
3 8026917.000000 15.000000
0 8027375.000000 15.000000
2 8027979.000000 15.000000
1 8028563.000000 15.000000
5 8029053.000000 61.000000
5 8029591.000000 21.000000
5 8030163.000000 50.000000
1 8030755.000000 15.000000
1 8031244.000000 15.000000
4 8031723.000000 15.000000
6 8032265.000000 10.000000
2 8033576.000000 15.000000
0 8034044.000000 15.000000
0 8034519.000000 15.000000
4 8035133.000000 15.000000
1 8035674.000000 15.000000
2 8036184.000000 15.000000
3 8036601.000000 15.000000
1 8037164.000000 15.000000
1 8037623.000000 15.000000
1 8038071.000000 15.000000
6 8038591.000000 10.000000
0 8039901.000000 15.000000
5 8040354.000000 61.000000
1 8040857.000000 15.000000
2 8041389.000000 15.000000
4 8041912.000000 15.000000
1 8042511.000000 15.000000
3 8043036.000000 15.000000
1 8043565.000000 15.000000
4 8044088.000000 15.000000
3 8044693.000000 15.000000
6 8045255.000000 10.000000
4 8046484.000000 15.000000
2 8047032.000000 15.000000
3 8047608.000000 15.000000
0 8048197.000000 15.000000
1 8048780.000000 15.000000
0 8049219.000000 15.000000
5 8049685.000000 32.000000
2 8050271.000000 15.000000
1 8050865.000000 15.000000
3 8051462.000000 15.000000
6 8052093.000000 10.000000
5 8053500.000000 70.000000
3 8053975.000000 15.000000
3 8054583.000000 15.000000
4 8055213.000000 15.000000
5 8055773.000000 82.000000
4 8056405.000000 15.000000
3 8056939.000000 15.000000
2 8057581.000000 15.000000
1 8058015.000000 15.000000
2 8058458.000000 15.000000
6 8058966.000000 10.000000
3 8060179.000000 15.000000
3 8060789.000000 15.000000
1 8061249.000000 15.000000
1 8061850.000000 15.000000
0 8062440.000000 15.000000
2 8062920.000000 15.000000
0 8063373.000000 15.000000
2 8063931.000000 15.000000
1 8064385.000000 15.000000
3 8064954.000000 15.000000
6 8065488.000000 10.000000
3 8066897.000000 15.000000
2 8067536.000000 15.000000
4 8068003.000000 15.000000
2 8068495.000000 15.000000
2 8069086.000000 15.000000
5 8069571.000000 27.000000
1 8070164.000000 15.000000
4 8070721.000000 15.000000
0 8071299.000000 15.000000
5 8071825.000000 43.000000
6 8072427.000000 10.000000
2 8073725.000000 15.000000
5 8074150.000000 79.000000
0 8074703.000000 15.000000
2 8075230.000000 15.000000
5 8075828.000000 36.000000
1 8076454.000000 15.000000
0 8076940.000000 15.000000
4 8077466.000000 15.000000
0 8078081.000000 15.000000
3 8078668.000000 15.000000
6 8079197.000000 10.000000
1 8080478.000000 15.000000
4 8081044.000000 15.000000
4 8081657.000000 15.000000
2 8082216.000000 15.000000
5 8082711.000000 31.000000
0 8083347.000000 15.000000
1 8083841.000000 15.000000
1 8084412.000000 15.000000
2 8084967.000000 15.000000
4 8085439.000000 15.000000
6 8086052.000000 10.000000
0 8087428.000000 15.000000
5 8087873.000000 58.000000
0 8088471.000000 15.000000
4 8089030.000000 15.000000
5 8089580.000000 65.000000
3 8090164.000000 15.000000
2 8090811.000000 15.000000
1 8091403.000000 15.000000
0 8091939.000000 15.000000
0 8092539.000000 15.000000
6 8093138.000000 10.000000
5 8094423.000000 68.000000
3 8095022.000000 15.000000
2 8095517.000000 15.000000
1 8095974.000000 15.000000
0 8096411.000000 15.000000
1 8096929.000000 15.000000
1 8097531.000000 15.000000
4 8098144.000000 15.000000
4 8098673.000000 15.000000
4 8099204.000000 15.000000
6 8099854.000000 10.000000
2 8101261.000000 15.000000
5 8101866.000000 83.000000
1 8102327.000000 15.000000
2 8102776.000000 15.000000
3 8103356.000000 15.000000
3 8103829.000000 15.000000
0 8104319.000000 15.000000
1 8104902.000000 15.000000
0 8105393.000000 15.000000
5 8105917.000000 34.000000
6 8106515.000000 10.000000
1 8107852.000000 15.000000
5 8108412.000000 50.000000
1 8108990.000000 15.000000
0 8109553.000000 15.000000
1 8110175.000000 15.000000
0 8110623.000000 15.000000
5 8111202.000000 24.000000
3 8111717.000000 15.000000
3 8112216.000000 15.000000
3 8112846.000000 15.000000
6 8113461.000000 10.000000
4 8114701.000000 15.000000
3 8115291.000000 15.000000
4 8115841.000000 15.000000
5 8116416.000000 46.000000
4 8116988.000000 15.000000
2 8117462.000000 15.000000
0 8118032.000000 15.000000
1 8118642.000000 15.000000
3 8119222.000000 15.000000
2 8119758.000000 15.000000
6 8120296.000000 10.000000
3 8121651.000000 15.000000
4 8122199.000000 15.000000
1 8122801.000000 15.000000
4 8123257.000000 15.000000
0 8123756.000000 15.000000
1 8124326.000000 15.000000
5 8124886.000000 41.000000
5 8125485.000000 83.000000
4 8125953.000000 15.000000
4 8126482.000000 15.000000
6 8127099.000000 10.000000
4 8128491.000000 15.000000
2 8129110.000000 15.000000
0 8129720.000000 15.000000
0 8130267.000000 15.000000
2 8130796.000000 15.000000
1 8131397.000000 15.000000
2 8131972.000000 15.000000
4 8132420.000000 15.000000
2 8133033.000000 15.000000
4 8133632.000000 15.000000
6 8134182.000000 10.000000
1 8135572.000000 15.000000
3 8136076.000000 15.000000
2 8136552.000000 15.000000
4 8137140.000000 15.000000
3 8137613.000000 15.000000
5 8138131.000000 75.000000
2 8138597.000000 15.000000
5 8139023.000000 53.000000
1 8139510.000000 15.000000
3 8140073.000000 15.000000
6 8140524.000000 10.000000
0 8141800.000000 15.000000
0 8142413.000000 15.000000
5 8142853.000000 62.000000
2 8143485.000000 15.000000
5 8143985.000000 42.000000
4 8144533.000000 15.000000
2 8145023.000000 15.000000
4 8145616.000000 15.000000
1 8146170.000000 15.000000
3 8146663.000000 15.000000
6 8147227.000000 10.000000
2 8148584.000000 15.000000
1 8149147.000000 15.000000
1 8149766.000000 15.000000
3 8150325.000000 15.000000
5 8150873.000000 54.000000
2 8151341.000000 15.000000
2 8151939.000000 15.000000
0 8152544.000000 15.000000
1 8153033.000000 15.000000
0 8153502.000000 15.000000
6 8154024.000000 10.000000
0 8155264.000000 15.000000
2 8155714.000000 15.000000
0 8156228.000000 15.000000
5 8156730.000000 78.000000
3 8157239.000000 15.000000
0 8157792.000000 15.000000
2 8158248.000000 15.000000
3 8158820.000000 15.000000
0 8159458.000000 15.000000
3 8159995.000000 15.000000
6 8160525.000000 10.000000
2 8161804.000000 15.000000
2 8162389.000000 15.000000
2 8162814.000000 15.000000
0 8163376.000000 15.000000
4 8163971.000000 15.000000
3 8164469.000000 15.000000
5 8165027.000000 43.000000
5 8165576.000000 51.000000
0 8166099.000000 15.000000
2 8166682.000000 15.000000
6 8167159.000000 10.000000
5 8168486.000000 41.000000
5 8168960.000000 30.000000
3 8169496.000000 15.000000
3 8170118.000000 15.000000
1 8170621.000000 15.000000
2 8171157.000000 15.000000
5 8171617.000000 82.000000
2 8172091.000000 15.000000
5 8172561.000000 34.000000
4 8173075.000000 15.000000
6 8173732.000000 10.000000
3 8175057.000000 15.000000
3 8175599.000000 15.000000
5 8176193.000000 45.000000
0 8176773.000000 15.000000
1 8177384.000000 15.000000
1 8177917.000000 15.000000
3 8178346.000000 15.000000
1 8178972.000000 15.000000
1 8179503.000000 15.000000
5 8180054.000000 41.000000
6 8180636.000000 10.000000
5 8182020.000000 64.000000
4 8182463.000000 15.000000
3 8182971.000000 15.000000
4 8183575.000000 15.000000
4 8184058.000000 15.000000
1 8184617.000000 15.000000
5 8185212.000000 43.000000
5 8185750.000000 64.000000
3 8186302.000000 15.000000
0 8186882.000000 15.000000
6 8187389.000000 10.000000
5 8188727.000000 22.000000
5 8189243.000000 28.000000
2 8189878.000000 15.000000
1 8190428.000000 15.000000
5 8190995.000000 51.000000
5 8191459.000000 64.000000
5 8191990.000000 25.000000
5 8192580.000000 27.000000
5 8193062.000000 22.000000
4 8193564.000000 15.000000
6 8194042.000000 10.000000
4 8195311.000000 15.000000
1 8195900.000000 15.000000
2 8196428.000000 15.000000
2 8197010.000000 15.000000
2 8197623.000000 15.000000
5 8198178.000000 52.000000
2 8198658.000000 15.000000
2 8199209.000000 15.000000
4 8199641.000000 15.000000
1 8200117.000000 15.000000
6 8200574.000000 10.000000
5 8201979.000000 45.000000
1 8202501.000000 15.000000
3 8203050.000000 15.000000
2 8203609.000000 15.000000
2 8204074.000000 15.000000
0 8204620.000000 15.000000
0 8205178.000000 15.000000
3 8205710.000000 15.000000
4 8206347.000000 15.000000
1 8206850.000000 15.000000
6 8207277.000000 10.000000
4 8208517.000000 15.000000
5 8209034.000000 27.000000
5 8209496.000000 51.000000
0 8210076.000000 15.000000
5 8210665.000000 41.000000
0 8211213.000000 15.000000
5 8211745.000000 75.000000
5 8212316.000000 33.000000
0 8212951.000000 15.000000
0 8213493.000000 15.000000
6 8213984.000000 10.000000
3 8215216.000000 15.000000
2 8215748.000000 15.000000
0 8216358.000000 15.000000
0 8216801.000000 15.000000
2 8217349.000000 15.000000
3 8217822.000000 15.000000
3 8218318.000000 15.000000
0 8218911.000000 15.000000
5 8219375.000000 83.000000
0 8219910.000000 15.000000
6 8220490.000000 10.000000
0 8221773.000000 15.000000
1 8222369.000000 15.000000
5 8222818.000000 70.000000
2 8223399.000000 15.000000
3 8223937.000000 15.000000
2 8224431.000000 15.000000
0 8224917.000000 15.000000
3 8225443.000000 15.000000
5 8225941.000000 34.000000
2 8226404.000000 15.000000
6 8226901.000000 10.000000
0 8228147.000000 15.000000
4 8228608.000000 15.000000
0 8229224.000000 15.000000
0 8229659.000000 15.000000
2 8230281.000000 15.000000
0 8230758.000000 15.000000
5 8231363.000000 50.000000
4 8231913.000000 15.000000
0 8232575.000000 15.000000
0 8233167.000000 15.000000
6 8233627.000000 10.000000
2 8234970.000000 15.000000
3 8235474.000000 15.000000
4 8235973.000000 15.000000
2 8236446.000000 15.000000
2 8237011.000000 15.000000
4 8237596.000000 15.000000
5 8238166.000000 81.000000
3 8238667.000000 15.000000
0 8239149.000000 15.000000
3 8239741.000000 15.000000
6 8240218.000000 10.000000
1 8241625.000000 15.000000
5 8242236.000000 46.000000
4 8242808.000000 15.000000
2 8243473.000000 15.000000
2 8244041.000000 15.000000
0 8244624.000000 15.000000
2 8245254.000000 15.000000
1 8245842.000000 15.000000
1 8246405.000000 15.000000
5 8246885.000000 26.000000
6 8247415.000000 10.000000
5 8248687.000000 31.000000
5 8249213.000000 33.000000
5 8249719.000000 60.000000
2 8250230.000000 15.000000
4 8250743.000000 15.000000
0 8251237.000000 15.000000
1 8251794.000000 15.000000
0 8252311.000000 15.000000
4 8252905.000000 15.000000
4 8253484.000000 15.000000
6 8253986.000000 10.000000
1 8255308.000000 15.000000
5 8255762.000000 81.000000
5 8256213.000000 49.000000
2 8256851.000000 15.000000
3 8257417.000000 15.000000
5 8257904.000000 67.000000
2 8258399.000000 15.000000
4 8258930.000000 15.000000
1 8259496.000000 15.000000
4 8260011.000000 15.000000
6 8260535.000000 10.000000
3 8261855.000000 15.000000
4 8262391.000000 15.000000
4 8262881.000000 15.000000
4 8263370.000000 15.000000
4 8263933.000000 15.000000
5 8264557.000000 29.000000
5 8265120.000000 34.000000
5 8265573.000000 40.000000
0 8266108.000000 15.000000
0 8266542.000000 15.000000
6 8266982.000000 10.000000
1 8268194.000000 15.000000
3 8268672.000000 15.000000
3 8269210.000000 15.000000
1 8269689.000000 15.000000
5 8270261.000000 68.000000
4 8270814.000000 15.000000
3 8271428.000000 15.000000
0 8271948.000000 15.000000
3 8272549.000000 15.000000
1 8273065.000000 15.000000
6 8273641.000000 10.000000
4 8274884.000000 15.000000
0 8275528.000000 15.000000
5 8276120.000000 47.000000
3 8276619.000000 15.000000
5 8277143.000000 68.000000
0 8277699.000000 15.000000
4 8278278.000000 15.000000
3 8278875.000000 15.000000
3 8279372.000000 15.000000
1 8279878.000000 15.000000
6 8280464.000000 10.000000
4 8281843.000000 15.000000
2 8282316.000000 15.000000
3 8282901.000000 15.000000
4 8283541.000000 15.000000
3 8284122.000000 15.000000
3 8284679.000000 15.000000
2 8285313.000000 15.000000
1 8285919.000000 15.000000
0 8286497.000000 15.000000
2 8287061.000000 15.000000
6 8287584.000000 10.000000
0 8288825.000000 15.000000
4 8289443.000000 15.000000
2 8290009.000000 15.000000
1 8290616.000000 15.000000
5 8291198.000000 82.000000
0 8291771.000000 15.000000
0 8292215.000000 15.000000
4 8292670.000000 15.000000
0 8293282.000000 15.000000
2 8293816.000000 15.000000
6 8294354.000000 10.000000
5 8295722.000000 59.000000
4 8296279.000000 15.000000
4 8296943.000000 15.000000
5 8297533.000000 55.000000
1 8298123.000000 15.000000
1 8298686.000000 15.000000
1 8299221.000000 15.000000
1 8299713.000000 15.000000
5 8300329.000000 59.000000
3 8300799.000000 15.000000
6 8301432.000000 10.000000
5 8302697.000000 70.000000
3 8303169.000000 15.000000
1 8303682.000000 15.000000
0 8304280.000000 15.000000
4 8304863.000000 15.000000
0 8305457.000000 15.000000
5 8306023.000000 65.000000
3 8306650.000000 15.000000
4 8307103.000000 15.000000
4 8307707.000000 15.000000
6 8308311.000000 10.000000
0 8309552.000000 15.000000
1 8310018.000000 15.000000
2 8310484.000000 15.000000
1 8311094.000000 15.000000
1 8311658.000000 15.000000
3 8312244.000000 15.000000
4 8312831.000000 15.000000
3 8313379.000000 15.000000
5 8313920.000000 26.000000
0 8314540.000000 15.000000
6 8315085.000000 10.000000
1 8316486.000000 15.000000
5 8317032.000000 82.000000
1 8317638.000000 15.000000
3 8318162.000000 15.000000
2 8318799.000000 15.000000
3 8319331.000000 15.000000
3 8319922.000000 15.000000
3 8320547.000000 15.000000
5 8321042.000000 30.000000
4 8321518.000000 15.000000
6 8322008.000000 10.000000
2 8323416.000000 15.000000
3 8324010.000000 15.000000
3 8324586.000000 15.000000
0 8325222.000000 15.000000
5 8325835.000000 47.000000
5 8326310.000000 56.000000
3 8326774.000000 15.000000
0 8327369.000000 15.000000
1 8327886.000000 15.000000
3 8328390.000000 15.000000
6 8329036.000000 10.000000
3 8330367.000000 15.000000
4 8330853.000000 15.000000
0 8331513.000000 15.000000
0 8332038.000000 15.000000
4 8332624.000000 15.000000
2 8333148.000000 15.000000
1 8333569.000000 15.000000
4 8333996.000000 15.000000
5 8334612.000000 55.000000
2 8335130.000000 15.000000
6 8335663.000000 10.000000
1 8337056.000000 15.000000
1 8337618.000000 15.000000
2 8338145.000000 15.000000
1 8338630.000000 15.000000
5 8339074.000000 39.000000
0 8339626.000000 15.000000
2 8340088.000000 15.000000
4 8340640.000000 15.000000
4 8341234.000000 15.000000
4 8341854.000000 15.000000
6 8342503.000000 10.000000
1 8343843.000000 15.000000
5 8344366.000000 27.000000
3 8344987.000000 15.000000
3 8345563.000000 15.000000
3 8346080.000000 15.000000
0 8346711.000000 15.000000
0 8347321.000000 15.000000
0 8347920.000000 15.000000
4 8348502.000000 15.000000
1 8349169.000000 15.000000
6 8349768.000000 10.000000
5 8350987.000000 49.000000
2 8351573.000000 15.000000
4 8352053.000000 15.000000
2 8352655.000000 15.000000
0 8353137.000000 15.000000
1 8353577.000000 15.000000
3 8354177.000000 15.000000
4 8354815.000000 15.000000
3 8355418.000000 15.000000
0 8355969.000000 15.000000
6 8356430.000000 10.000000
2 8357837.000000 15.000000
5 8358449.000000 70.000000
1 8358891.000000 15.000000
0 8359386.000000 15.000000
2 8359853.000000 15.000000
0 8360402.000000 15.000000
2 8360912.000000 15.000000
2 8361422.000000 15.000000
0 8362020.000000 15.000000
1 8362612.000000 15.000000
6 8363141.000000 10.000000
5 8364435.000000 47.000000
4 8365029.000000 15.000000
3 8365507.000000 15.000000
4 8365975.000000 15.000000
1 8366547.000000 15.000000
4 8367018.000000 15.000000
0 8367502.000000 15.000000
0 8367948.000000 15.000000
2 8368540.000000 15.000000
5 8369057.000000 26.000000
6 8369580.000000 10.000000
0 8370818.000000 15.000000
5 8371347.000000 59.000000
3 8371823.000000 15.000000
5 8372285.000000 63.000000
1 8372875.000000 15.000000
1 8373335.000000 15.000000
2 8373847.000000 15.000000
1 8374304.000000 15.000000
5 8374834.000000 38.000000
3 8375360.000000 15.000000
6 8375897.000000 10.000000
4 8377181.000000 15.000000
0 8377746.000000 15.000000
1 8378249.000000 15.000000
5 8378680.000000 48.000000
1 8379148.000000 15.000000
1 8379682.000000 15.000000
1 8380170.000000 15.000000
4 8380783.000000 15.000000
4 8381314.000000 15.000000
1 8381830.000000 15.000000
6 8382321.000000 10.000000
0 8383624.000000 15.000000
1 8384188.000000 15.000000
5 8384712.000000 46.000000
0 8385272.000000 15.000000
2 8385882.000000 15.000000
4 8386397.000000 15.000000
2 8387028.000000 15.000000
2 8387588.000000 15.000000
5 8388183.000000 53.000000
0 8388768.000000 15.000000
6 8389323.000000 10.000000
5 8390694.000000 83.000000
0 8391226.000000 15.000000
2 8391743.000000 15.000000
0 8392275.000000 15.000000
0 8392749.000000 15.000000
2 8393303.000000 15.000000
4 8393790.000000 15.000000
0 8394437.000000 15.000000
5 8394910.000000 47.000000
5 8395525.000000 31.000000
6 8396033.000000 10.000000
3 8397302.000000 15.000000
3 8397833.000000 15.000000
4 8398328.000000 15.000000
2 8398848.000000 15.000000
2 8399328.000000 15.000000
4 8399829.000000 15.000000
4 8400485.000000 15.000000
0 8401124.000000 15.000000
4 8401572.000000 15.000000
2 8402186.000000 15.000000
6 8402611.000000 10.000000
5 8403825.000000 38.000000
4 8404284.000000 15.000000
3 8404886.000000 15.000000
1 8405431.000000 15.000000
2 8405899.000000 15.000000
3 8406478.000000 15.000000
0 8407090.000000 15.000000
4 8407560.000000 15.000000
4 8408109.000000 15.000000
0 8408744.000000 15.000000
6 8409270.000000 10.000000
2 8410679.000000 15.000000
0 8411129.000000 15.000000
3 8411733.000000 15.000000
4 8412370.000000 15.000000
0 8412975.000000 15.000000
5 8413553.000000 38.000000
5 8414044.000000 29.000000
0 8414606.000000 15.000000
1 8415179.000000 15.000000
0 8415768.000000 15.000000
6 8416212.000000 10.000000
3 8417461.000000 15.000000
3 8418055.000000 15.000000
1 8418656.000000 15.000000
3 8419154.000000 15.000000
0 8419782.000000 15.000000
3 8420344.000000 15.000000
5 8420891.000000 37.000000
1 8421358.000000 15.000000
2 8421911.000000 15.000000
5 8422431.000000 22.000000
6 8422952.000000 10.000000
5 8424239.000000 81.000000
1 8424828.000000 15.000000
2 8425351.000000 15.000000
2 8425960.000000 15.000000
3 8426436.000000 15.000000
3 8427084.000000 15.000000
0 8427698.000000 15.000000
3 8428135.000000 15.000000
5 8428725.000000 61.000000
4 8429197.000000 15.000000
6 8429696.000000 10.000000
1 8430996.000000 15.000000
5 8431517.000000 53.000000
0 8432144.000000 15.000000
5 8432718.000000 82.000000
4 8433304.000000 15.000000
4 8433923.000000 15.000000
0 8434485.000000 15.000000
0 8434995.000000 15.000000
0 8435506.000000 15.000000
0 8436067.000000 15.000000
6 8436685.000000 10.000000
1 8437953.000000 15.000000
5 8438520.000000 27.000000
4 8438989.000000 15.000000
1 8439595.000000 15.000000
0 8440102.000000 15.000000
5 8440626.000000 77.000000
1 8441119.000000 15.000000
5 8441712.000000 41.000000
5 8442174.000000 67.000000
3 8442797.000000 15.000000
6 8443258.000000 10.000000
2 8444573.000000 15.000000
3 8445096.000000 15.000000
1 8445560.000000 15.000000
1 8446093.000000 15.000000
5 8446558.000000 21.000000
0 8447085.000000 15.000000
2 8447571.000000 15.000000
0 8448090.000000 15.000000
4 8448613.000000 15.000000
5 8449169.000000 38.000000
6 8449641.000000 10.000000
3 8450900.000000 15.000000
4 8451498.000000 15.000000
0 8451998.000000 15.000000
2 8452570.000000 15.000000
1 8453034.000000 15.000000
3 8453628.000000 15.000000
0 8454153.000000 15.000000
0 8454658.000000 15.000000
1 8455109.000000 15.000000
2 8455534.000000 15.000000
6 8456134.000000 10.000000
4 8457458.000000 15.000000
2 8458044.000000 15.000000
4 8458493.000000 15.000000
4 8459100.000000 15.000000
0 8459661.000000 15.000000
4 8460176.000000 15.000000
1 8460702.000000 15.000000
5 8461165.000000 78.000000
0 8461708.000000 15.000000
0 8462307.000000 15.000000
6 8462822.000000 10.000000
1 8464079.000000 15.000000
3 8464571.000000 15.000000
3 8465035.000000 15.000000
5 8465558.000000 60.000000
3 8466044.000000 15.000000
4 8466601.000000 15.000000
4 8467095.000000 15.000000
4 8467705.000000 15.000000
2 8468266.000000 15.000000
4 8468681.000000 15.000000
6 8469200.000000 10.000000
0 8470467.000000 15.000000
3 8471051.000000 15.000000
3 8471612.000000 15.000000
1 8472238.000000 15.000000
2 8472847.000000 15.000000
1 8473412.000000 15.000000
5 8473857.000000 53.000000
4 8474462.000000 15.000000
1 8475091.000000 15.000000
2 8475575.000000 15.000000
6 8476142.000000 10.000000
0 8477485.000000 15.000000
0 8477926.000000 15.000000
2 8478418.000000 15.000000
4 8478980.000000 15.000000
5 8479635.000000 69.000000
3 8480166.000000 15.000000
1 8480700.000000 15.000000
1 8481126.000000 15.000000
2 8481576.000000 15.000000
1 8482096.000000 15.000000
6 8482630.000000 10.000000
0 8483906.000000 15.000000
5 8484371.000000 70.000000
0 8484952.000000 15.000000
0 8485583.000000 15.000000
1 8486054.000000 15.000000
3 8486534.000000 15.000000
3 8487070.000000 15.000000
0 8487630.000000 15.000000
0 8488165.000000 15.000000
4 8488706.000000 15.000000
6 8489248.000000 10.000000
2 8490573.000000 15.000000
5 8491116.000000 48.000000
3 8491704.000000 15.000000
3 8492285.000000 15.000000
5 8492752.000000 58.000000
5 8493384.000000 65.000000
0 8493906.000000 15.000000
3 8494532.000000 15.000000
0 8494992.000000 15.000000
2 8495478.000000 15.000000
6 8495928.000000 10.000000
1 8497193.000000 15.000000
1 8497668.000000 15.000000
0 8498117.000000 15.000000
4 8498723.000000 15.000000
2 8499289.000000 15.000000
3 8499715.000000 15.000000
2 8500225.000000 15.000000
0 8500814.000000 15.000000
1 8501256.000000 15.000000
4 8501699.000000 15.000000
6 8502250.000000 10.000000
5 8503562.000000 49.000000
2 8504118.000000 15.000000
3 8504695.000000 15.000000
3 8505275.000000 15.000000
0 8505876.000000 15.000000
2 8506487.000000 15.000000
0 8507006.000000 15.000000
3 8507468.000000 15.000000
4 8507921.000000 15.000000
1 8508491.000000 15.000000
6 8508989.000000 10.000000
3 8510367.000000 15.000000
4 8510961.000000 15.000000
5 8511608.000000 25.000000
1 8512125.000000 15.000000
2 8512620.000000 15.000000
5 8513090.000000 54.000000
3 8513605.000000 15.000000
0 8514120.000000 15.000000
5 8514613.000000 41.000000
4 8515173.000000 15.000000
6 8515802.000000 10.000000
5 8517131.000000 62.000000
4 8517715.000000 15.000000
1 8518226.000000 15.000000
1 8518821.000000 15.000000
4 8519401.000000 15.000000
3 8520016.000000 15.000000
2 8520475.000000 15.000000
1 8520895.000000 15.000000
0 8521395.000000 15.000000
2 8521929.000000 15.000000
6 8522357.000000 10.000000
2 8523677.000000 15.000000
1 8524240.000000 15.000000
0 8524686.000000 15.000000
5 8525247.000000 30.000000
3 8525887.000000 15.000000
1 8526419.000000 15.000000
4 8526887.000000 15.000000
1 8527452.000000 15.000000
4 8527878.000000 15.000000
1 8528486.000000 15.000000
6 8528924.000000 10.000000
3 8530272.000000 15.000000
5 8530877.000000 30.000000
3 8531434.000000 15.000000
3 8531914.000000 15.000000
2 8532402.000000 15.000000
0 8532847.000000 15.000000
2 8533458.000000 15.000000
1 8534055.000000 15.000000
2 8534479.000000 15.000000
0 8535063.000000 15.000000
6 8535546.000000 10.000000
1 8536860.000000 15.000000
2 8537349.000000 15.000000
1 8537945.000000 15.000000
4 8538387.000000 15.000000
4 8538967.000000 15.000000
1 8539442.000000 15.000000
2 8539981.000000 15.000000
3 8540548.000000 15.000000
0 8541022.000000 15.000000
1 8541630.000000 15.000000
6 8542091.000000 10.000000
1 8543328.000000 15.000000
1 8543852.000000 15.000000
1 8544416.000000 15.000000
4 8544992.000000 15.000000
4 8545604.000000 15.000000
3 8546236.000000 15.000000
1 8546805.000000 15.000000
2 8547232.000000 15.000000
3 8547717.000000 15.000000
3 8548194.000000 15.000000
6 8548808.000000 10.000000
5 8550209.000000 37.000000
1 8550692.000000 15.000000
1 8551192.000000 15.000000
2 8551631.000000 15.000000
3 8552071.000000 15.000000
4 8552605.000000 15.000000
3 8553135.000000 15.000000
3 8553686.000000 15.000000
3 8554239.000000 15.000000
3 8554701.000000 15.000000
6 8555347.000000 10.000000
0 8556731.000000 15.000000
1 8557260.000000 15.000000
1 8557801.000000 15.000000
2 8558374.000000 15.000000
4 8558898.000000 15.000000
2 8559547.000000 15.000000
1 8560002.000000 15.000000
4 8560446.000000 15.000000
3 8560941.000000 15.000000
0 8561426.000000 15.000000
6 8562052.000000 10.000000
4 8563322.000000 15.000000
1 8563985.000000 15.000000
2 8564506.000000 15.000000
1 8565111.000000 15.000000
5 8565724.000000 31.000000
4 8566170.000000 15.000000
2 8566808.000000 15.000000
1 8567264.000000 15.000000
0 8567835.000000 15.000000
1 8568349.000000 15.000000
6 8568811.000000 10.000000
3 8570185.000000 15.000000
4 8570704.000000 15.000000
3 8571249.000000 15.000000
2 8571854.000000 15.000000
0 8572301.000000 15.000000
4 8572830.000000 15.000000
4 8573461.000000 15.000000
3 8574103.000000 15.000000
0 8574564.000000 15.000000
5 8575155.000000 47.000000
6 8575770.000000 10.000000
3 8576991.000000 15.000000
5 8577490.000000 42.000000
5 8578130.000000 35.000000
1 8578634.000000 15.000000
5 8579181.000000 53.000000
2 8579710.000000 15.000000
2 8580215.000000 15.000000
5 8580752.000000 69.000000
4 8581294.000000 15.000000
2 8581935.000000 15.000000
6 8582440.000000 10.000000
4 8583814.000000 15.000000
0 8584342.000000 15.000000
5 8584775.000000 65.000000
5 8585366.000000 50.000000
5 8585999.000000 44.000000
1 8586496.000000 15.000000
0 8586962.000000 15.000000
2 8587480.000000 15.000000
3 8588000.000000 15.000000
3 8588612.000000 15.000000
6 8589169.000000 10.000000
1 8590521.000000 15.000000
1 8590984.000000 15.000000
3 8591585.000000 15.000000
4 8592155.000000 15.000000
2 8592643.000000 15.000000
0 8593233.000000 15.000000
5 8593696.000000 82.000000
2 8594270.000000 15.000000
1 8594705.000000 15.000000
3 8595129.000000 15.000000
6 8595709.000000 10.000000
1 8596996.000000 15.000000
3 8597602.000000 15.000000
2 8598076.000000 15.000000
0 8598601.000000 15.000000
1 8599198.000000 15.000000
1 8599734.000000 15.000000
4 8600241.000000 15.000000
4 8600841.000000 15.000000
0 8601372.000000 15.000000
0 8601935.000000 15.000000
6 8602413.000000 10.000000
0 8603790.000000 15.000000
1 8604332.000000 15.000000
4 8604834.000000 15.000000
0 8605374.000000 15.000000
0 8605875.000000 15.000000
0 8606440.000000 15.000000
3 8606922.000000 15.000000
3 8607392.000000 15.000000
5 8607947.000000 57.000000
5 8608547.000000 39.000000
6 8609102.000000 10.000000
2 8610456.000000 15.000000
0 8610914.000000 15.000000
2 8611446.000000 15.000000
3 8612059.000000 15.000000
0 8612668.000000 15.000000
0 8613165.000000 15.000000
1 8613692.000000 15.000000
1 8614300.000000 15.000000
0 8614823.000000 15.000000
4 8615260.000000 15.000000
6 8615802.000000 10.000000
4 8617191.000000 15.000000
2 8617682.000000 15.000000
5 8618209.000000 40.000000
3 8618755.000000 15.000000
2 8619308.000000 15.000000
1 8619856.000000 15.000000
1 8620365.000000 15.000000
4 8620949.000000 15.000000
5 8621440.000000 24.000000
2 8622054.000000 15.000000
6 8622640.000000 10.000000
4 8624037.000000 15.000000
4 8624576.000000 15.000000
1 8625062.000000 15.000000
5 8625636.000000 67.000000
0 8626217.000000 15.000000
1 8626754.000000 15.000000
2 8627194.000000 15.000000
0 8627739.000000 15.000000
1 8628217.000000 15.000000
0 8628821.000000 15.000000
6 8629448.000000 10.000000
5 8630675.000000 54.000000
5 8631124.000000 62.000000
4 8631714.000000 15.000000
3 8632354.000000 15.000000
5 8632861.000000 52.000000
4 8633428.000000 15.000000
4 8634070.000000 15.000000
1 8634598.000000 15.000000
0 8635071.000000 15.000000
2 8635546.000000 15.000000
6 8636089.000000 10.000000
0 8637343.000000 15.000000
2 8637784.000000 15.000000
4 8638345.000000 15.000000
2 8638996.000000 15.000000
4 8639430.000000 15.000000
2 8640046.000000 15.000000
0 8640592.000000 15.000000
5 8641074.000000 80.000000
2 8641534.000000 15.000000
2 8642039.000000 15.000000
6 8642601.000000 10.000000
3 8643871.000000 15.000000
3 8644389.000000 15.000000
5 8644940.000000 35.000000
0 8645542.000000 15.000000
2 8646141.000000 15.000000
5 8646570.000000 57.000000
5 8647048.000000 24.000000
0 8647549.000000 15.000000
1 8648091.000000 15.000000
3 8648549.000000 15.000000
6 8649110.000000 10.000000
0 8650507.000000 15.000000
4 8650974.000000 15.000000
5 8651565.000000 75.000000
2 8652146.000000 15.000000
1 8652752.000000 15.000000
4 8653321.000000 15.000000
0 8653964.000000 15.000000
2 8654541.000000 15.000000
0 8654959.000000 15.000000
5 8655579.000000 66.000000
6 8656128.000000 10.000000
2 8657426.000000 15.000000
2 8657860.000000 15.000000
1 8658324.000000 15.000000
4 8658772.000000 15.000000
5 8659390.000000 26.000000
5 8659835.000000 66.000000
5 8660392.000000 43.000000
2 8660977.000000 15.000000
2 8661457.000000 15.000000
0 8661911.000000 15.000000
6 8662499.000000 10.000000
1 8663833.000000 15.000000
2 8664386.000000 15.000000
0 8664875.000000 15.000000
0 8665373.000000 15.000000
3 8665813.000000 15.000000
5 8666373.000000 78.000000
5 8666849.000000 63.000000
3 8667416.000000 15.000000
3 8667952.000000 15.000000
4 8668594.000000 15.000000
6 8669235.000000 10.000000
2 8670624.000000 15.000000
2 8671175.000000 15.000000
0 8671610.000000 15.000000
4 8672199.000000 15.000000
3 8672843.000000 15.000000
2 8673487.000000 15.000000
0 8673973.000000 15.000000
5 8674471.000000 34.000000
0 8675015.000000 15.000000
3 8675561.000000 15.000000
6 8676063.000000 10.000000
1 8677378.000000 15.000000
2 8677994.000000 15.000000
0 8678448.000000 15.000000
1 8679054.000000 15.000000
2 8679536.000000 15.000000
0 8679977.000000 15.000000
1 8680566.000000 15.000000
1 8681087.000000 15.000000
3 8681582.000000 15.000000
2 8682131.000000 15.000000
6 8682598.000000 10.000000
3 8683845.000000 15.000000
3 8684453.000000 15.000000
2 8685066.000000 15.000000
3 8685657.000000 15.000000
0 8686196.000000 15.000000
5 8686808.000000 41.000000
3 8687417.000000 15.000000
0 8687893.000000 15.000000
5 8688399.000000 66.000000
4 8688939.000000 15.000000
6 8689424.000000 10.000000
5 8690721.000000 84.000000
1 8691178.000000 15.000000
3 8691762.000000 15.000000
4 8692356.000000 15.000000
0 8692964.000000 15.000000
1 8693425.000000 15.000000
4 8693982.000000 15.000000
5 8694495.000000 20.000000
5 8694938.000000 38.000000
1 8695405.000000 15.000000
6 8695857.000000 10.000000
5 8697205.000000 43.000000
5 8697764.000000 38.000000
5 8698397.000000 46.000000
4 8698839.000000 15.000000
0 8699318.000000 15.000000
1 8699772.000000 15.000000
5 8700211.000000 58.000000
3 8700810.000000 15.000000
0 8701284.000000 15.000000
4 8701865.000000 15.000000
6 8702471.000000 10.000000
0 8703835.000000 15.000000
1 8704358.000000 15.000000
5 8704817.000000 45.000000
0 8705399.000000 15.000000
3 8705988.000000 15.000000
2 8706559.000000 15.000000
1 8707108.000000 15.000000
5 8707589.000000 53.000000
2 8708122.000000 15.000000
2 8708658.000000 15.000000
6 8709234.000000 10.000000
5 8710624.000000 47.000000
1 8711212.000000 15.000000
1 8711798.000000 15.000000
3 8712316.000000 15.000000
2 8712792.000000 15.000000
5 8713345.000000 48.000000
1 8713854.000000 15.000000
3 8714278.000000 15.000000
1 8714900.000000 15.000000
2 8715488.000000 15.000000
6 8715986.000000 10.000000
2 8717312.000000 15.000000
3 8717906.000000 15.000000
3 8718424.000000 15.000000
2 8718915.000000 15.000000
1 8719435.000000 15.000000
5 8719925.000000 21.000000
4 8720487.000000 15.000000
0 8721096.000000 15.000000
3 8721612.000000 15.000000
5 8722204.000000 21.000000
6 8722782.000000 10.000000
5 8724107.000000 62.000000
3 8724582.000000 15.000000
4 8725172.000000 15.000000
1 8725678.000000 15.000000
1 8726173.000000 15.000000
3 8726663.000000 15.000000
5 8727206.000000 24.000000
0 8727666.000000 15.000000
0 8728295.000000 15.000000
2 8728786.000000 15.000000
6 8729360.000000 10.000000
2 8730692.000000 15.000000
2 8731220.000000 15.000000
3 8731664.000000 15.000000
0 8732166.000000 15.000000
4 8732761.000000 15.000000
0 8733257.000000 15.000000
3 8733795.000000 15.000000
0 8734247.000000 15.000000
0 8734827.000000 15.000000
2 8735449.000000 15.000000
6 8735923.000000 10.000000
2 8737192.000000 15.000000
5 8737771.000000 47.000000
1 8738234.000000 15.000000
0 8738753.000000 15.000000
3 8739303.000000 15.000000
3 8739790.000000 15.000000
4 8740281.000000 15.000000
0 8740776.000000 15.000000
1 8741226.000000 15.000000
0 8741817.000000 15.000000
6 8742331.000000 10.000000
5 8743597.000000 80.000000
0 8744163.000000 15.000000
0 8744783.000000 15.000000
1 8745339.000000 15.000000
4 8745825.000000 15.000000
2 8746380.000000 15.000000
2 8746865.000000 15.000000
4 8747364.000000 15.000000
1 8748005.000000 15.000000
5 8748552.000000 68.000000
6 8749021.000000 10.000000
3 8750319.000000 15.000000
1 8750925.000000 15.000000
1 8751405.000000 15.000000
0 8751835.000000 15.000000
1 8752354.000000 15.000000
4 8752805.000000 15.000000
5 8753296.000000 53.000000
4 8753753.000000 15.000000
3 8754248.000000 15.000000
0 8754794.000000 15.000000
6 8755415.000000 10.000000
0 8756738.000000 15.000000
1 8757192.000000 15.000000
4 8757626.000000 15.000000
5 8758214.000000 39.000000
3 8758809.000000 15.000000
1 8759334.000000 15.000000
5 8759861.000000 23.000000
5 8760432.000000 71.000000
3 8761013.000000 15.000000
2 8761605.000000 15.000000
6 8762032.000000 10.000000
3 8763387.000000 15.000000
5 8763912.000000 46.000000
4 8764455.000000 15.000000
2 8764969.000000 15.000000
2 8765391.000000 15.000000
2 8765807.000000 15.000000
2 8766241.000000 15.000000
4 8766760.000000 15.000000
1 8767430.000000 15.000000
1 8768043.000000 15.000000
6 8768510.000000 10.000000
4 8769837.000000 15.000000
1 8770372.000000 15.000000
2 8770926.000000 15.000000
5 8771480.000000 77.000000
0 8771988.000000 15.000000
1 8772613.000000 15.000000
4 8773080.000000 15.000000
0 8773685.000000 15.000000
1 8774219.000000 15.000000
4 8774837.000000 15.000000
6 8775322.000000 10.000000
5 8776552.000000 51.000000
5 8777040.000000 44.000000
3 8777674.000000 15.000000
5 8778206.000000 38.000000
4 8778768.000000 15.000000
5 8779319.000000 22.000000
3 8779860.000000 15.000000
4 8780441.000000 15.000000
4 8781043.000000 15.000000
2 8781644.000000 15.000000
6 8782082.000000 10.000000
5 8783354.000000 41.000000
3 8783848.000000 15.000000
2 8784416.000000 15.000000
4 8784849.000000 15.000000
1 8785394.000000 15.000000
0 8785950.000000 15.000000
0 8786417.000000 15.000000
5 8786889.000000 26.000000
1 8787464.000000 15.000000
4 8787894.000000 15.000000
6 8788514.000000 10.000000
2 8789829.000000 15.000000
4 8790333.000000 15.000000
1 8790909.000000 15.000000
2 8791488.000000 15.000000
2 8792093.000000 15.000000
4 8792649.000000 15.000000
2 8793188.000000 15.000000
5 8793648.000000 62.000000
4 8794267.000000 15.000000
0 8794789.000000 15.000000
6 8795362.000000 10.000000
1 8796694.000000 15.000000
4 8797152.000000 15.000000
0 8797716.000000 15.000000
1 8798295.000000 15.000000
1 8798808.000000 15.000000
2 8799255.000000 15.000000
3 8799858.000000 15.000000
0 8800317.000000 15.000000
0 8800942.000000 15.000000
2 8801513.000000 15.000000
6 8802045.000000 10.000000
1 8803296.000000 15.000000
2 8803841.000000 15.000000
5 8804450.000000 28.000000
4 8804970.000000 15.000000
5 8805496.000000 26.000000
4 8806049.000000 15.000000
3 8806565.000000 15.000000
2 8807066.000000 15.000000
3 8807524.000000 15.000000
0 8808016.000000 15.000000
6 8808590.000000 10.000000
0 8809930.000000 15.000000
2 8810492.000000 15.000000
3 8811090.000000 15.000000
3 8811660.000000 15.000000
4 8812251.000000 15.000000
1 8812765.000000 15.000000
3 8813215.000000 15.000000
5 8813714.000000 54.000000
3 8814352.000000 15.000000
2 8814809.000000 15.000000
6 8815264.000000 10.000000
1 8816547.000000 15.000000
3 8817029.000000 15.000000
2 8817545.000000 15.000000
0 8817981.000000 15.000000
1 8818416.000000 15.000000
0 8818979.000000 15.000000
4 8819489.000000 15.000000
3 8820000.000000 15.000000
2 8820601.000000 15.000000
3 8821131.000000 15.000000
6 8821716.000000 10.000000
5 8822951.000000 84.000000
5 8823399.000000 69.000000
2 8823994.000000 15.000000
1 8824603.000000 15.000000
2 8825070.000000 15.000000
0 8825610.000000 15.000000
3 8826157.000000 15.000000
5 8826719.000000 83.000000
5 8827273.000000 75.000000
4 8827907.000000 15.000000
6 8828427.000000 10.000000
3 8829803.000000 15.000000
3 8830254.000000 15.000000
2 8830742.000000 15.000000
2 8831184.000000 15.000000
1 8831644.000000 15.000000
4 8832209.000000 15.000000
5 8832725.000000 43.000000
1 8833210.000000 15.000000
2 8833661.000000 15.000000
1 8834229.000000 15.000000
6 8834728.000000 10.000000
1 8836127.000000 15.000000
4 8836698.000000 15.000000
1 8837264.000000 15.000000
2 8837883.000000 15.000000
2 8838302.000000 15.000000
4 8838860.000000 15.000000
0 8839497.000000 15.000000
1 8839977.000000 15.000000
4 8840522.000000 15.000000
5 8841142.000000 22.000000
6 8841633.000000 10.000000
4 8843037.000000 15.000000
2 8843626.000000 15.000000
5 8844059.000000 69.000000
4 8844625.000000 15.000000
2 8845146.000000 15.000000
0 8845696.000000 15.000000
2 8846323.000000 15.000000
3 8846924.000000 15.000000
2 8847392.000000 15.000000
2 8847838.000000 15.000000
6 8848430.000000 10.000000
0 8849833.000000 15.000000
0 8850329.000000 15.000000
2 8850960.000000 15.000000
4 8851546.000000 15.000000
0 8852091.000000 15.000000
5 8852621.000000 75.000000
3 8853197.000000 15.000000
0 8853660.000000 15.000000
4 8854130.000000 15.000000
3 8854677.000000 15.000000
6 8855280.000000 10.000000
3 8856497.000000 15.000000
2 8857046.000000 15.000000
4 8857642.000000 15.000000
0 8858192.000000 15.000000
4 8858732.000000 15.000000
1 8859267.000000 15.000000
1 8859776.000000 15.000000
5 8860386.000000 77.000000
5 8861020.000000 67.000000
0 8861623.000000 15.000000
6 8862234.000000 10.000000
5 8863558.000000 34.000000
5 8864034.000000 30.000000
1 8864506.000000 15.000000
0 8864976.000000 15.000000
1 8865451.000000 15.000000
2 8865932.000000 15.000000
1 8866409.000000 15.000000
4 8866855.000000 15.000000
3 8867421.000000 15.000000
0 8868023.000000 15.000000
6 8868552.000000 10.000000
2 8869783.000000 15.000000
4 8870292.000000 15.000000
0 8870766.000000 15.000000
1 8871311.000000 15.000000
3 8871901.000000 15.000000
1 8872361.000000 15.000000
2 8872857.000000 15.000000
2 8873415.000000 15.000000
3 8874014.000000 15.000000
3 8874646.000000 15.000000
6 8875127.000000 10.000000
5 8876505.000000 40.000000
3 8877050.000000 15.000000
1 8877649.000000 15.000000
1 8878191.000000 15.000000
5 8878713.000000 49.000000
0 8879168.000000 15.000000
2 8879779.000000 15.000000
0 8880378.000000 15.000000
4 8880869.000000 15.000000
0 8881449.000000 15.000000
6 8882016.000000 10.000000
2 8883303.000000 15.000000
1 8883769.000000 15.000000
2 8884260.000000 15.000000
4 8884736.000000 15.000000
1 8885302.000000 15.000000
0 8885849.000000 15.000000
5 8886316.000000 23.000000
0 8886829.000000 15.000000
5 8887385.000000 26.000000
3 8887865.000000 15.000000
6 8888359.000000 10.000000
0 8889688.000000 15.000000
3 8890295.000000 15.000000
2 8890759.000000 15.000000
4 8891367.000000 15.000000
3 8892013.000000 15.000000
4 8892590.000000 15.000000
3 8893250.000000 15.000000
2 8893776.000000 15.000000
1 8894328.000000 15.000000
5 8894751.000000 72.000000
6 8895363.000000 10.000000
0 8896626.000000 15.000000
0 8897125.000000 15.000000
0 8897643.000000 15.000000
3 8898270.000000 15.000000
0 8898832.000000 15.000000
2 8899393.000000 15.000000
4 8899916.000000 15.000000
3 8900519.000000 15.000000
0 8901150.000000 15.000000
2 8901648.000000 15.000000
6 8902079.000000 10.000000
3 8903442.000000 15.000000
5 8903965.000000 22.000000
3 8904589.000000 15.000000
2 8905184.000000 15.000000
4 8905775.000000 15.000000
3 8906324.000000 15.000000
0 8906801.000000 15.000000
1 8907341.000000 15.000000
3 8907790.000000 15.000000
5 8908289.000000 47.000000
6 8908910.000000 10.000000
3 8910125.000000 15.000000
1 8910675.000000 15.000000
0 8911282.000000 15.000000
0 8911858.000000 15.000000
1 8912455.000000 15.000000
4 8912880.000000 15.000000
3 8913465.000000 15.000000
1 8913928.000000 15.000000
0 8914461.000000 15.000000
5 8915088.000000 41.000000
6 8915567.000000 10.000000
2 8916954.000000 15.000000
2 8917557.000000 15.000000
3 8918154.000000 15.000000
4 8918634.000000 15.000000
2 8919110.000000 15.000000
0 8919545.000000 15.000000
3 8920090.000000 15.000000
1 8920637.000000 15.000000
2 8921244.000000 15.000000
0 8921718.000000 15.000000
6 8922341.000000 10.000000
0 8923601.000000 15.000000
2 8924070.000000 15.000000
1 8924663.000000 15.000000
4 8925221.000000 15.000000
1 8925880.000000 15.000000
2 8926343.000000 15.000000
4 8926865.000000 15.000000
5 8927481.000000 75.000000
4 8928099.000000 15.000000
5 8928750.000000 79.000000
6 8929224.000000 10.000000
5 8930598.000000 73.000000
5 8931060.000000 46.000000
5 8931637.000000 46.000000
2 8932145.000000 15.000000
4 8932687.000000 15.000000
0 8933234.000000 15.000000
2 8933852.000000 15.000000
2 8934368.000000 15.000000
2 8934875.000000 15.000000
1 8935448.000000 15.000000
6 8935895.000000 10.000000
5 8937138.000000 39.000000
1 8937615.000000 15.000000
0 8938205.000000 15.000000
2 8938700.000000 15.000000
0 8939128.000000 15.000000
3 8939751.000000 15.000000
2 8940255.000000 15.000000
4 8940787.000000 15.000000
4 8941289.000000 15.000000
1 8941826.000000 15.000000
6 8942376.000000 10.000000
2 8943721.000000 15.000000
3 8944312.000000 15.000000
2 8944919.000000 15.000000
1 8945350.000000 15.000000
3 8945824.000000 15.000000
5 8946344.000000 76.000000
5 8946948.000000 69.000000
3 8947463.000000 15.000000
3 8947977.000000 15.000000
0 8948461.000000 15.000000
6 8949036.000000 10.000000
0 8950353.000000 15.000000
3 8950960.000000 15.000000
0 8951579.000000 15.000000
0 8952051.000000 15.000000
4 8952628.000000 15.000000
0 8953169.000000 15.000000
2 8953625.000000 15.000000
0 8954127.000000 15.000000
1 8954678.000000 15.000000
3 8955248.000000 15.000000
6 8955723.000000 10.000000
4 8957122.000000 15.000000
5 8957643.000000 35.000000
1 8958092.000000 15.000000
5 8958530.000000 67.000000
3 8959104.000000 15.000000
0 8959555.000000 15.000000
3 8960159.000000 15.000000
2 8960633.000000 15.000000
4 8961208.000000 15.000000
0 8961850.000000 15.000000
6 8962445.000000 10.000000
5 8963736.000000 54.000000
2 8964200.000000 15.000000
4 8964665.000000 15.000000
4 8965142.000000 15.000000
4 8965718.000000 15.000000
2 8966377.000000 15.000000
3 8966990.000000 15.000000
3 8967524.000000 15.000000
1 8968059.000000 15.000000
5 8968666.000000 63.000000
6 8969296.000000 10.000000
4 8970645.000000 15.000000
0 8971279.000000 15.000000
2 8971807.000000 15.000000
1 8972291.000000 15.000000
2 8972722.000000 15.000000
0 8973268.000000 15.000000
0 8973885.000000 15.000000
3 8974412.000000 15.000000
4 8975056.000000 15.000000
3 8975623.000000 15.000000
6 8976210.000000 10.000000
1 8977434.000000 15.000000
3 8977872.000000 15.000000
5 8978501.000000 50.000000
5 8979123.000000 50.000000
5 8979759.000000 77.000000
3 8980257.000000 15.000000
3 8980830.000000 15.000000
5 8981448.000000 24.000000
1 8981946.000000 15.000000
2 8982536.000000 15.000000
6 8983143.000000 10.000000
5 8984464.000000 41.000000
4 8985084.000000 15.000000
1 8985651.000000 15.000000
3 8986201.000000 15.000000
3 8986753.000000 15.000000
3 8987209.000000 15.000000
4 8987837.000000 15.000000
4 8988319.000000 15.000000
2 8988829.000000 15.000000
5 8989293.000000 36.000000
6 8989908.000000 10.000000
2 8991312.000000 15.000000
5 8991880.000000 62.000000
2 8992378.000000 15.000000
3 8992886.000000 15.000000
4 8993457.000000 15.000000
1 8994053.000000 15.000000
4 8994652.000000 15.000000
3 8995287.000000 15.000000
0 8995851.000000 15.000000
5 8996334.000000 80.000000
6 8996870.000000 10.000000
3 8998150.000000 15.000000
2 8998645.000000 15.000000
1 8999256.000000 15.000000
5 8999840.000000 30.000000
1 9000442.000000 15.000000
4 9000905.000000 15.000000
0 9001507.000000 15.000000
0 9002103.000000 15.000000
2 9002585.000000 15.000000
3 9003170.000000 15.000000
6 9003695.000000 10.000000
0 9005053.000000 15.000000
2 9005612.000000 15.000000
0 9006180.000000 15.000000
0 9006664.000000 15.000000
3 9007256.000000 15.000000
1 9007774.000000 15.000000
3 9008378.000000 15.000000
2 9008854.000000 15.000000
1 9009431.000000 15.000000
5 9010053.000000 58.000000
6 9010573.000000 10.000000
2 9011817.000000 15.000000
5 9012342.000000 52.000000
4 9012833.000000 15.000000
5 9013490.000000 27.000000
3 9014056.000000 15.000000
3 9014517.000000 15.000000
3 9015139.000000 15.000000
4 9015594.000000 15.000000
4 9016083.000000 15.000000
5 9016576.000000 61.000000
6 9017038.000000 10.000000
3 9018259.000000 15.000000
0 9018783.000000 15.000000
0 9019405.000000 15.000000
1 9019997.000000 15.000000
1 9020483.000000 15.000000
1 9021066.000000 15.000000
3 9021543.000000 15.000000
1 9022008.000000 15.000000
5 9022446.000000 22.000000
2 9023019.000000 15.000000
6 9023489.000000 10.000000
0 9024802.000000 15.000000
1 9025377.000000 15.000000
1 9025911.000000 15.000000
0 9026370.000000 15.000000
4 9026868.000000 15.000000
3 9027491.000000 15.000000
0 9028032.000000 15.000000
0 9028503.000000 15.000000
0 9029106.000000 15.000000
5 9029689.000000 45.000000
6 9030208.000000 10.000000
0 9031432.000000 15.000000
3 9031905.000000 15.000000
2 9032355.000000 15.000000
0 9032915.000000 15.000000
4 9033444.000000 15.000000
3 9034114.000000 15.000000
5 9034715.000000 64.000000
0 9035251.000000 15.000000
5 9035729.000000 47.000000
2 9036301.000000 15.000000
6 9036824.000000 10.000000
0 9038182.000000 15.000000
2 9038806.000000 15.000000
1 9039283.000000 15.000000
4 9039748.000000 15.000000
0 9040312.000000 15.000000
4 9040943.000000 15.000000
5 9041537.000000 39.000000
3 9042040.000000 15.000000
2 9042538.000000 15.000000
3 9042962.000000 15.000000
6 9043573.000000 10.000000
0 9044828.000000 15.000000
1 9045373.000000 15.000000
1 9045917.000000 15.000000
5 9046515.000000 64.000000
3 9047053.000000 15.000000
2 9047553.000000 15.000000
5 9048157.000000 27.000000
2 9048611.000000 15.000000
3 9049134.000000 15.000000
3 9049755.000000 15.000000
6 9050328.000000 10.000000
0 9051737.000000 15.000000
0 9052232.000000 15.000000
1 9052825.000000 15.000000
5 9053363.000000 46.000000
1 9054001.000000 15.000000
0 9054449.000000 15.000000
5 9054987.000000 68.000000
2 9055588.000000 15.000000
5 9056093.000000 68.000000
1 9056628.000000 15.000000
6 9057239.000000 10.000000
3 9058646.000000 15.000000
4 9059184.000000 15.000000
5 9059794.000000 43.000000
4 9060361.000000 15.000000
0 9060842.000000 15.000000
0 9061387.000000 15.000000
3 9061825.000000 15.000000
3 9062333.000000 15.000000
1 9062794.000000 15.000000
0 9063383.000000 15.000000
6 9063932.000000 10.000000
1 9065336.000000 15.000000
5 9065944.000000 31.000000
1 9066534.000000 15.000000
2 9066972.000000 15.000000
0 9067472.000000 15.000000
5 9067965.000000 23.000000
2 9068427.000000 15.000000
1 9068942.000000 15.000000
2 9069449.000000 15.000000
2 9070014.000000 15.000000
6 9070469.000000 10.000000
1 9071758.000000 15.000000
3 9072241.000000 15.000000
3 9072878.000000 15.000000
0 9073463.000000 15.000000
3 9073956.000000 15.000000
3 9074405.000000 15.000000
0 9075053.000000 15.000000
4 9075637.000000 15.000000
5 9076231.000000 65.000000
1 9076801.000000 15.000000
6 9077421.000000 10.000000
1 9078690.000000 15.000000
2 9079181.000000 15.000000
5 9079789.000000 56.000000
1 9080331.000000 15.000000
4 9080891.000000 15.000000
3 9081474.000000 15.000000
1 9082044.000000 15.000000
3 9082486.000000 15.000000
5 9082997.000000 28.000000
3 9083494.000000 15.000000
6 9084128.000000 10.000000
2 9085389.000000 15.000000
5 9085904.000000 44.000000
0 9086451.000000 15.000000
0 9086972.000000 15.000000
0 9087524.000000 15.000000
4 9087972.000000 15.000000
4 9088621.000000 15.000000
0 9089142.000000 15.000000
0 9089669.000000 15.000000
5 9090296.000000 58.000000
6 9090752.000000 10.000000
1 9092160.000000 15.000000
1 9092602.000000 15.000000
3 9093086.000000 15.000000
2 9093567.000000 15.000000
2 9094154.000000 15.000000
3 9094637.000000 15.000000
1 9095193.000000 15.000000
3 9095713.000000 15.000000
5 9096195.000000 68.000000
4 9096742.000000 15.000000
6 9097276.000000 10.000000
4 9098627.000000 15.000000
5 9099100.000000 22.000000
5 9099691.000000 41.000000
3 9100284.000000 15.000000
4 9100925.000000 15.000000
4 9101427.000000 15.000000
0 9101942.000000 15.000000
0 9102474.000000 15.000000
1 9102980.000000 15.000000
3 9103536.000000 15.000000
6 9104002.000000 10.000000
1 9105406.000000 15.000000
1 9105941.000000 15.000000
0 9106386.000000 15.000000
1 9106897.000000 15.000000
5 9107381.000000 74.000000
1 9107942.000000 15.000000
0 9108376.000000 15.000000
0 9108886.000000 15.000000
2 9109326.000000 15.000000
2 9109871.000000 15.000000
6 9110340.000000 10.000000
1 9111663.000000 15.000000
4 9112254.000000 15.000000
1 9112819.000000 15.000000
3 9113345.000000 15.000000
5 9113854.000000 84.000000
3 9114461.000000 15.000000
4 9115078.000000 15.000000
5 9115707.000000 44.000000
1 9116256.000000 15.000000
0 9116721.000000 15.000000
6 9117213.000000 10.000000
0 9118488.000000 15.000000
1 9118977.000000 15.000000
4 9119553.000000 15.000000
3 9120167.000000 15.000000
0 9120742.000000 15.000000
2 9121330.000000 15.000000
3 9121753.000000 15.000000
0 9122384.000000 15.000000
5 9122996.000000 53.000000
1 9123463.000000 15.000000
6 9124023.000000 10.000000
2 9125319.000000 15.000000
1 9125883.000000 15.000000
4 9126455.000000 15.000000
5 9127017.000000 69.000000
1 9127606.000000 15.000000
1 9128104.000000 15.000000
1 9128707.000000 15.000000
0 9129176.000000 15.000000
0 9129632.000000 15.000000
3 9130067.000000 15.000000
6 9130598.000000 10.000000
1 9131938.000000 15.000000
0 9132381.000000 15.000000
4 9132887.000000 15.000000
2 9133522.000000 15.000000
2 9134082.000000 15.000000
4 9134610.000000 15.000000
5 9135194.000000 66.000000
2 9135662.000000 15.000000
1 9136245.000000 15.000000
1 9136807.000000 15.000000
6 9137397.000000 10.000000
0 9138632.000000 15.000000
5 9139067.000000 65.000000
0 9139527.000000 15.000000
4 9140124.000000 15.000000
3 9140768.000000 15.000000
5 9141327.000000 82.000000
1 9141904.000000 15.000000
1 9142471.000000 15.000000
3 9142908.000000 15.000000
0 9143373.000000 15.000000
6 9143959.000000 10.000000
3 9145192.000000 15.000000
1 9145659.000000 15.000000
0 9146106.000000 15.000000
2 9146586.000000 15.000000
3 9147045.000000 15.000000
4 9147498.000000 15.000000
5 9148014.000000 31.000000
2 9148599.000000 15.000000
3 9149067.000000 15.000000
2 9149663.000000 15.000000
6 9150246.000000 10.000000
1 9151563.000000 15.000000
3 9152053.000000 15.000000
2 9152639.000000 15.000000
4 9153151.000000 15.000000
0 9153661.000000 15.000000
5 9154218.000000 59.000000
0 9154784.000000 15.000000
0 9155257.000000 15.000000
2 9155810.000000 15.000000
0 9156392.000000 15.000000
6 9157023.000000 10.000000
0 9158299.000000 15.000000
0 9158788.000000 15.000000
3 9159359.000000 15.000000
1 9159980.000000 15.000000
0 9160407.000000 15.000000
3 9160976.000000 15.000000
4 9161549.000000 15.000000
4 9162029.000000 15.000000
4 9162532.000000 15.000000
3 9163023.000000 15.000000
6 9163492.000000 10.000000
0 9164841.000000 15.000000
3 9165428.000000 15.000000
2 9165972.000000 15.000000
5 9166418.000000 68.000000
5 9166988.000000 40.000000
0 9167570.000000 15.000000
5 9168069.000000 60.000000
5 9168655.000000 60.000000
5 9169190.000000 59.000000
5 9169808.000000 66.000000
6 9170359.000000 10.000000
1 9171569.000000 15.000000
4 9172017.000000 15.000000
4 9172554.000000 15.000000
4 9173226.000000 15.000000
5 9173774.000000 80.000000
0 9174400.000000 15.000000
4 9174843.000000 15.000000
5 9175365.000000 47.000000
0 9175841.000000 15.000000
3 9176437.000000 15.000000
6 9177022.000000 10.000000
5 9178280.000000 44.000000
0 9178815.000000 15.000000
2 9179430.000000 15.000000
2 9179914.000000 15.000000
3 9180342.000000 15.000000
1 9180922.000000 15.000000
5 9181397.000000 34.000000
2 9181964.000000 15.000000
0 9182466.000000 15.000000
0 9182982.000000 15.000000
6 9183597.000000 10.000000
5 9184905.000000 80.000000
0 9185412.000000 15.000000
2 9186032.000000 15.000000
0 9186582.000000 15.000000
3 9187060.000000 15.000000
5 9187594.000000 52.000000
4 9188172.000000 15.000000
1 9188820.000000 15.000000
4 9189408.000000 15.000000
1 9189936.000000 15.000000
6 9190489.000000 10.000000
2 9191711.000000 15.000000
1 9192237.000000 15.000000
1 9192812.000000 15.000000
4 9193262.000000 15.000000
4 9193869.000000 15.000000
5 9194426.000000 31.000000
1 9194968.000000 15.000000
2 9195560.000000 15.000000
5 9196142.000000 76.000000
4 9196605.000000 15.000000
6 9197153.000000 10.000000
4 9198527.000000 15.000000
1 9199137.000000 15.000000
0 9199570.000000 15.000000
2 9200063.000000 15.000000
5 9200522.000000 79.000000
4 9201019.000000 15.000000
0 9201684.000000 15.000000
4 9202161.000000 15.000000
3 9202715.000000 15.000000
2 9203186.000000 15.000000
6 9203712.000000 10.000000
5 9205053.000000 30.000000
0 9205524.000000 15.000000
5 9206003.000000 76.000000
3 9206535.000000 15.000000
2 9207051.000000 15.000000
4 9207535.000000 15.000000
5 9208154.000000 40.000000
2 9208618.000000 15.000000
3 9209194.000000 15.000000
3 9209680.000000 15.000000
6 9210156.000000 10.000000
1 9211484.000000 15.000000
0 9212055.000000 15.000000
1 9212556.000000 15.000000
1 9213032.000000 15.000000
3 9213551.000000 15.000000
5 9214193.000000 51.000000
2 9214678.000000 15.000000
0 9215169.000000 15.000000
4 9215615.000000 15.000000
3 9216181.000000 15.000000
6 9216704.000000 10.000000
0 9218081.000000 15.000000
1 9218570.000000 15.000000
1 9219192.000000 15.000000
3 9219619.000000 15.000000
1 9220077.000000 15.000000
4 9220697.000000 15.000000
2 9221193.000000 15.000000
3 9221766.000000 15.000000
3 9222337.000000 15.000000
2 9222973.000000 15.000000
6 9223566.000000 10.000000
2 9224929.000000 15.000000
3 9225457.000000 15.000000
2 9226014.000000 15.000000
2 9226471.000000 15.000000
0 9227022.000000 15.000000
1 9227481.000000 15.000000
5 9228056.000000 28.000000
4 9228509.000000 15.000000
1 9229128.000000 15.000000
5 9229724.000000 23.000000
6 9230334.000000 10.000000
5 9231600.000000 73.000000
2 9232117.000000 15.000000
5 9232712.000000 20.000000
0 9233182.000000 15.000000
0 9233788.000000 15.000000
0 9234230.000000 15.000000
2 9234744.000000 15.000000
4 9235192.000000 15.000000
4 9235826.000000 15.000000
2 9236341.000000 15.000000
6 9236785.000000 10.000000
0 9238103.000000 15.000000
3 9238697.000000 15.000000
1 9239181.000000 15.000000
3 9239646.000000 15.000000
4 9240226.000000 15.000000
5 9240803.000000 77.000000
5 9241376.000000 84.000000
0 9241906.000000 15.000000
3 9242462.000000 15.000000
4 9243075.000000 15.000000
6 9243602.000000 10.000000
5 9245007.000000 28.000000
5 9245533.000000 51.000000
0 9246017.000000 15.000000
0 9246593.000000 15.000000
3 9247084.000000 15.000000
0 9247541.000000 15.000000
1 9248156.000000 15.000000
5 9248742.000000 45.000000
2 9249348.000000 15.000000
3 9249802.000000 15.000000
6 9250387.000000 10.000000
1 9251703.000000 15.000000
2 9252240.000000 15.000000
4 9252776.000000 15.000000
2 9253293.000000 15.000000
0 9253751.000000 15.000000
3 9254183.000000 15.000000
3 9254661.000000 15.000000
2 9255156.000000 15.000000
2 9255639.000000 15.000000
4 9256116.000000 15.000000
6 9256604.000000 10.000000
2 9257995.000000 15.000000
3 9258453.000000 15.000000
2 9258967.000000 15.000000
5 9259514.000000 40.000000
1 9260152.000000 15.000000
2 9260757.000000 15.000000
5 9261227.000000 34.000000
0 9261835.000000 15.000000
3 9262439.000000 15.000000
3 9262932.000000 15.000000
6 9263525.000000 10.000000
4 9264783.000000 15.000000
1 9265397.000000 15.000000
5 9265822.000000 40.000000
2 9266400.000000 15.000000
4 9266879.000000 15.000000
2 9267377.000000 15.000000
2 9267960.000000 15.000000
2 9268383.000000 15.000000
0 9268801.000000 15.000000
2 9269345.000000 15.000000
6 9269841.000000 10.000000
4 9271231.000000 15.000000
2 9271794.000000 15.000000
3 9272342.000000 15.000000
2 9272901.000000 15.000000
1 9273463.000000 15.000000
5 9274043.000000 70.000000
2 9274523.000000 15.000000
5 9275007.000000 77.000000
1 9275603.000000 15.000000
0 9276180.000000 15.000000
6 9276681.000000 10.000000
3 9278086.000000 15.000000
1 9278550.000000 15.000000
3 9279170.000000 15.000000
0 9279632.000000 15.000000
4 9280087.000000 15.000000
2 9280652.000000 15.000000
1 9281172.000000 15.000000
0 9281722.000000 15.000000
4 9282340.000000 15.000000
0 9282996.000000 15.000000
6 9283552.000000 10.000000
3 9284921.000000 15.000000
2 9285400.000000 15.000000
4 9285963.000000 15.000000
3 9286536.000000 15.000000
3 9286986.000000 15.000000
3 9287561.000000 15.000000
0 9288151.000000 15.000000
2 9288760.000000 15.000000
2 9289183.000000 15.000000
4 9289735.000000 15.000000
6 9290374.000000 10.000000
5 9291632.000000 81.000000
0 9292119.000000 15.000000
4 9292625.000000 15.000000
1 9293187.000000 15.000000
2 9293654.000000 15.000000
0 9294159.000000 15.000000
2 9294659.000000 15.000000
0 9295116.000000 15.000000
3 9295670.000000 15.000000
5 9296253.000000 53.000000
6 9296726.000000 10.000000
3 9298037.000000 15.000000
4 9298674.000000 15.000000
4 9299207.000000 15.000000
2 9299695.000000 15.000000
1 9300230.000000 15.000000
4 9300807.000000 15.000000
4 9301444.000000 15.000000
4 9302090.000000 15.000000
4 9302583.000000 15.000000
5 9303165.000000 49.000000
6 9303671.000000 10.000000
3 9304885.000000 15.000000
1 9305531.000000 15.000000
0 9306124.000000 15.000000
2 9306596.000000 15.000000
3 9307119.000000 15.000000
2 9307589.000000 15.000000
4 9308025.000000 15.000000
2 9308601.000000 15.000000
0 9309211.000000 15.000000
2 9309668.000000 15.000000
6 9310260.000000 10.000000
1 9311555.000000 15.000000
4 9312149.000000 15.000000
3 9312624.000000 15.000000
2 9313261.000000 15.000000
5 9313693.000000 31.000000
1 9314141.000000 15.000000
4 9314601.000000 15.000000
5 9315168.000000 57.000000
1 9315780.000000 15.000000
0 9316310.000000 15.000000
6 9316777.000000 10.000000
2 9318062.000000 15.000000
1 9318664.000000 15.000000
0 9319100.000000 15.000000
2 9319582.000000 15.000000
1 9320161.000000 15.000000
3 9320687.000000 15.000000
2 9321146.000000 15.000000
1 9321596.000000 15.000000
0 9322094.000000 15.000000
2 9322599.000000 15.000000
6 9323157.000000 10.000000
4 9324462.000000 15.000000
2 9325126.000000 15.000000
2 9325650.000000 15.000000
1 9326144.000000 15.000000
3 9326620.000000 15.000000
0 9327158.000000 15.000000
5 9327623.000000 84.000000
2 9328223.000000 15.000000
2 9328810.000000 15.000000
0 9329317.000000 15.000000
6 9329865.000000 10.000000
5 9331083.000000 50.000000
1 9331555.000000 15.000000
4 9332010.000000 15.000000
2 9332558.000000 15.000000
3 9333134.000000 15.000000
1 9333586.000000 15.000000
5 9334169.000000 46.000000
3 9334742.000000 15.000000
3 9335193.000000 15.000000
4 9335831.000000 15.000000
6 9336455.000000 10.000000
4 9337754.000000 15.000000
0 9338384.000000 15.000000
2 9338887.000000 15.000000
1 9339361.000000 15.000000
1 9339809.000000 15.000000
4 9340418.000000 15.000000
3 9340975.000000 15.000000
0 9341502.000000 15.000000
3 9342054.000000 15.000000
4 9342545.000000 15.000000
6 9343099.000000 10.000000
3 9344422.000000 15.000000
0 9345044.000000 15.000000
1 9345633.000000 15.000000
2 9346162.000000 15.000000
3 9346735.000000 15.000000
3 9347270.000000 15.000000
3 9347731.000000 15.000000
2 9348363.000000 15.000000
1 9348903.000000 15.000000
4 9349394.000000 15.000000
6 9349940.000000 10.000000
3 9351164.000000 15.000000
1 9351723.000000 15.000000
2 9352224.000000 15.000000
1 9352713.000000 15.000000
0 9353173.000000 15.000000
1 9353650.000000 15.000000
4 9354128.000000 15.000000
0 9354662.000000 15.000000
1 9355119.000000 15.000000
5 9355663.000000 51.000000
6 9356281.000000 10.000000
5 9357561.000000 82.000000
3 9358124.000000 15.000000
3 9358756.000000 15.000000
2 9359252.000000 15.000000
5 9359861.000000 68.000000
3 9360425.000000 15.000000
3 9361033.000000 15.000000
3 9361505.000000 15.000000
2 9362061.000000 15.000000
1 9362649.000000 15.000000
6 9363112.000000 10.000000
0 9364422.000000 15.000000
3 9364860.000000 15.000000
5 9365408.000000 45.000000
5 9365931.000000 45.000000
2 9366564.000000 15.000000
5 9367011.000000 83.000000
2 9367610.000000 15.000000
2 9368103.000000 15.000000
4 9368597.000000 15.000000
1 9369110.000000 15.000000
6 9369536.000000 10.000000
5 9370880.000000 56.000000
5 9371373.000000 83.000000
5 9371858.000000 50.000000
2 9372394.000000 15.000000
3 9372918.000000 15.000000
2 9373407.000000 15.000000
1 9373949.000000 15.000000
4 9374526.000000 15.000000
3 9375174.000000 15.000000
2 9375794.000000 15.000000
6 9376399.000000 10.000000
3 9377772.000000 15.000000
0 9378398.000000 15.000000
4 9379003.000000 15.000000
4 9379531.000000 15.000000
2 9380140.000000 15.000000
0 9380742.000000 15.000000
5 9381319.000000 37.000000
3 9381880.000000 15.000000
1 9382528.000000 15.000000
3 9383132.000000 15.000000
6 9383717.000000 10.000000
0 9384937.000000 15.000000
2 9385506.000000 15.000000
4 9385988.000000 15.000000
2 9386499.000000 15.000000
2 9386971.000000 15.000000
3 9387542.000000 15.000000
3 9388179.000000 15.000000
3 9388734.000000 15.000000
0 9389249.000000 15.000000
1 9389687.000000 15.000000
6 9390244.000000 10.000000
1 9391456.000000 15.000000
0 9391928.000000 15.000000
4 9392525.000000 15.000000
4 9393060.000000 15.000000
1 9393590.000000 15.000000
3 9394024.000000 15.000000
4 9394604.000000 15.000000
0 9395123.000000 15.000000
5 9395750.000000 56.000000
2 9396203.000000 15.000000
6 9396746.000000 10.000000
1 9398080.000000 15.000000
1 9398701.000000 15.000000
5 9399130.000000 22.000000
3 9399628.000000 15.000000
5 9400272.000000 27.000000
5 9400854.000000 59.000000
3 9401413.000000 15.000000
1 9401901.000000 15.000000
0 9402397.000000 15.000000
1 9402894.000000 15.000000
6 9403382.000000 10.000000
5 9404783.000000 37.000000
2 9405312.000000 15.000000
2 9405864.000000 15.000000
5 9406307.000000 51.000000
3 9406809.000000 15.000000
2 9407394.000000 15.000000
3 9407952.000000 15.000000
0 9408597.000000 15.000000
0 9409103.000000 15.000000
4 9409707.000000 15.000000
6 9410375.000000 10.000000
0 9411683.000000 15.000000
2 9412314.000000 15.000000
1 9412736.000000 15.000000
1 9413274.000000 15.000000
0 9413891.000000 15.000000
5 9414330.000000 73.000000
5 9414928.000000 57.000000
2 9415494.000000 15.000000
3 9415913.000000 15.000000
2 9416404.000000 15.000000
6 9416968.000000 10.000000
3 9418306.000000 15.000000
0 9418787.000000 15.000000
0 9419257.000000 15.000000
4 9419690.000000 15.000000
5 9420343.000000 28.000000
2 9420815.000000 15.000000
4 9421245.000000 15.000000
3 9421845.000000 15.000000
2 9422475.000000 15.000000
4 9423030.000000 15.000000
6 9423670.000000 10.000000
1 9424894.000000 15.000000
3 9425458.000000 15.000000
1 9425932.000000 15.000000
0 9426436.000000 15.000000
5 9426880.000000 34.000000
4 9427448.000000 15.000000
2 9428087.000000 15.000000
5 9428643.000000 39.000000
5 9429205.000000 64.000000
5 9429843.000000 37.000000
6 9430392.000000 10.000000
3 9431609.000000 15.000000
2 9432106.000000 15.000000
3 9432578.000000 15.000000
5 9433066.000000 80.000000
3 9433658.000000 15.000000
2 9434213.000000 15.000000
1 9434660.000000 15.000000
3 9435154.000000 15.000000
3 9435672.000000 15.000000
3 9436125.000000 15.000000
6 9436617.000000 10.000000
0 9437988.000000 15.000000
5 9438610.000000 40.000000
4 9439229.000000 15.000000
2 9439846.000000 15.000000
1 9440351.000000 15.000000
1 9440915.000000 15.000000
4 9441430.000000 15.000000
1 9441968.000000 15.000000
5 9442540.000000 69.000000
5 9443180.000000 45.000000
6 9443706.000000 10.000000
3 9445078.000000 15.000000
2 9445683.000000 15.000000
2 9446137.000000 15.000000
2 9446668.000000 15.000000
4 9447201.000000 15.000000
3 9447775.000000 15.000000
5 9448420.000000 49.000000
1 9448988.000000 15.000000
1 9449514.000000 15.000000
3 9450006.000000 15.000000
6 9450518.000000 10.000000
2 9451894.000000 15.000000
2 9452385.000000 15.000000
4 9452918.000000 15.000000
4 9453429.000000 15.000000
1 9453975.000000 15.000000
2 9454550.000000 15.000000
4 9455137.000000 15.000000
0 9455659.000000 15.000000
5 9456117.000000 83.000000
2 9456580.000000 15.000000
6 9457072.000000 10.000000
1 9458458.000000 15.000000
3 9459053.000000 15.000000
3 9459685.000000 15.000000
4 9460228.000000 15.000000
5 9460847.000000 67.000000
5 9461326.000000 59.000000
3 9461886.000000 15.000000
3 9462534.000000 15.000000
5 9463104.000000 65.000000
5 9463641.000000 50.000000
6 9464083.000000 10.000000
0 9465299.000000 15.000000
0 9465837.000000 15.000000
5 9466423.000000 41.000000
2 9466906.000000 15.000000
4 9467501.000000 15.000000
0 9468085.000000 15.000000
3 9468617.000000 15.000000
4 9469256.000000 15.000000
5 9469782.000000 26.000000
0 9470309.000000 15.000000
6 9470777.000000 10.000000
2 9472078.000000 15.000000
3 9472520.000000 15.000000
0 9472995.000000 15.000000
5 9473446.000000 63.000000
4 9473970.000000 15.000000
4 9474478.000000 15.000000
0 9475138.000000 15.000000
2 9475590.000000 15.000000
1 9476040.000000 15.000000
2 9476570.000000 15.000000
6 9476987.000000 10.000000
5 9478267.000000 26.000000
5 9478794.000000 30.000000
5 9479420.000000 84.000000
5 9479947.000000 76.000000
2 9480484.000000 15.000000
3 9480976.000000 15.000000
3 9481595.000000 15.000000
0 9482172.000000 15.000000
5 9482787.000000 57.000000
1 9483327.000000 15.000000
6 9483909.000000 10.000000
0 9485270.000000 15.000000
1 9485893.000000 15.000000
5 9486508.000000 70.000000
2 9487042.000000 15.000000
3 9487654.000000 15.000000
2 9488140.000000 15.000000
1 9488727.000000 15.000000
2 9489247.000000 15.000000
2 9489775.000000 15.000000
1 9490293.000000 15.000000
6 9490755.000000 10.000000
3 9492133.000000 15.000000
3 9492761.000000 15.000000
5 9493393.000000 35.000000
5 9493904.000000 53.000000
1 9494389.000000 15.000000
0 9494831.000000 15.000000
2 9495408.000000 15.000000
2 9495852.000000 15.000000
3 9496299.000000 15.000000
3 9496788.000000 15.000000
6 9497332.000000 10.000000
5 9498739.000000 77.000000
3 9499263.000000 15.000000
0 9499896.000000 15.000000
0 9500505.000000 15.000000
1 9501023.000000 15.000000
2 9501616.000000 15.000000
4 9502091.000000 15.000000
1 9502655.000000 15.000000
1 9503116.000000 15.000000
5 9503687.000000 60.000000
6 9504198.000000 10.000000
5 9505469.000000 81.000000
0 9505942.000000 15.000000
2 9506482.000000 15.000000
0 9507057.000000 15.000000
4 9507624.000000 15.000000
2 9508209.000000 15.000000
2 9508725.000000 15.000000
3 9509286.000000 15.000000
5 9509775.000000 41.000000
0 9510413.000000 15.000000
6 9510873.000000 10.000000
1 9512227.000000 15.000000
3 9512780.000000 15.000000
2 9513419.000000 15.000000
4 9514005.000000 15.000000
3 9514489.000000 15.000000
0 9515008.000000 15.000000
0 9515629.000000 15.000000
2 9516241.000000 15.000000
0 9516767.000000 15.000000
4 9517288.000000 15.000000
6 9517941.000000 10.000000
4 9519187.000000 15.000000
3 9519672.000000 15.000000
3 9520122.000000 15.000000
0 9520716.000000 15.000000
3 9521151.000000 15.000000
1 9521691.000000 15.000000
1 9522239.000000 15.000000
2 9522801.000000 15.000000
5 9523290.000000 26.000000
3 9523880.000000 15.000000
6 9524391.000000 10.000000
0 9525695.000000 15.000000
4 9526235.000000 15.000000
3 9526779.000000 15.000000
4 9527275.000000 15.000000
2 9527887.000000 15.000000
3 9528418.000000 15.000000
5 9528872.000000 23.000000
5 9529404.000000 31.000000
4 9529932.000000 15.000000
3 9530571.000000 15.000000
6 9531040.000000 10.000000
2 9532364.000000 15.000000
4 9532942.000000 15.000000
5 9533497.000000 57.000000
3 9534046.000000 15.000000
1 9534612.000000 15.000000
4 9535170.000000 15.000000
4 9535830.000000 15.000000
1 9536336.000000 15.000000
2 9536862.000000 15.000000
2 9537371.000000 15.000000
6 9537861.000000 10.000000
3 9539199.000000 15.000000
1 9539684.000000 15.000000
2 9540253.000000 15.000000
5 9540782.000000 66.000000
0 9541259.000000 15.000000
4 9541841.000000 15.000000
5 9542331.000000 22.000000
1 9542815.000000 15.000000
5 9543261.000000 24.000000
4 9543730.000000 15.000000
6 9544235.000000 10.000000
1 9545566.000000 15.000000
0 9546154.000000 15.000000
1 9546630.000000 15.000000
3 9547150.000000 15.000000
2 9547633.000000 15.000000
2 9548224.000000 15.000000
0 9548716.000000 15.000000
0 9549200.000000 15.000000
4 9549706.000000 15.000000
4 9550265.000000 15.000000
6 9550808.000000 10.000000
4 9552155.000000 15.000000
2 9552790.000000 15.000000
4 9553323.000000 15.000000
4 9553915.000000 15.000000
2 9554419.000000 15.000000
3 9554950.000000 15.000000
1 9555491.000000 15.000000
0 9556011.000000 15.000000
0 9556476.000000 15.000000
3 9556965.000000 15.000000
6 9557603.000000 10.000000
0 9558972.000000 15.000000
3 9559541.000000 15.000000
3 9560088.000000 15.000000
0 9560641.000000 15.000000
2 9561084.000000 15.000000
3 9561667.000000 15.000000
1 9562251.000000 15.000000
1 9562772.000000 15.000000
1 9563282.000000 15.000000
3 9563706.000000 15.000000
6 9564334.000000 10.000000
1 9565681.000000 15.000000
2 9566230.000000 15.000000
3 9566835.000000 15.000000
0 9567293.000000 15.000000
3 9567914.000000 15.000000
4 9568404.000000 15.000000
1 9569001.000000 15.000000
5 9569594.000000 39.000000
5 9570149.000000 77.000000
3 9570769.000000 15.000000
6 9571415.000000 10.000000
1 9572638.000000 15.000000
3 9573230.000000 15.000000
0 9573709.000000 15.000000
3 9574235.000000 15.000000
1 9574703.000000 15.000000
5 9575258.000000 75.000000
2 9575885.000000 15.000000
4 9576479.000000 15.000000
2 9577059.000000 15.000000
0 9577477.000000 15.000000
6 9578003.000000 10.000000
0 9579227.000000 15.000000
5 9579843.000000 75.000000
1 9580418.000000 15.000000
4 9580912.000000 15.000000
2 9581511.000000 15.000000
4 9581992.000000 15.000000
1 9582484.000000 15.000000
1 9582979.000000 15.000000
3 9583454.000000 15.000000
5 9583933.000000 71.000000
6 9584463.000000 10.000000
4 9585730.000000 15.000000
2 9586347.000000 15.000000
3 9586862.000000 15.000000
4 9587459.000000 15.000000
1 9588084.000000 15.000000
3 9588519.000000 15.000000
3 9589116.000000 15.000000
1 9589631.000000 15.000000
5 9590163.000000 23.000000
2 9590702.000000 15.000000
6 9591308.000000 10.000000
4 9592712.000000 15.000000
1 9593206.000000 15.000000
1 9593813.000000 15.000000
3 9594321.000000 15.000000
5 9594906.000000 44.000000
3 9595495.000000 15.000000
4 9595970.000000 15.000000
0 9596551.000000 15.000000
0 9597039.000000 15.000000
4 9597512.000000 15.000000
6 9598124.000000 10.000000
2 9599500.000000 15.000000
0 9600083.000000 15.000000
3 9600520.000000 15.000000
5 9600990.000000 65.000000
5 9601533.000000 46.000000
1 9602172.000000 15.000000
4 9602775.000000 15.000000
5 9603372.000000 30.000000
0 9603825.000000 15.000000
3 9604416.000000 15.000000
6 9604944.000000 10.000000
5 9606240.000000 48.000000
5 9606799.000000 37.000000
2 9607400.000000 15.000000
4 9607964.000000 15.000000
2 9608500.000000 15.000000
4 9609041.000000 15.000000
4 9609619.000000 15.000000
5 9610289.000000 47.000000
0 9610814.000000 15.000000
1 9611343.000000 15.000000
6 9611951.000000 10.000000
2 9613254.000000 15.000000
4 9613846.000000 15.000000
3 9614379.000000 15.000000
2 9614950.000000 15.000000
0 9615451.000000 15.000000
3 9615996.000000 15.000000
3 9616497.000000 15.000000
0 9616984.000000 15.000000
4 9617608.000000 15.000000
4 9618088.000000 15.000000
6 9618679.000000 10.000000
3 9619931.000000 15.000000
0 9620499.000000 15.000000
0 9621044.000000 15.000000
3 9621495.000000 15.000000
4 9621953.000000 15.000000
5 9622610.000000 43.000000
4 9623132.000000 15.000000
4 9623752.000000 15.000000
2 9624423.000000 15.000000
0 9625015.000000 15.000000
6 9625489.000000 10.000000
2 9626834.000000 15.000000
0 9627399.000000 15.000000
2 9628026.000000 15.000000
1 9628589.000000 15.000000
5 9629081.000000 84.000000
1 9629696.000000 15.000000
4 9630172.000000 15.000000
1 9630812.000000 15.000000
2 9631390.000000 15.000000
2 9631870.000000 15.000000
6 9632466.000000 10.000000
5 9633753.000000 20.000000
5 9634210.000000 62.000000
1 9634749.000000 15.000000
5 9635180.000000 32.000000
1 9635706.000000 15.000000
3 9636290.000000 15.000000
5 9636760.000000 41.000000
3 9637306.000000 15.000000
5 9637867.000000 67.000000
4 9638408.000000 15.000000
6 9638959.000000 10.000000
2 9640225.000000 15.000000
0 9640793.000000 15.000000
2 9641315.000000 15.000000
5 9641832.000000 68.000000
3 9642458.000000 15.000000
0 9642913.000000 15.000000
3 9643368.000000 15.000000
3 9643975.000000 15.000000
5 9644443.000000 48.000000
3 9645011.000000 15.000000
6 9645530.000000 10.000000
0 9646898.000000 15.000000
3 9647349.000000 15.000000
3 9647814.000000 15.000000
4 9648399.000000 15.000000
5 9648952.000000 42.000000
4 9649419.000000 15.000000
3 9650010.000000 15.000000
1 9650632.000000 15.000000
2 9651062.000000 15.000000
2 9651541.000000 15.000000
6 9652021.000000 10.000000
5 9653377.000000 79.000000
4 9653915.000000 15.000000
4 9654491.000000 15.000000
2 9655158.000000 15.000000
4 9655578.000000 15.000000
5 9656249.000000 55.000000
1 9656846.000000 15.000000
4 9657368.000000 15.000000
2 9657902.000000 15.000000
3 9658447.000000 15.000000
6 9658966.000000 10.000000
3 9660235.000000 15.000000
2 9660727.000000 15.000000
2 9661284.000000 15.000000
5 9661723.000000 53.000000
4 9662189.000000 15.000000
4 9662696.000000 15.000000
4 9663266.000000 15.000000
5 9663819.000000 54.000000
0 9664394.000000 15.000000
0 9664986.000000 15.000000
6 9665521.000000 10.000000
3 9666815.000000 15.000000
1 9667437.000000 15.000000
1 9667937.000000 15.000000
3 9668467.000000 15.000000
5 9669088.000000 51.000000
4 9669704.000000 15.000000
1 9670254.000000 15.000000
5 9670868.000000 62.000000
0 9671486.000000 15.000000
0 9672040.000000 15.000000
6 9672583.000000 10.000000
1 9673959.000000 15.000000
2 9674451.000000 15.000000
3 9674905.000000 15.000000
5 9675473.000000 61.000000
5 9676030.000000 36.000000
5 9676555.000000 28.000000
0 9677109.000000 15.000000
3 9677670.000000 15.000000
1 9678125.000000 15.000000
0 9678653.000000 15.000000
6 9679090.000000 10.000000
5 9680378.000000 43.000000
5 9681014.000000 45.000000
4 9681643.000000 15.000000
0 9682263.000000 15.000000
0 9682867.000000 15.000000
0 9683302.000000 15.000000
2 9683752.000000 15.000000
3 9684183.000000 15.000000
2 9684820.000000 15.000000
4 9685336.000000 15.000000
6 9685839.000000 10.000000
2 9687050.000000 15.000000
4 9687503.000000 15.000000
1 9688146.000000 15.000000
1 9688613.000000 15.000000
2 9689137.000000 15.000000
1 9689745.000000 15.000000
2 9690279.000000 15.000000
0 9690783.000000 15.000000
3 9691265.000000 15.000000
2 9691782.000000 15.000000
6 9692347.000000 10.000000
4 9693743.000000 15.000000
3 9694354.000000 15.000000
4 9694812.000000 15.000000
2 9695474.000000 15.000000
1 9695941.000000 15.000000
5 9696423.000000 39.000000
3 9696916.000000 15.000000
5 9697381.000000 57.000000
4 9697983.000000 15.000000
0 9698529.000000 15.000000
6 9699111.000000 10.000000
5 9700488.000000 45.000000
0 9700932.000000 15.000000
0 9701398.000000 15.000000
3 9701867.000000 15.000000
1 9702471.000000 15.000000
1 9702990.000000 15.000000
3 9703489.000000 15.000000
5 9703966.000000 75.000000
4 9704603.000000 15.000000
5 9705136.000000 80.000000
6 9705745.000000 10.000000
4 9707144.000000 15.000000
5 9707779.000000 72.000000
3 9708234.000000 15.000000
1 9708879.000000 15.000000
5 9709468.000000 61.000000
3 9710081.000000 15.000000
2 9710561.000000 15.000000
0 9710990.000000 15.000000
0 9711426.000000 15.000000
4 9711981.000000 15.000000
6 9712601.000000 10.000000
2 9713884.000000 15.000000
0 9714400.000000 15.000000
3 9714901.000000 15.000000
5 9715460.000000 67.000000
4 9715954.000000 15.000000
0 9716559.000000 15.000000
0 9717126.000000 15.000000
5 9717580.000000 45.000000
2 9718212.000000 15.000000
5 9718768.000000 33.000000
6 9719249.000000 10.000000
0 9720521.000000 15.000000
2 9721149.000000 15.000000
2 9721669.000000 15.000000
1 9722130.000000 15.000000
5 9722564.000000 71.000000
5 9723115.000000 41.000000
2 9723629.000000 15.000000
2 9724241.000000 15.000000
3 9724802.000000 15.000000
3 9725277.000000 15.000000
6 9725729.000000 10.000000
2 9726989.000000 15.000000
3 9727481.000000 15.000000
1 9727964.000000 15.000000
1 9728509.000000 15.000000
3 9729008.000000 15.000000
2 9729575.000000 15.000000
4 9730003.000000 15.000000
2 9730601.000000 15.000000
1 9731101.000000 15.000000
5 9731572.000000 64.000000
6 9732113.000000 10.000000
4 9733499.000000 15.000000
4 9734011.000000 15.000000
2 9734550.000000 15.000000
0 9735133.000000 15.000000
1 9735713.000000 15.000000
4 9736143.000000 15.000000
5 9736783.000000 52.000000
0 9737285.000000 15.000000
1 9737749.000000 15.000000
2 9738234.000000 15.000000
6 9738718.000000 10.000000
0 9740043.000000 15.000000
1 9740655.000000 15.000000
2 9741276.000000 15.000000
1 9741721.000000 15.000000
5 9742339.000000 58.000000
4 9742794.000000 15.000000
0 9743374.000000 15.000000
2 9743958.000000 15.000000
2 9744522.000000 15.000000
5 9745089.000000 25.000000
6 9745572.000000 10.000000
1 9746847.000000 15.000000
1 9747393.000000 15.000000
0 9747911.000000 15.000000
0 9748503.000000 15.000000
2 9749049.000000 15.000000
0 9749642.000000 15.000000
5 9750091.000000 60.000000
1 9750680.000000 15.000000
3 9751238.000000 15.000000
5 9751774.000000 50.000000
6 9752345.000000 10.000000
1 9753614.000000 15.000000
3 9754221.000000 15.000000
2 9754733.000000 15.000000
5 9755220.000000 47.000000
2 9755680.000000 15.000000
1 9756292.000000 15.000000
4 9756786.000000 15.000000
4 9757264.000000 15.000000
4 9757866.000000 15.000000
2 9758423.000000 15.000000
6 9758845.000000 10.000000
2 9760138.000000 15.000000
5 9760607.000000 74.000000
5 9761243.000000 24.000000
3 9761828.000000 15.000000
2 9762441.000000 15.000000
0 9762940.000000 15.000000
5 9763509.000000 54.000000
4 9764014.000000 15.000000
0 9764635.000000 15.000000
2 9765197.000000 15.000000
6 9765704.000000 10.000000
2 9766935.000000 15.000000
1 9767482.000000 15.000000
0 9768020.000000 15.000000
5 9768559.000000 26.000000
5 9769192.000000 74.000000
2 9769761.000000 15.000000
3 9770205.000000 15.000000
0 9770850.000000 15.000000
4 9771432.000000 15.000000
5 9772014.000000 73.000000
6 9772521.000000 10.000000
3 9773869.000000 15.000000
2 9774502.000000 15.000000
2 9775040.000000 15.000000
0 9775556.000000 15.000000
5 9776013.000000 39.000000
3 9776644.000000 15.000000
3 9777156.000000 15.000000
5 9777623.000000 59.000000
0 9778218.000000 15.000000
4 9778798.000000 15.000000
6 9779298.000000 10.000000
1 9780674.000000 15.000000
0 9781125.000000 15.000000
2 9781630.000000 15.000000
2 9782178.000000 15.000000
2 9782729.000000 15.000000
1 9783147.000000 15.000000
3 9783730.000000 15.000000
0 9784303.000000 15.000000
0 9784798.000000 15.000000
0 9785299.000000 15.000000
6 9785870.000000 10.000000
1 9787137.000000 15.000000
1 9787671.000000 15.000000
5 9788103.000000 80.000000
2 9788674.000000 15.000000
0 9789175.000000 15.000000
4 9789741.000000 15.000000
5 9790380.000000 21.000000
0 9790907.000000 15.000000
3 9791524.000000 15.000000
2 9792144.000000 15.000000
6 9792631.000000 10.000000
4 9793980.000000 15.000000
0 9794623.000000 15.000000
4 9795211.000000 15.000000
0 9795861.000000 15.000000
1 9796400.000000 15.000000
1 9796979.000000 15.000000
2 9797482.000000 15.000000
2 9798065.000000 15.000000
1 9798671.000000 15.000000
1 9799270.000000 15.000000
6 9799849.000000 10.000000
5 9801120.000000 46.000000
1 9801709.000000 15.000000
3 9802157.000000 15.000000
1 9802713.000000 15.000000
3 9803255.000000 15.000000
4 9803886.000000 15.000000
4 9804465.000000 15.000000
2 9805125.000000 15.000000
1 9805590.000000 15.000000
0 9806075.000000 15.000000
6 9806613.000000 10.000000
0 9807961.000000 15.000000
2 9808451.000000 15.000000
1 9808923.000000 15.000000
3 9809359.000000 15.000000
0 9809898.000000 15.000000
3 9810380.000000 15.000000
1 9810872.000000 15.000000
5 9811337.000000 81.000000
3 9811867.000000 15.000000
3 9812404.000000 15.000000
6 9812863.000000 10.000000
5 9814115.000000 41.000000
0 9814688.000000 15.000000
0 9815310.000000 15.000000
3 9815784.000000 15.000000
5 9816294.000000 29.000000
0 9816740.000000 15.000000
4 9817280.000000 15.000000
2 9817847.000000 15.000000
4 9818275.000000 15.000000
3 9818876.000000 15.000000
6 9819472.000000 10.000000
5 9820880.000000 36.000000
3 9821485.000000 15.000000
2 9822083.000000 15.000000
1 9822525.000000 15.000000
5 9822976.000000 28.000000
3 9823478.000000 15.000000
4 9824014.000000 15.000000
3 9824488.000000 15.000000
1 9824978.000000 15.000000
3 9825572.000000 15.000000
6 9826185.000000 10.000000
4 9827592.000000 15.000000
0 9828147.000000 15.000000
2 9828646.000000 15.000000
4 9829091.000000 15.000000
2 9829696.000000 15.000000
1 9830234.000000 15.000000
0 9830693.000000 15.000000
4 9831188.000000 15.000000
1 9831804.000000 15.000000
1 9832408.000000 15.000000
6 9832906.000000 10.000000
1 9834123.000000 15.000000
5 9834597.000000 29.000000
4 9835136.000000 15.000000
4 9835699.000000 15.000000
1 9836286.000000 15.000000
2 9836746.000000 15.000000
0 9837202.000000 15.000000
3 9837726.000000 15.000000
4 9838219.000000 15.000000
3 9838878.000000 15.000000
6 9839473.000000 10.000000
5 9840703.000000 37.000000
5 9841228.000000 57.000000
5 9841779.000000 20.000000
3 9842278.000000 15.000000
1 9842873.000000 15.000000
1 9843364.000000 15.000000
0 9843830.000000 15.000000
1 9844384.000000 15.000000
4 9844821.000000 15.000000
0 9845441.000000 15.000000
6 9845958.000000 10.000000
5 9847319.000000 26.000000
2 9847795.000000 15.000000
1 9848266.000000 15.000000
4 9848714.000000 15.000000
3 9849369.000000 15.000000
1 9849827.000000 15.000000
1 9850255.000000 15.000000
4 9850841.000000 15.000000
5 9851441.000000 34.000000
3 9852025.000000 15.000000
6 9852508.000000 10.000000
2 9853732.000000 15.000000
1 9854191.000000 15.000000
3 9854687.000000 15.000000
4 9855224.000000 15.000000
5 9855801.000000 34.000000
3 9856267.000000 15.000000
2 9856786.000000 15.000000
1 9857265.000000 15.000000
3 9857811.000000 15.000000
2 9858378.000000 15.000000
6 9858819.000000 10.000000
3 9860070.000000 15.000000
5 9860600.000000 33.000000
5 9861240.000000 66.000000
0 9861726.000000 15.000000
0 9862200.000000 15.000000
0 9862704.000000 15.000000
1 9863185.000000 15.000000
4 9863636.000000 15.000000
1 9864270.000000 15.000000
1 9864747.000000 15.000000
6 9865293.000000 10.000000
4 9866653.000000 15.000000
4 9867215.000000 15.000000
2 9867875.000000 15.000000
5 9868433.000000 54.000000
2 9868921.000000 15.000000
4 9869406.000000 15.000000
4 9870056.000000 15.000000
4 9870670.000000 15.000000
1 9871266.000000 15.000000
1 9871743.000000 15.000000
6 9872210.000000 10.000000
1 9873578.000000 15.000000
1 9874058.000000 15.000000
4 9874594.000000 15.000000
4 9875086.000000 15.000000
5 9875561.000000 65.000000
4 9876097.000000 15.000000
1 9876629.000000 15.000000
0 9877080.000000 15.000000
3 9877616.000000 15.000000
0 9878136.000000 15.000000
6 9878585.000000 10.000000
0 9879899.000000 15.000000
0 9880338.000000 15.000000
2 9880890.000000 15.000000
2 9881333.000000 15.000000
4 9881881.000000 15.000000
1 9882411.000000 15.000000
0 9883025.000000 15.000000
4 9883615.000000 15.000000
1 9884178.000000 15.000000
3 9884720.000000 15.000000
6 9885347.000000 10.000000
4 9886588.000000 15.000000
2 9887173.000000 15.000000
4 9887675.000000 15.000000
0 9888259.000000 15.000000
3 9888789.000000 15.000000
1 9889395.000000 15.000000
0 9889908.000000 15.000000
0 9890472.000000 15.000000
1 9890910.000000 15.000000
3 9891472.000000 15.000000
6 9892003.000000 10.000000
3 9893284.000000 15.000000
0 9893903.000000 15.000000
4 9894350.000000 15.000000
2 9894999.000000 15.000000
3 9895567.000000 15.000000
0 9896054.000000 15.000000
4 9896662.000000 15.000000
1 9897232.000000 15.000000
1 9897796.000000 15.000000
1 9898267.000000 15.000000
6 9898745.000000 10.000000
1 9899986.000000 15.000000
0 9900495.000000 15.000000
1 9901108.000000 15.000000
2 9901597.000000 15.000000
2 9902143.000000 15.000000
0 9902747.000000 15.000000
0 9903322.000000 15.000000
3 9903861.000000 15.000000
0 9904439.000000 15.000000
1 9905001.000000 15.000000
6 9905472.000000 10.000000
0 9906792.000000 15.000000
1 9907241.000000 15.000000
4 9907773.000000 15.000000
2 9908305.000000 15.000000
0 9908915.000000 15.000000
5 9909543.000000 60.000000
3 9910130.000000 15.000000
0 9910733.000000 15.000000
0 9911344.000000 15.000000
0 9911821.000000 15.000000
6 9912345.000000 10.000000
2 9913584.000000 15.000000
1 9914112.000000 15.000000
2 9914589.000000 15.000000
1 9915117.000000 15.000000
4 9915585.000000 15.000000
3 9916071.000000 15.000000
0 9916649.000000 15.000000
3 9917114.000000 15.000000
5 9917691.000000 29.000000
3 9918135.000000 15.000000
6 9918611.000000 10.000000
4 9920012.000000 15.000000
5 9920510.000000 80.000000
5 9920960.000000 47.000000
5 9921529.000000 37.000000
1 9922037.000000 15.000000
0 9922590.000000 15.000000
2 9923161.000000 15.000000
1 9923697.000000 15.000000
1 9924299.000000 15.000000
5 9924768.000000 32.000000
6 9925403.000000 10.000000
3 9926669.000000 15.000000
3 9927227.000000 15.000000
0 9927723.000000 15.000000
2 9928314.000000 15.000000
2 9928871.000000 15.000000
5 9929479.000000 69.000000
2 9930112.000000 15.000000
4 9930631.000000 15.000000
2 9931264.000000 15.000000
1 9931759.000000 15.000000
6 9932378.000000 10.000000
4 9933765.000000 15.000000
0 9934308.000000 15.000000
0 9934870.000000 15.000000
0 9935488.000000 15.000000
2 9936000.000000 15.000000
1 9936429.000000 15.000000
1 9936994.000000 15.000000
4 9937584.000000 15.000000
3 9938111.000000 15.000000
4 9938560.000000 15.000000
6 9939211.000000 10.000000
2 9940424.000000 15.000000
1 9941008.000000 15.000000
4 9941549.000000 15.000000
4 9942053.000000 15.000000
5 9942654.000000 64.000000
4 9943154.000000 15.000000
2 9943674.000000 15.000000
5 9944281.000000 79.000000
0 9944834.000000 15.000000
3 9945406.000000 15.000000
6 9945961.000000 10.000000
0 9947252.000000 15.000000
0 9947709.000000 15.000000
3 9948152.000000 15.000000
4 9948762.000000 15.000000
2 9949251.000000 15.000000
2 9949670.000000 15.000000
2 9950209.000000 15.000000
4 9950741.000000 15.000000
5 9951298.000000 72.000000
4 9951859.000000 15.000000
6 9952498.000000 10.000000
5 9953751.000000 24.000000
1 9954322.000000 15.000000
4 9954897.000000 15.000000
2 9955453.000000 15.000000
3 9955922.000000 15.000000
3 9956511.000000 15.000000
4 9957017.000000 15.000000
3 9957605.000000 15.000000
2 9958117.000000 15.000000
4 9958534.000000 15.000000
6 9959019.000000 10.000000
0 9960399.000000 15.000000
3 9960863.000000 15.000000
2 9961369.000000 15.000000
2 9961928.000000 15.000000
1 9962524.000000 15.000000
4 9963054.000000 15.000000
0 9963597.000000 15.000000
0 9964172.000000 15.000000
4 9964694.000000 15.000000
2 9965193.000000 15.000000
6 9965680.000000 10.000000
0 9966940.000000 15.000000
3 9967405.000000 15.000000
1 9967897.000000 15.000000
2 9968500.000000 15.000000
1 9969094.000000 15.000000
4 9969620.000000 15.000000
0 9970160.000000 15.000000
5 9970671.000000 36.000000
2 9971156.000000 15.000000
2 9971722.000000 15.000000
6 9972326.000000 10.000000
4 9973537.000000 15.000000
0 9974056.000000 15.000000
5 9974669.000000 69.000000
3 9975157.000000 15.000000
4 9975715.000000 15.000000
1 9976355.000000 15.000000
2 9976863.000000 15.000000
4 9977304.000000 15.000000
3 9977938.000000 15.000000
1 9978556.000000 15.000000
6 9979142.000000 10.000000
4 9980420.000000 15.000000
5 9980959.000000 26.000000
5 9981590.000000 56.000000
0 9982216.000000 15.000000
1 9982843.000000 15.000000
3 9983270.000000 15.000000
3 9983761.000000 15.000000
0 9984289.000000 15.000000
4 9984723.000000 15.000000
0 9985207.000000 15.000000
6 9985658.000000 10.000000
1 9987011.000000 15.000000
4 9987580.000000 15.000000
2 9988244.000000 15.000000
0 9988665.000000 15.000000
0 9989277.000000 15.000000
1 9989848.000000 15.000000
5 9990355.000000 66.000000
4 9990827.000000 15.000000
0 9991390.000000 15.000000
3 9991896.000000 15.000000
6 9992531.000000 10.000000
0 9993806.000000 15.000000
2 9994257.000000 15.000000
2 9994720.000000 15.000000
2 9995301.000000 15.000000
0 9995783.000000 15.000000
2 9996279.000000 15.000000
2 9996703.000000 15.000000
5 9997207.000000 50.000000
0 9997803.000000 15.000000
3 9998423.000000 15.000000
6 9999044.000000 10.000000
0 10000431.000000 15.000000
4 10000869.000000 15.000000
2 10001349.000000 15.000000
3 10001825.000000 15.000000
0 10002419.000000 15.000000
2 10002852.000000 15.000000
3 10003392.000000 15.000000
0 10004006.000000 15.000000
1 10004523.000000 15.000000
3 10005030.000000 15.000000
6 10005549.000000 10.000000
0 10006846.000000 15.000000
2 10007355.000000 15.000000
1 10007937.000000 15.000000
5 10008509.000000 35.000000
3 10009006.000000 15.000000
2 10009612.000000 15.000000
0 10010150.000000 15.000000
5 10010628.000000 55.000000
3 10011214.000000 15.000000
2 10011796.000000 15.000000
6 10012347.000000 10.000000
2 10013577.000000 15.000000
5 10014016.000000 40.000000
2 10014563.000000 15.000000
4 10015170.000000 15.000000
4 10015824.000000 15.000000
4 10016362.000000 15.000000
1 10016911.000000 15.000000
4 10017416.000000 15.000000
5 10018048.000000 62.000000
5 10018688.000000 31.000000
6 10019242.000000 10.000000
4 10020475.000000 15.000000
1 10021056.000000 15.000000
5 10021646.000000 55.000000
3 10022201.000000 15.000000
3 10022778.000000 15.000000
2 10023280.000000 15.000000
3 10023889.000000 15.000000
5 10024524.000000 82.000000
4 10025114.000000 15.000000
4 10025698.000000 15.000000
6 10026191.000000 10.000000
2 10027547.000000 15.000000
5 10028106.000000 34.000000
5 10028705.000000 75.000000
3 10029284.000000 15.000000
1 10029739.000000 15.000000
1 10030246.000000 15.000000
2 10030749.000000 15.000000
0 10031177.000000 15.000000
4 10031711.000000 15.000000
4 10032346.000000 15.000000
6 10032962.000000 10.000000
4 10034260.000000 15.000000
4 10034862.000000 15.000000
2 10035529.000000 15.000000
2 10036129.000000 15.000000
4 10036718.000000 15.000000
4 10037387.000000 15.000000
3 10037965.000000 15.000000
1 10038521.000000 15.000000
4 10038989.000000 15.000000
1 10039657.000000 15.000000
6 10040178.000000 10.000000
3 10041506.000000 15.000000
3 10042048.000000 15.000000
3 10042624.000000 15.000000
1 10043127.000000 15.000000
5 10043740.000000 47.000000
3 10044242.000000 15.000000
3 10044720.000000 15.000000
4 10045224.000000 15.000000
3 10045824.000000 15.000000
4 10046432.000000 15.000000
6 10046969.000000 10.000000
0 10048291.000000 15.000000
2 10048837.000000 15.000000
0 10049374.000000 15.000000
3 10049895.000000 15.000000
3 10050453.000000 15.000000
3 10051043.000000 15.000000
4 10051622.000000 15.000000
3 10052238.000000 15.000000
2 10052884.000000 15.000000
4 10053381.000000 15.000000
6 10053854.000000 10.000000
3 10055139.000000 15.000000
4 10055724.000000 15.000000
2 10056256.000000 15.000000
0 10056792.000000 15.000000
2 10057340.000000 15.000000
2 10057800.000000 15.000000
3 10058284.000000 15.000000
0 10058909.000000 15.000000
4 10059465.000000 15.000000
3 10059941.000000 15.000000
6 10060541.000000 10.000000
0 10061928.000000 15.000000
0 10062510.000000 15.000000
4 10063036.000000 15.000000
1 10063627.000000 15.000000
5 10064191.000000 72.000000
2 10064653.000000 15.000000
2 10065222.000000 15.000000
2 10065693.000000 15.000000
4 10066148.000000 15.000000
1 10066675.000000 15.000000
6 10067145.000000 10.000000
3 10068406.000000 15.000000
3 10068889.000000 15.000000
1 10069454.000000 15.000000
3 10069943.000000 15.000000
4 10070431.000000 15.000000
5 10070955.000000 74.000000
1 10071512.000000 15.000000
1 10072001.000000 15.000000
0 10072485.000000 15.000000
1 10073062.000000 15.000000
6 10073677.000000 10.000000
1 10074960.000000 15.000000
4 10075444.000000 15.000000
5 10076006.000000 83.000000
5 10076532.000000 44.000000
3 10077146.000000 15.000000
1 10077706.000000 15.000000
5 10078278.000000 68.000000
3 10078831.000000 15.000000
3 10079325.000000 15.000000
0 10079880.000000 15.000000
6 10080447.000000 10.000000
5 10081751.000000 43.000000
0 10082215.000000 15.000000
5 10082759.000000 67.000000
0 10083239.000000 15.000000
2 10083845.000000 15.000000
5 10084386.000000 58.000000
4 10084891.000000 15.000000
2 10085459.000000 15.000000
0 10085889.000000 15.000000
5 10086410.000000 68.000000
6 10086867.000000 10.000000
2 10088131.000000 15.000000
5 10088646.000000 76.000000
2 10089267.000000 15.000000
5 10089682.000000 28.000000
3 10090274.000000 15.000000
2 10090741.000000 15.000000
1 10091226.000000 15.000000
0 10091748.000000 15.000000
3 10092213.000000 15.000000
4 10092721.000000 15.000000
6 10093331.000000 10.000000
3 10094716.000000 15.000000
0 10095321.000000 15.000000
0 10095876.000000 15.000000
4 10096470.000000 15.000000
4 10097055.000000 15.000000
2 10097546.000000 15.000000
1 10097985.000000 15.000000
5 10098575.000000 67.000000
2 10099147.000000 15.000000
3 10099708.000000 15.000000
6 10100183.000000 10.000000
4 10101521.000000 15.000000
0 10102081.000000 15.000000
3 10102523.000000 15.000000
4 10103135.000000 15.000000
2 10103783.000000 15.000000
1 10104287.000000 15.000000
5 10104890.000000 41.000000
1 10105342.000000 15.000000
3 10105845.000000 15.000000
0 10106411.000000 15.000000
6 10107017.000000 10.000000
2 10108314.000000 15.000000
3 10108884.000000 15.000000
5 10109387.000000 30.000000
2 10109834.000000 15.000000
4 10110333.000000 15.000000
1 10110949.000000 15.000000
4 10111379.000000 15.000000
1 10112026.000000 15.000000
4 10112541.000000 15.000000
4 10113186.000000 15.000000
6 10113849.000000 10.000000
0 10115139.000000 15.000000
2 10115647.000000 15.000000
0 10116147.000000 15.000000
2 10116743.000000 15.000000
5 10117326.000000 84.000000
1 10117825.000000 15.000000
0 10118371.000000 15.000000
4 10118822.000000 15.000000
1 10119371.000000 15.000000
5 10119798.000000 31.000000
6 10120432.000000 10.000000
5 10121821.000000 55.000000
3 10122333.000000 15.000000
5 10122878.000000 72.000000
4 10123475.000000 15.000000
5 10124144.000000 73.000000
4 10124774.000000 15.000000
0 10125283.000000 15.000000
2 10125781.000000 15.000000
5 10126329.000000 37.000000
0 10126941.000000 15.000000
6 10127530.000000 10.000000
1 10128869.000000 15.000000
2 10129491.000000 15.000000
0 10130042.000000 15.000000
3 10130641.000000 15.000000
1 10131219.000000 15.000000
2 10131691.000000 15.000000
2 10132277.000000 15.000000
1 10132817.000000 15.000000
2 10133270.000000 15.000000
5 10133839.000000 26.000000
6 10134281.000000 10.000000
0 10135652.000000 15.000000
2 10136222.000000 15.000000
1 10136729.000000 15.000000
2 10137165.000000 15.000000
5 10137682.000000 31.000000
5 10138137.000000 84.000000
4 10138641.000000 15.000000
4 10139239.000000 15.000000
2 10139844.000000 15.000000
5 10140393.000000 37.000000
6 10140948.000000 10.000000
5 10142335.000000 48.000000
3 10142845.000000 15.000000
2 10143380.000000 15.000000
1 10143922.000000 15.000000
4 10144496.000000 15.000000
3 10145132.000000 15.000000
0 10145613.000000 15.000000
2 10146222.000000 15.000000
0 10146651.000000 15.000000
1 10147248.000000 15.000000
6 10147856.000000 10.000000
0 10149241.000000 15.000000
0 10149836.000000 15.000000
1 10150301.000000 15.000000
1 10150912.000000 15.000000
2 10151490.000000 15.000000
0 10152055.000000 15.000000
3 10152663.000000 15.000000
0 10153142.000000 15.000000
4 10153713.000000 15.000000
4 10154314.000000 15.000000
6 10154950.000000 10.000000
1 10156314.000000 15.000000
5 10156817.000000 58.000000
3 10157422.000000 15.000000
5 10157968.000000 72.000000
5 10158418.000000 35.000000
1 10158861.000000 15.000000
0 10159430.000000 15.000000
3 10160025.000000 15.000000
4 10160618.000000 15.000000
2 10161153.000000 15.000000
6 10161711.000000 10.000000
5 10162947.000000 71.000000
5 10163502.000000 66.000000
3 10163995.000000 15.000000
3 10164448.000000 15.000000
4 10164937.000000 15.000000
3 10165452.000000 15.000000
1 10165911.000000 15.000000
3 10166437.000000 15.000000
5 10167024.000000 23.000000
2 10167506.000000 15.000000
6 10168117.000000 10.000000
5 10169487.000000 66.000000
3 10170011.000000 15.000000
4 10170540.000000 15.000000
1 10171187.000000 15.000000
4 10171664.000000 15.000000
3 10172189.000000 15.000000
2 10172741.000000 15.000000
5 10173219.000000 30.000000
0 10173669.000000 15.000000
1 10174264.000000 15.000000
6 10174857.000000 10.000000
3 10176264.000000 15.000000
3 10176884.000000 15.000000
5 10177375.000000 32.000000
0 10177980.000000 15.000000
3 10178595.000000 15.000000
3 10179093.000000 15.000000
5 10179551.000000 26.000000
2 10180028.000000 15.000000
5 10180555.000000 71.000000
0 10181189.000000 15.000000
6 10181719.000000 10.000000
0 10182938.000000 15.000000
2 10183520.000000 15.000000
4 10183953.000000 15.000000
5 10184461.000000 42.000000
3 10185046.000000 15.000000
1 10185660.000000 15.000000
5 10186181.000000 31.000000
3 10186634.000000 15.000000
4 10187219.000000 15.000000
0 10187868.000000 15.000000
6 10188450.000000 10.000000
2 10189728.000000 15.000000
0 10190206.000000 15.000000
1 10190808.000000 15.000000
3 10191290.000000 15.000000
4 10191782.000000 15.000000
2 10192376.000000 15.000000
3 10192935.000000 15.000000
2 10193568.000000 15.000000
4 10194112.000000 15.000000
5 10194629.000000 44.000000
6 10195245.000000 10.000000
0 10196574.000000 15.000000
1 10197020.000000 15.000000
1 10197639.000000 15.000000
1 10198097.000000 15.000000
1 10198648.000000 15.000000
3 10199188.000000 15.000000
3 10199711.000000 15.000000
5 10200214.000000 56.000000
0 10200851.000000 15.000000
0 10201437.000000 15.000000
6 10201975.000000 10.000000
3 10203274.000000 15.000000
5 10203758.000000 47.000000
5 10204354.000000 28.000000
3 10204964.000000 15.000000
5 10205580.000000 37.000000
0 10206219.000000 15.000000
5 10206741.000000 53.000000
2 10207237.000000 15.000000
2 10207843.000000 15.000000
0 10208399.000000 15.000000
6 10208919.000000 10.000000
3 10210238.000000 15.000000
4 10210810.000000 15.000000
5 10211356.000000 62.000000
0 10211959.000000 15.000000
1 10212437.000000 15.000000
2 10213035.000000 15.000000
3 10213591.000000 15.000000
5 10214181.000000 62.000000
5 10214631.000000 58.000000
0 10215127.000000 15.000000
6 10215632.000000 10.000000
3 10216988.000000 15.000000
3 10217507.000000 15.000000
4 10217983.000000 15.000000
3 10218519.000000 15.000000
3 10219126.000000 15.000000
4 10219645.000000 15.000000
3 10220260.000000 15.000000
0 10220742.000000 15.000000
1 10221246.000000 15.000000
5 10221697.000000 49.000000
6 10222193.000000 10.000000
0 10223522.000000 15.000000
3 10223979.000000 15.000000
5 10224516.000000 44.000000
4 10225001.000000 15.000000
0 10225667.000000 15.000000
5 10226227.000000 43.000000
0 10226734.000000 15.000000
5 10227318.000000 52.000000
2 10227871.000000 15.000000
0 10228329.000000 15.000000
6 10228892.000000 10.000000
0 10230139.000000 15.000000
4 10230765.000000 15.000000
1 10231363.000000 15.000000
3 10231799.000000 15.000000
5 10232389.000000 56.000000
3 10233003.000000 15.000000
3 10233564.000000 15.000000
1 10234204.000000 15.000000
5 10234771.000000 43.000000
4 10235222.000000 15.000000
6 10235859.000000 10.000000
1 10237239.000000 15.000000
4 10237786.000000 15.000000
3 10238301.000000 15.000000
5 10238897.000000 65.000000
3 10239513.000000 15.000000
2 10240013.000000 15.000000
1 10240527.000000 15.000000
4 10241019.000000 15.000000
3 10241655.000000 15.000000
1 10242172.000000 15.000000
6 10242697.000000 10.000000
1 10244012.000000 15.000000
0 10244510.000000 15.000000
2 10245010.000000 15.000000
5 10245502.000000 47.000000
0 10246051.000000 15.000000
4 10246665.000000 15.000000
1 10247301.000000 15.000000
2 10247799.000000 15.000000
4 10248334.000000 15.000000
1 10248908.000000 15.000000
6 10249430.000000 10.000000
2 10250827.000000 15.000000
4 10251282.000000 15.000000
0 10251894.000000 15.000000
4 10252425.000000 15.000000
0 10252964.000000 15.000000
4 10253492.000000 15.000000
3 10254020.000000 15.000000
5 10254584.000000 65.000000
4 10255174.000000 15.000000
1 10255686.000000 15.000000
6 10256148.000000 10.000000
0 10257534.000000 15.000000
5 10258115.000000 39.000000
2 10258598.000000 15.000000
0 10259046.000000 15.000000
1 10259674.000000 15.000000
5 10260116.000000 41.000000
4 10260716.000000 15.000000
3 10261191.000000 15.000000
4 10261809.000000 15.000000
5 10262352.000000 82.000000
6 10262980.000000 10.000000
0 10264237.000000 15.000000
4 10264793.000000 15.000000
2 10265372.000000 15.000000
4 10265895.000000 15.000000
5 10266375.000000 70.000000
0 10266994.000000 15.000000
3 10267578.000000 15.000000
5 10268045.000000 62.000000
3 10268671.000000 15.000000
3 10269315.000000 15.000000
6 10269926.000000 10.000000
1 10271137.000000 15.000000
5 10271701.000000 64.000000
1 10272251.000000 15.000000
0 10272750.000000 15.000000
3 10273229.000000 15.000000
3 10273872.000000 15.000000
5 10274428.000000 61.000000
3 10274882.000000 15.000000
2 10275343.000000 15.000000
2 10275821.000000 15.000000
6 10276421.000000 10.000000
2 10277664.000000 15.000000
3 10278188.000000 15.000000
5 10278653.000000 26.000000
4 10279261.000000 15.000000
2 10279738.000000 15.000000
4 10280216.000000 15.000000
0 10280884.000000 15.000000
1 10281441.000000 15.000000
2 10281872.000000 15.000000
2 10282388.000000 15.000000
6 10282808.000000 10.000000
5 10284184.000000 31.000000
5 10284660.000000 49.000000
2 10285164.000000 15.000000
4 10285699.000000 15.000000
4 10286310.000000 15.000000
1 10286868.000000 15.000000
1 10287419.000000 15.000000
3 10287852.000000 15.000000
4 10288319.000000 15.000000
4 10288947.000000 15.000000
6 10289542.000000 10.000000
3 10290790.000000 15.000000
2 10291371.000000 15.000000
4 10291955.000000 15.000000
4 10292492.000000 15.000000
2 10293053.000000 15.000000
0 10293605.000000 15.000000
1 10294224.000000 15.000000
4 10294692.000000 15.000000
5 10295364.000000 26.000000
4 10295916.000000 15.000000
6 10296419.000000 10.000000
4 10297794.000000 15.000000
0 10298410.000000 15.000000
3 10298921.000000 15.000000
1 10299434.000000 15.000000
2 10299928.000000 15.000000
0 10300425.000000 15.000000
5 10300992.000000 30.000000
4 10301536.000000 15.000000
1 10302153.000000 15.000000
2 10302758.000000 15.000000
6 10303338.000000 10.000000
2 10304659.000000 15.000000
1 10305172.000000 15.000000
0 10305764.000000 15.000000
5 10306263.000000 62.000000
4 10306848.000000 15.000000
3 10307491.000000 15.000000
4 10308018.000000 15.000000
3 10308493.000000 15.000000
5 10309090.000000 68.000000
2 10309729.000000 15.000000
6 10310217.000000 10.000000
2 10311493.000000 15.000000
4 10312082.000000 15.000000
1 10312580.000000 15.000000
5 10313071.000000 82.000000
3 10313520.000000 15.000000
0 10313982.000000 15.000000
2 10314534.000000 15.000000
2 10315137.000000 15.000000
4 10315672.000000 15.000000
4 10316277.000000 15.000000
6 10316809.000000 10.000000
5 10318082.000000 42.000000
5 10318614.000000 50.000000
1 10319096.000000 15.000000
3 10319688.000000 15.000000
4 10320163.000000 15.000000
4 10320646.000000 15.000000
4 10321133.000000 15.000000
2 10321609.000000 15.000000
2 10322204.000000 15.000000
0 10322683.000000 15.000000
6 10323273.000000 10.000000
4 10324606.000000 15.000000
3 10325132.000000 15.000000
3 10325662.000000 15.000000
3 10326275.000000 15.000000
0 10326918.000000 15.000000
3 10327409.000000 15.000000
3 10327987.000000 15.000000
0 10328526.000000 15.000000
5 10329083.000000 30.000000
1 10329639.000000 15.000000
6 10330186.000000 10.000000
2 10331470.000000 15.000000
4 10331941.000000 15.000000
1 10332533.000000 15.000000
2 10333109.000000 15.000000
1 10333712.000000 15.000000
1 10334161.000000 15.000000
5 10334780.000000 46.000000
4 10335336.000000 15.000000
5 10335834.000000 51.000000
5 10336287.000000 50.000000
6 10336833.000000 10.000000
4 10338169.000000 15.000000
0 10338780.000000 15.000000
4 10339217.000000 15.000000
4 10339887.000000 15.000000
4 10340400.000000 15.000000
4 10340885.000000 15.000000
4 10341485.000000 15.000000
3 10342000.000000 15.000000
2 10342561.000000 15.000000
1 10343038.000000 15.000000
6 10343520.000000 10.000000
4 10344812.000000 15.000000
4 10345288.000000 15.000000
2 10345765.000000 15.000000
0 10346213.000000 15.000000
2 10346675.000000 15.000000
1 10347223.000000 15.000000
0 10347656.000000 15.000000
5 10348198.000000 64.000000
5 10348646.000000 61.000000
2 10349233.000000 15.000000
6 10349802.000000 10.000000
0 10351079.000000 15.000000
3 10351694.000000 15.000000
2 10352337.000000 15.000000
5 10352918.000000 54.000000
3 10353459.000000 15.000000
1 10354025.000000 15.000000
1 10354608.000000 15.000000
4 10355094.000000 15.000000
2 10355592.000000 15.000000
1 10356071.000000 15.000000
6 10356522.000000 10.000000
0 10357744.000000 15.000000
5 10358320.000000 71.000000
5 10358773.000000 38.000000
2 10359361.000000 15.000000
5 10359852.000000 47.000000
4 10360407.000000 15.000000
4 10360908.000000 15.000000
2 10361404.000000 15.000000
1 10361852.000000 15.000000
5 10362473.000000 60.000000
6 10363096.000000 10.000000
3 10364499.000000 15.000000
0 10365038.000000 15.000000
1 10365484.000000 15.000000
0 10365944.000000 15.000000
3 10366511.000000 15.000000
5 10367069.000000 81.000000
1 10367640.000000 15.000000
4 10368188.000000 15.000000
1 10368815.000000 15.000000
4 10369417.000000 15.000000
6 10369965.000000 10.000000
0 10371186.000000 15.000000
5 10371652.000000 33.000000
2 10372253.000000 15.000000
3 10372770.000000 15.000000
0 10373257.000000 15.000000
5 10373877.000000 28.000000
4 10374325.000000 15.000000
2 10374961.000000 15.000000
3 10375483.000000 15.000000
3 10375991.000000 15.000000
6 10376562.000000 10.000000
4 10377931.000000 15.000000
2 10378478.000000 15.000000
4 10378898.000000 15.000000
2 10379437.000000 15.000000
1 10379944.000000 15.000000
1 10380407.000000 15.000000
1 10381004.000000 15.000000
4 10381515.000000 15.000000
1 10382128.000000 15.000000
2 10382658.000000 15.000000
6 10383191.000000 10.000000
2 10384509.000000 15.000000
1 10385107.000000 15.000000
3 10385533.000000 15.000000
5 10386043.000000 25.000000
0 10386638.000000 15.000000
4 10387174.000000 15.000000
1 10387705.000000 15.000000
4 10388301.000000 15.000000
3 10388810.000000 15.000000
4 10389440.000000 15.000000
6 10389959.000000 10.000000
5 10391257.000000 38.000000
2 10391753.000000 15.000000
2 10392274.000000 15.000000
0 10392856.000000 15.000000
1 10393349.000000 15.000000
1 10393952.000000 15.000000
5 10394389.000000 20.000000
0 10394933.000000 15.000000
0 10395522.000000 15.000000
5 10396126.000000 34.000000
6 10396619.000000 10.000000
3 10397917.000000 15.000000
4 10398518.000000 15.000000
2 10399115.000000 15.000000
4 10399571.000000 15.000000
2 10400144.000000 15.000000
4 10400585.000000 15.000000
2 10401110.000000 15.000000
2 10401706.000000 15.000000
5 10402271.000000 26.000000
3 10402848.000000 15.000000
6 10403474.000000 10.000000
5 10404807.000000 46.000000
3 10405372.000000 15.000000
5 10405935.000000 23.000000
3 10406482.000000 15.000000
1 10406955.000000 15.000000
5 10407478.000000 39.000000
2 10407945.000000 15.000000
2 10408408.000000 15.000000
1 10408962.000000 15.000000
5 10409500.000000 58.000000
6 10410028.000000 10.000000
0 10411287.000000 15.000000
4 10411761.000000 15.000000
4 10412298.000000 15.000000
1 10412957.000000 15.000000
1 10413549.000000 15.000000
2 10414107.000000 15.000000
1 10414567.000000 15.000000
4 10415128.000000 15.000000
0 10415703.000000 15.000000
2 10416272.000000 15.000000
6 10416810.000000 10.000000
5 10418146.000000 38.000000
4 10418778.000000 15.000000
1 10419251.000000 15.000000
2 10419811.000000 15.000000
3 10420325.000000 15.000000
4 10420805.000000 15.000000
5 10421343.000000 21.000000
1 10421932.000000 15.000000
5 10422552.000000 77.000000
2 10423048.000000 15.000000
6 10423480.000000 10.000000
1 10424868.000000 15.000000
2 10425382.000000 15.000000
2 10425849.000000 15.000000
4 10426378.000000 15.000000
5 10426855.000000 52.000000
1 10427466.000000 15.000000
4 10428028.000000 15.000000
4 10428658.000000 15.000000
3 10429204.000000 15.000000
5 10429809.000000 60.000000
6 10430357.000000 10.000000
5 10431576.000000 28.000000
2 10432092.000000 15.000000
0 10432509.000000 15.000000
4 10433001.000000 15.000000
2 10433665.000000 15.000000
1 10434111.000000 15.000000
5 10434582.000000 46.000000
3 10435161.000000 15.000000
4 10435677.000000 15.000000
4 10436342.000000 15.000000
6 10436929.000000 10.000000
2 10438271.000000 15.000000
4 10438697.000000 15.000000
2 10439224.000000 15.000000
5 10439643.000000 71.000000
4 10440142.000000 15.000000
1 10440805.000000 15.000000
0 10441348.000000 15.000000
3 10441873.000000 15.000000
1 10442495.000000 15.000000
4 10442957.000000 15.000000
6 10443549.000000 10.000000
3 10444955.000000 15.000000
4 10445474.000000 15.000000
4 10445997.000000 15.000000
5 10446608.000000 20.000000
1 10447089.000000 15.000000
1 10447660.000000 15.000000
0 10448262.000000 15.000000
0 10448703.000000 15.000000
5 10449244.000000 70.000000
1 10449723.000000 15.000000
6 10450154.000000 10.000000
2 10451549.000000 15.000000
0 10452024.000000 15.000000
3 10452500.000000 15.000000
3 10453072.000000 15.000000
2 10453583.000000 15.000000
4 10454016.000000 15.000000
3 10454570.000000 15.000000
4 10455164.000000 15.000000
0 10455639.000000 15.000000
3 10456221.000000 15.000000
6 10456720.000000 10.000000
3 10458096.000000 15.000000
3 10458739.000000 15.000000
5 10459318.000000 77.000000
5 10459877.000000 25.000000
4 10460439.000000 15.000000
5 10461005.000000 75.000000
3 10461477.000000 15.000000
2 10461984.000000 15.000000
2 10462519.000000 15.000000
3 10463022.000000 15.000000
6 10463655.000000 10.000000
0 10465001.000000 15.000000
5 10465614.000000 54.000000
5 10466165.000000 28.000000
0 10466663.000000 15.000000
0 10467148.000000 15.000000
5 10467624.000000 34.000000
1 10468165.000000 15.000000
1 10468734.000000 15.000000
4 10469303.000000 15.000000
1 10469859.000000 15.000000
6 10470430.000000 10.000000
4 10471739.000000 15.000000
0 10472344.000000 15.000000
2 10472881.000000 15.000000
5 10473424.000000 71.000000
1 10473913.000000 15.000000
1 10474398.000000 15.000000
5 10474952.000000 44.000000
2 10475532.000000 15.000000
2 10476123.000000 15.000000
3 10476581.000000 15.000000
6 10477078.000000 10.000000
2 10478384.000000 15.000000
2 10478936.000000 15.000000
1 10479538.000000 15.000000
0 10480132.000000 15.000000
3 10480696.000000 15.000000
4 10481286.000000 15.000000
3 10481930.000000 15.000000
4 10482542.000000 15.000000
5 10483072.000000 32.000000
4 10483613.000000 15.000000
6 10484176.000000 10.000000
4 10485553.000000 15.000000
5 10486196.000000 67.000000
5 10486786.000000 21.000000
2 10487313.000000 15.000000
1 10487804.000000 15.000000
4 10488294.000000 15.000000
0 10488940.000000 15.000000
4 10489554.000000 15.000000
3 10490060.000000 15.000000
5 10490661.000000 33.000000
6 10491163.000000 10.000000
2 10492388.000000 15.000000
4 10492931.000000 15.000000
3 10493472.000000 15.000000
1 10494116.000000 15.000000
3 10494581.000000 15.000000
2 10495177.000000 15.000000
5 10495617.000000 21.000000
3 10496228.000000 15.000000
5 10496742.000000 24.000000
4 10497190.000000 15.000000
6 10497828.000000 10.000000
1 10499157.000000 15.000000
2 10499617.000000 15.000000
3 10500090.000000 15.000000
3 10500685.000000 15.000000
5 10501301.000000 44.000000
2 10501785.000000 15.000000
0 10502347.000000 15.000000
0 10502779.000000 15.000000
2 10503327.000000 15.000000
3 10503863.000000 15.000000
6 10504465.000000 10.000000
0 10505865.000000 15.000000
2 10506481.000000 15.000000
0 10507077.000000 15.000000
0 10507702.000000 15.000000
5 10508260.000000 76.000000
5 10508706.000000 22.000000
5 10509307.000000 53.000000
2 10509945.000000 15.000000
5 10510543.000000 50.000000
1 10511171.000000 15.000000
6 10511754.000000 10.000000
0 10513037.000000 15.000000
3 10513618.000000 15.000000
5 10514135.000000 67.000000
4 10514668.000000 15.000000
2 10515297.000000 15.000000
5 10515878.000000 48.000000
5 10516402.000000 38.000000
3 10516974.000000 15.000000
3 10517507.000000 15.000000
2 10518005.000000 15.000000
6 10518540.000000 10.000000
1 10519794.000000 15.000000
0 10520315.000000 15.000000
3 10520867.000000 15.000000
5 10521510.000000 59.000000
1 10522037.000000 15.000000
2 10522633.000000 15.000000
1 10523149.000000 15.000000
3 10523710.000000 15.000000
2 10524315.000000 15.000000
0 10524799.000000 15.000000
6 10525428.000000 10.000000
4 10526760.000000 15.000000
5 10527287.000000 29.000000
3 10527900.000000 15.000000
1 10528443.000000 15.000000
1 10528986.000000 15.000000
2 10529471.000000 15.000000
2 10529988.000000 15.000000
0 10530537.000000 15.000000
3 10530972.000000 15.000000
3 10531536.000000 15.000000
6 10532043.000000 10.000000
3 10533384.000000 15.000000
4 10534008.000000 15.000000
2 10534659.000000 15.000000
4 10535077.000000 15.000000
0 10535588.000000 15.000000
5 10536129.000000 20.000000
5 10536652.000000 55.000000
3 10537100.000000 15.000000
0 10537550.000000 15.000000
4 10537985.000000 15.000000
6 10538599.000000 10.000000
1 10539889.000000 15.000000
5 10540324.000000 72.000000
5 10540789.000000 35.000000
0 10541307.000000 15.000000
2 10541853.000000 15.000000
4 10542436.000000 15.000000
0 10543050.000000 15.000000
3 10543654.000000 15.000000
5 10544150.000000 60.000000
5 10544604.000000 73.000000
6 10545239.000000 10.000000
3 10546548.000000 15.000000
5 10547176.000000 75.000000
4 10547816.000000 15.000000
0 10548309.000000 15.000000
2 10548918.000000 15.000000
5 10549474.000000 59.000000
0 10550047.000000 15.000000
4 10550526.000000 15.000000
1 10551060.000000 15.000000
5 10551604.000000 20.000000
6 10552182.000000 10.000000
2 10553533.000000 15.000000
0 10554131.000000 15.000000
4 10554739.000000 15.000000
5 10555260.000000 53.000000
0 10555717.000000 15.000000
2 10556261.000000 15.000000
1 10556827.000000 15.000000
4 10557436.000000 15.000000
4 10557969.000000 15.000000
1 10558593.000000 15.000000
6 10559033.000000 10.000000
2 10560249.000000 15.000000
0 10560861.000000 15.000000
2 10561316.000000 15.000000
2 10561873.000000 15.000000
0 10562388.000000 15.000000
1 10562887.000000 15.000000
3 10563373.000000 15.000000
1 10564002.000000 15.000000
0 10564466.000000 15.000000
5 10564955.000000 27.000000
6 10565575.000000 10.000000
4 10566799.000000 15.000000
3 10567298.000000 15.000000
1 10567792.000000 15.000000
3 10568310.000000 15.000000
4 10568763.000000 15.000000
1 10569316.000000 15.000000
0 10569779.000000 15.000000
4 10570269.000000 15.000000
1 10570760.000000 15.000000
4 10571224.000000 15.000000
6 10571749.000000 10.000000
5 10573129.000000 51.000000
4 10573619.000000 15.000000
5 10574177.000000 23.000000
0 10574625.000000 15.000000
1 10575077.000000 15.000000
0 10575657.000000 15.000000
4 10576130.000000 15.000000
1 10576719.000000 15.000000
3 10577302.000000 15.000000
3 10577930.000000 15.000000
6 10578515.000000 10.000000
1 10579806.000000 15.000000
3 10580241.000000 15.000000
4 10580734.000000 15.000000
5 10581389.000000 20.000000
4 10581846.000000 15.000000
2 10582381.000000 15.000000
1 10582896.000000 15.000000
4 10583377.000000 15.000000
0 10583878.000000 15.000000
1 10584439.000000 15.000000
6 10585042.000000 10.000000
4 10586418.000000 15.000000
4 10586924.000000 15.000000
5 10587485.000000 69.000000
5 10587931.000000 73.000000
4 10588428.000000 15.000000
0 10588987.000000 15.000000
3 10589583.000000 15.000000
3 10590148.000000 15.000000
3 10590736.000000 15.000000
0 10591283.000000 15.000000
6 10591873.000000 10.000000
4 10593188.000000 15.000000
3 10593739.000000 15.000000
4 10594242.000000 15.000000
0 10594829.000000 15.000000
2 10595428.000000 15.000000
2 10595986.000000 15.000000
4 10596413.000000 15.000000
5 10597049.000000 20.000000
2 10597608.000000 15.000000
1 10598049.000000 15.000000
6 10598563.000000 10.000000
2 10599940.000000 15.000000
2 10600523.000000 15.000000
5 10600960.000000 25.000000
5 10601419.000000 39.000000
1 10601875.000000 15.000000
4 10602491.000000 15.000000
5 10603040.000000 58.000000
4 10603660.000000 15.000000
0 10604235.000000 15.000000
1 10604806.000000 15.000000
6 10605298.000000 10.000000
3 10606642.000000 15.000000
0 10607242.000000 15.000000
2 10607793.000000 15.000000
2 10608389.000000 15.000000
4 10608895.000000 15.000000
3 10609390.000000 15.000000
5 10609974.000000 74.000000
2 10610594.000000 15.000000
3 10611030.000000 15.000000
0 10611568.000000 15.000000
6 10612044.000000 10.000000
5 10613259.000000 62.000000
1 10613766.000000 15.000000
2 10614198.000000 15.000000
4 10614681.000000 15.000000
4 10615191.000000 15.000000
4 10615716.000000 15.000000
4 10616339.000000 15.000000
4 10616996.000000 15.000000
4 10617608.000000 15.000000
0 10618115.000000 15.000000
6 10618636.000000 10.000000
3 10619972.000000 15.000000
4 10620533.000000 15.000000
3 10621117.000000 15.000000
3 10621610.000000 15.000000
5 10622153.000000 53.000000
3 10622767.000000 15.000000
4 10623411.000000 15.000000
0 10624005.000000 15.000000
0 10624583.000000 15.000000
0 10625167.000000 15.000000
6 10625736.000000 10.000000
1 10626961.000000 15.000000
2 10627477.000000 15.000000
1 10628088.000000 15.000000
5 10628570.000000 37.000000
0 10629041.000000 15.000000
2 10629575.000000 15.000000
3 10630007.000000 15.000000
4 10630633.000000 15.000000
4 10631290.000000 15.000000
0 10631830.000000 15.000000
6 10632324.000000 10.000000
2 10633564.000000 15.000000
2 10634155.000000 15.000000
4 10634688.000000 15.000000
4 10635190.000000 15.000000
3 10635839.000000 15.000000
1 10636311.000000 15.000000
2 10636888.000000 15.000000
4 10637502.000000 15.000000
0 10638103.000000 15.000000
5 10638670.000000 76.000000
6 10639180.000000 10.000000
3 10640462.000000 15.000000
1 10641054.000000 15.000000
0 10641500.000000 15.000000
3 10641933.000000 15.000000
5 10642466.000000 84.000000
2 10642936.000000 15.000000
3 10643479.000000 15.000000
4 10644022.000000 15.000000
2 10644598.000000 15.000000
0 10645125.000000 15.000000
6 10645616.000000 10.000000
0 10646844.000000 15.000000
2 10647454.000000 15.000000
3 10648034.000000 15.000000
5 10648621.000000 45.000000
2 10649246.000000 15.000000
2 10649853.000000 15.000000
1 10650378.000000 15.000000
5 10650923.000000 78.000000
3 10651403.000000 15.000000
4 10652047.000000 15.000000
6 10652708.000000 10.000000
5 10654028.000000 22.000000
5 10654564.000000 33.000000
4 10655072.000000 15.000000
1 10655610.000000 15.000000
2 10656198.000000 15.000000
5 10656781.000000 32.000000
4 10657416.000000 15.000000
2 10657914.000000 15.000000
5 10658346.000000 47.000000
2 10658970.000000 15.000000
6 10659487.000000 10.000000
1 10660868.000000 15.000000
2 10661367.000000 15.000000
2 10661818.000000 15.000000
5 10662389.000000 57.000000
4 10662966.000000 15.000000
5 10663588.000000 47.000000
1 10664193.000000 15.000000
4 10664797.000000 15.000000
5 10665302.000000 82.000000
0 10665792.000000 15.000000
6 10666286.000000 10.000000
5 10667667.000000 31.000000
3 10668307.000000 15.000000
1 10668897.000000 15.000000
2 10669463.000000 15.000000
5 10669962.000000 32.000000
5 10670438.000000 40.000000
5 10670906.000000 21.000000
5 10671371.000000 62.000000
0 10671928.000000 15.000000
0 10672395.000000 15.000000
6 10672971.000000 10.000000
1 10674361.000000 15.000000
5 10674881.000000 37.000000
4 10675427.000000 15.000000
5 10676056.000000 55.000000
3 10676672.000000 15.000000
1 10677171.000000 15.000000
0 10677637.000000 15.000000
1 10678202.000000 15.000000
1 10678693.000000 15.000000
4 10679222.000000 15.000000
6 10679830.000000 10.000000
4 10681046.000000 15.000000
5 10681673.000000 55.000000
0 10682138.000000 15.000000
2 10682585.000000 15.000000
4 10683047.000000 15.000000
5 10683633.000000 60.000000
0 10684161.000000 15.000000
5 10684771.000000 37.000000
1 10685245.000000 15.000000
3 10685738.000000 15.000000
6 10686323.000000 10.000000
2 10687641.000000 15.000000
3 10688058.000000 15.000000
3 10688615.000000 15.000000
0 10689072.000000 15.000000
5 10689530.000000 56.000000
4 10690152.000000 15.000000
0 10690675.000000 15.000000
2 10691292.000000 15.000000
2 10691734.000000 15.000000
1 10692214.000000 15.000000
6 10692675.000000 10.000000
2 10694066.000000 15.000000
2 10694592.000000 15.000000
4 10695035.000000 15.000000
5 10695553.000000 53.000000
3 10696068.000000 15.000000
0 10696579.000000 15.000000
3 10697050.000000 15.000000
4 10697630.000000 15.000000
1 10698175.000000 15.000000
1 10698612.000000 15.000000
6 10699170.000000 10.000000
5 10700569.000000 80.000000
5 10701018.000000 21.000000
0 10701597.000000 15.000000
4 10702159.000000 15.000000
3 10702685.000000 15.000000
1 10703273.000000 15.000000
2 10703863.000000 15.000000
2 10704396.000000 15.000000
4 10704919.000000 15.000000
1 10705401.000000 15.000000
6 10705864.000000 10.000000
5 10707113.000000 71.000000
2 10707557.000000 15.000000
1 10708168.000000 15.000000
0 10708685.000000 15.000000
3 10709254.000000 15.000000
3 10709776.000000 15.000000
0 10710240.000000 15.000000
4 10710713.000000 15.000000
5 10711286.000000 65.000000
2 10711739.000000 15.000000
6 10712328.000000 10.000000
4 10713726.000000 15.000000
2 10714350.000000 15.000000
5 10714943.000000 69.000000
0 10715472.000000 15.000000
2 10715940.000000 15.000000
4 10716388.000000 15.000000
0 10716868.000000 15.000000
0 10717352.000000 15.000000
0 10717807.000000 15.000000
1 10718388.000000 15.000000
6 10719003.000000 10.000000
2 10720404.000000 15.000000
1 10720947.000000 15.000000
5 10721487.000000 43.000000
4 10721960.000000 15.000000
3 10722450.000000 15.000000
3 10723094.000000 15.000000
4 10723709.000000 15.000000
3 10724193.000000 15.000000
2 10724740.000000 15.000000
2 10725304.000000 15.000000
6 10725848.000000 10.000000
0 10727161.000000 15.000000
0 10727717.000000 15.000000
0 10728162.000000 15.000000
3 10728720.000000 15.000000
0 10729366.000000 15.000000
1 10729867.000000 15.000000
1 10730354.000000 15.000000
2 10730836.000000 15.000000
2 10731381.000000 15.000000
2 10731887.000000 15.000000
6 10732477.000000 10.000000
1 10733825.000000 15.000000
2 10734397.000000 15.000000
1 10734932.000000 15.000000
3 10735539.000000 15.000000
5 10736087.000000 30.000000
3 10736602.000000 15.000000
0 10737172.000000 15.000000
2 10737674.000000 15.000000
3 10738127.000000 15.000000
4 10738769.000000 15.000000
6 10739299.000000 10.000000
3 10740610.000000 15.000000
3 10741110.000000 15.000000
0 10741600.000000 15.000000
5 10742135.000000 67.000000
4 10742590.000000 15.000000
5 10743259.000000 43.000000
2 10743873.000000 15.000000
5 10744395.000000 63.000000
3 10745010.000000 15.000000
0 10745483.000000 15.000000
6 10745979.000000 10.000000
1 10747227.000000 15.000000
0 10747750.000000 15.000000
0 10748321.000000 15.000000
2 10748753.000000 15.000000
4 10749185.000000 15.000000
0 10749697.000000 15.000000
2 10750292.000000 15.000000
1 10750783.000000 15.000000
4 10751376.000000 15.000000
0 10751984.000000 15.000000
6 10752526.000000 10.000000
1 10753887.000000 15.000000
3 10754315.000000 15.000000
2 10754775.000000 15.000000
2 10755348.000000 15.000000
4 10755950.000000 15.000000
1 10756539.000000 15.000000
0 10757066.000000 15.000000
5 10757575.000000 23.000000
0 10758052.000000 15.000000
5 10758641.000000 81.000000
6 10759206.000000 10.000000
0 10760570.000000 15.000000
0 10761040.000000 15.000000
4 10761630.000000 15.000000
0 10762133.000000 15.000000
1 10762763.000000 15.000000
3 10763310.000000 15.000000
2 10763812.000000 15.000000
2 10764227.000000 15.000000
4 10764724.000000 15.000000
1 10765348.000000 15.000000
6 10765790.000000 10.000000
4 10767162.000000 15.000000
0 10767814.000000 15.000000
1 10768325.000000 15.000000
2 10768932.000000 15.000000
1 10769526.000000 15.000000
0 10770059.000000 15.000000
5 10770543.000000 44.000000
3 10771109.000000 15.000000
3 10771741.000000 15.000000
4 10772304.000000 15.000000
6 10772939.000000 10.000000
4 10774178.000000 15.000000
4 10774765.000000 15.000000
0 10775367.000000 15.000000
4 10775815.000000 15.000000
2 10776365.000000 15.000000
4 10776789.000000 15.000000
1 10777267.000000 15.000000
1 10777696.000000 15.000000
4 10778159.000000 15.000000
1 10778777.000000 15.000000
6 10779325.000000 10.000000
4 10780535.000000 15.000000
4 10781011.000000 15.000000
2 10781584.000000 15.000000
3 10782130.000000 15.000000
3 10782624.000000 15.000000
4 10783124.000000 15.000000
1 10783796.000000 15.000000
3 10784240.000000 15.000000
5 10784800.000000 58.000000
3 10785269.000000 15.000000
6 10785905.000000 10.000000
3 10787240.000000 15.000000
3 10787759.000000 15.000000
3 10788241.000000 15.000000
0 10788723.000000 15.000000
2 10789318.000000 15.000000
3 10789876.000000 15.000000
1 10790443.000000 15.000000
4 10791065.000000 15.000000
4 10791723.000000 15.000000
4 10792275.000000 15.000000
6 10792829.000000 10.000000
1 10794105.000000 15.000000
4 10794544.000000 15.000000
2 10795069.000000 15.000000
3 10795549.000000 15.000000
0 10796169.000000 15.000000
3 10796619.000000 15.000000
2 10797114.000000 15.000000
1 10797619.000000 15.000000
3 10798050.000000 15.000000
1 10798625.000000 15.000000
6 10799122.000000 10.000000
0 10800502.000000 15.000000
5 10800948.000000 76.000000
1 10801495.000000 15.000000
0 10801924.000000 15.000000
4 10802476.000000 15.000000
1 10803023.000000 15.000000
4 10803503.000000 15.000000
0 10804033.000000 15.000000
0 10804645.000000 15.000000
2 10805084.000000 15.000000
6 10805689.000000 10.000000
5 10806988.000000 72.000000
4 10807524.000000 15.000000
1 10808054.000000 15.000000
1 10808672.000000 15.000000
3 10809220.000000 15.000000
1 10809847.000000 15.000000
2 10810322.000000 15.000000
4 10810817.000000 15.000000
5 10811364.000000 26.000000
5 10811959.000000 76.000000
6 10812498.000000 10.000000
4 10813738.000000 15.000000
1 10814377.000000 15.000000
4 10814910.000000 15.000000
3 10815491.000000 15.000000
0 10816001.000000 15.000000
0 10816502.000000 15.000000
4 10816966.000000 15.000000
0 10817468.000000 15.000000
1 10817972.000000 15.000000
3 10818539.000000 15.000000
6 10819032.000000 10.000000
2 10820378.000000 15.000000
2 10820898.000000 15.000000
3 10821448.000000 15.000000
3 10821921.000000 15.000000
4 10822385.000000 15.000000
0 10823048.000000 15.000000
5 10823658.000000 79.000000
5 10824179.000000 72.000000
1 10824780.000000 15.000000
1 10825331.000000 15.000000
6 10825949.000000 10.000000
2 10827299.000000 15.000000
5 10827860.000000 45.000000
4 10828465.000000 15.000000
1 10828992.000000 15.000000
1 10829578.000000 15.000000
5 10830077.000000 32.000000
4 10830644.000000 15.000000
4 10831160.000000 15.000000
2 10831821.000000 15.000000
3 10832420.000000 15.000000
6 10833052.000000 10.000000
4 10834417.000000 15.000000
2 10835089.000000 15.000000
1 10835529.000000 15.000000
0 10836132.000000 15.000000
1 10836742.000000 15.000000
5 10837222.000000 75.000000
2 10837833.000000 15.000000
5 10838299.000000 22.000000
3 10838787.000000 15.000000
4 10839340.000000 15.000000
6 10839876.000000 10.000000
3 10841216.000000 15.000000
2 10841764.000000 15.000000
5 10842378.000000 54.000000
4 10842993.000000 15.000000
5 10843628.000000 23.000000
3 10844210.000000 15.000000
2 10844802.000000 15.000000
2 10845320.000000 15.000000
3 10845901.000000 15.000000
2 10846521.000000 15.000000
6 10847121.000000 10.000000
5 10848341.000000 34.000000
4 10848883.000000 15.000000
2 10849420.000000 15.000000
3 10849856.000000 15.000000
0 10850464.000000 15.000000
0 10850971.000000 15.000000
4 10851417.000000 15.000000
3 10851911.000000 15.000000
0 10852449.000000 15.000000
5 10853021.000000 31.000000
6 10853530.000000 10.000000
0 10854761.000000 15.000000
0 10855279.000000 15.000000
1 10855740.000000 15.000000
5 10856274.000000 22.000000
4 10856870.000000 15.000000
1 10857521.000000 15.000000
5 10858137.000000 29.000000
5 10858584.000000 84.000000
2 10859194.000000 15.000000
0 10859666.000000 15.000000
6 10860148.000000 10.000000
0 10861444.000000 15.000000
1 10862057.000000 15.000000
0 10862572.000000 15.000000
1 10863172.000000 15.000000
4 10863637.000000 15.000000
5 10864230.000000 40.000000
5 10864673.000000 44.000000
0 10865186.000000 15.000000
2 10865762.000000 15.000000
0 10866246.000000 15.000000
6 10866800.000000 10.000000
0 10868203.000000 15.000000
2 10868749.000000 15.000000
3 10869311.000000 15.000000
3 10869850.000000 15.000000
4 10870445.000000 15.000000
0 10871004.000000 15.000000
5 10871559.000000 84.000000
4 10872092.000000 15.000000
4 10872674.000000 15.000000
4 10873168.000000 15.000000
6 10873809.000000 10.000000
5 10875145.000000 28.000000
1 10875637.000000 15.000000
1 10876144.000000 15.000000
1 10876608.000000 15.000000
4 10877120.000000 15.000000
0 10877606.000000 15.000000
2 10878180.000000 15.000000
1 10878691.000000 15.000000
1 10879199.000000 15.000000
1 10879764.000000 15.000000
6 10880225.000000 10.000000
1 10881440.000000 15.000000
2 10881934.000000 15.000000
2 10882362.000000 15.000000
5 10882785.000000 49.000000
0 10883377.000000 15.000000
5 10883942.000000 36.000000
5 10884451.000000 78.000000
2 10885081.000000 15.000000
5 10885512.000000 73.000000
3 10886017.000000 15.000000
6 10886649.000000 10.000000
2 10887873.000000 15.000000
3 10888381.000000 15.000000
1 10888971.000000 15.000000
0 10889583.000000 15.000000
2 10890163.000000 15.000000
3 10890613.000000 15.000000
3 10891085.000000 15.000000
2 10891542.000000 15.000000
1 10892112.000000 15.000000
0 10892601.000000 15.000000
6 10893176.000000 10.000000
4 10894439.000000 15.000000
3 10894990.000000 15.000000
2 10895590.000000 15.000000
1 10896142.000000 15.000000
2 10896619.000000 15.000000
4 10897232.000000 15.000000
1 10897904.000000 15.000000
5 10898499.000000 29.000000
2 10899034.000000 15.000000
3 10899483.000000 15.000000
6 10900090.000000 10.000000
4 10901410.000000 15.000000
4 10902075.000000 15.000000
0 10902663.000000 15.000000
3 10903157.000000 15.000000
3 10903625.000000 15.000000
2 10904111.000000 15.000000
4 10904621.000000 15.000000
3 10905147.000000 15.000000
4 10905646.000000 15.000000
5 10906252.000000 30.000000
6 10906842.000000 10.000000
2 10908130.000000 15.000000
5 10908600.000000 25.000000
3 10909183.000000 15.000000
0 10909777.000000 15.000000
2 10910332.000000 15.000000
3 10910846.000000 15.000000
0 10911438.000000 15.000000
4 10912069.000000 15.000000
4 10912634.000000 15.000000
1 10913134.000000 15.000000
6 10913641.000000 10.000000
5 10914884.000000 70.000000
4 10915519.000000 15.000000
3 10916037.000000 15.000000
5 10916633.000000 43.000000
3 10917177.000000 15.000000
5 10917719.000000 25.000000
1 10918240.000000 15.000000
3 10918721.000000 15.000000
2 10919278.000000 15.000000
0 10919732.000000 15.000000
6 10920173.000000 10.000000
4 10921479.000000 15.000000
3 10922024.000000 15.000000
1 10922627.000000 15.000000
1 10923051.000000 15.000000
4 10923598.000000 15.000000
1 10924221.000000 15.000000
2 10924678.000000 15.000000
5 10925113.000000 33.000000
0 10925677.000000 15.000000
1 10926138.000000 15.000000
6 10926569.000000 10.000000
2 10927866.000000 15.000000
0 10928352.000000 15.000000
0 10928841.000000 15.000000
3 10929356.000000 15.000000
1 10929845.000000 15.000000
5 10930408.000000 67.000000
5 10930944.000000 20.000000
0 10931399.000000 15.000000
2 10931838.000000 15.000000
2 10932423.000000 15.000000
6 10933008.000000 10.000000
5 10934366.000000 38.000000
3 10934904.000000 15.000000
3 10935539.000000 15.000000
1 10936090.000000 15.000000
2 10936701.000000 15.000000
2 10937162.000000 15.000000
4 10937636.000000 15.000000
5 10938114.000000 56.000000
5 10938618.000000 54.000000
5 10939116.000000 43.000000
6 10939567.000000 10.000000
1 10940959.000000 15.000000
0 10941505.000000 15.000000
5 10941990.000000 64.000000
3 10942451.000000 15.000000
5 10942922.000000 53.000000
1 10943394.000000 15.000000
1 10943985.000000 15.000000
4 10944572.000000 15.000000
1 10945070.000000 15.000000
4 10945622.000000 15.000000
6 10946131.000000 10.000000
5 10947343.000000 73.000000
5 10947939.000000 64.000000
5 10948573.000000 67.000000
0 10949069.000000 15.000000
2 10949517.000000 15.000000
1 10949948.000000 15.000000
1 10950486.000000 15.000000
3 10951035.000000 15.000000
0 10951515.000000 15.000000
4 10952103.000000 15.000000
6 10952613.000000 10.000000
0 10953932.000000 15.000000
0 10954509.000000 15.000000
2 10955098.000000 15.000000
2 10955599.000000 15.000000
5 10956014.000000 26.000000
2 10956458.000000 15.000000
5 10956901.000000 66.000000
1 10957533.000000 15.000000
1 10958064.000000 15.000000
4 10958599.000000 15.000000
6 10959105.000000 10.000000
4 10960354.000000 15.000000
1 10960866.000000 15.000000
5 10961407.000000 41.000000
5 10961934.000000 39.000000
0 10962459.000000 15.000000
0 10963010.000000 15.000000
4 10963560.000000 15.000000
1 10964152.000000 15.000000
1 10964734.000000 15.000000
3 10965231.000000 15.000000
6 10965682.000000 10.000000
1 10967015.000000 15.000000
5 10967613.000000 82.000000
0 10968252.000000 15.000000
4 10968862.000000 15.000000
4 10969372.000000 15.000000
2 10969894.000000 15.000000
2 10970389.000000 15.000000
5 10970903.000000 36.000000
1 10971473.000000 15.000000
5 10971984.000000 26.000000
6 10972602.000000 10.000000
2 10973975.000000 15.000000
3 10974438.000000 15.000000
4 10974909.000000 15.000000
1 10975509.000000 15.000000
1 10975964.000000 15.000000
2 10976547.000000 15.000000
2 10977144.000000 15.000000
4 10977581.000000 15.000000
5 10978093.000000 58.000000
2 10978609.000000 15.000000
6 10979073.000000 10.000000
5 10980285.000000 50.000000
0 10980822.000000 15.000000
0 10981265.000000 15.000000
5 10981721.000000 56.000000
1 10982305.000000 15.000000
1 10982874.000000 15.000000
3 10983313.000000 15.000000
4 10983930.000000 15.000000
0 10984512.000000 15.000000
4 10985090.000000 15.000000
6 10985705.000000 10.000000
5 10987112.000000 67.000000
4 10987631.000000 15.000000
4 10988222.000000 15.000000
4 10988822.000000 15.000000
3 10989339.000000 15.000000
5 10989987.000000 57.000000
5 10990595.000000 77.000000
0 10991110.000000 15.000000
1 10991654.000000 15.000000
2 10992127.000000 15.000000
6 10992680.000000 10.000000
4 10994012.000000 15.000000
2 10994587.000000 15.000000
5 10995018.000000 83.000000
3 10995561.000000 15.000000
0 10996093.000000 15.000000
5 10996530.000000 68.000000
1 10997075.000000 15.000000
4 10997665.000000 15.000000
2 10998317.000000 15.000000
3 10998929.000000 15.000000
6 10999461.000000 10.000000
4 11000742.000000 15.000000
4 11001239.000000 15.000000
1 11001848.000000 15.000000
5 11002272.000000 32.000000
2 11002847.000000 15.000000
3 11003380.000000 15.000000
4 11003999.000000 15.000000
3 11004635.000000 15.000000
2 11005100.000000 15.000000
2 11005554.000000 15.000000
6 11005999.000000 10.000000
4 11007279.000000 15.000000
2 11007945.000000 15.000000
5 11008461.000000 33.000000
2 11009048.000000 15.000000
1 11009523.000000 15.000000
5 11009979.000000 55.000000
4 11010619.000000 15.000000
4 11011211.000000 15.000000
0 11011755.000000 15.000000
5 11012225.000000 50.000000
6 11012849.000000 10.000000
2 11014221.000000 15.000000
1 11014803.000000 15.000000
4 11015312.000000 15.000000
5 11015963.000000 80.000000
4 11016474.000000 15.000000
2 11017064.000000 15.000000
3 11017526.000000 15.000000
0 11018017.000000 15.000000
4 11018495.000000 15.000000
3 11019068.000000 15.000000
6 11019624.000000 10.000000
2 11020860.000000 15.000000
1 11021398.000000 15.000000
4 11021898.000000 15.000000
0 11022520.000000 15.000000
1 11023060.000000 15.000000
5 11023489.000000 27.000000
0 11024001.000000 15.000000
0 11024619.000000 15.000000
0 11025097.000000 15.000000
4 11025713.000000 15.000000
6 11026201.000000 10.000000
0 11027583.000000 15.000000
1 11028184.000000 15.000000
0 11028710.000000 15.000000
3 11029237.000000 15.000000
4 11029725.000000 15.000000
5 11030298.000000 22.000000
2 11030846.000000 15.000000
0 11031300.000000 15.000000
5 11031736.000000 62.000000
5 11032309.000000 57.000000
6 11032885.000000 10.000000
0 11034103.000000 15.000000
2 11034671.000000 15.000000
1 11035135.000000 15.000000
0 11035694.000000 15.000000
4 11036265.000000 15.000000
2 11036892.000000 15.000000
1 11037330.000000 15.000000
0 11037920.000000 15.000000
2 11038380.000000 15.000000
0 11038911.000000 15.000000
6 11039383.000000 10.000000
3 11040694.000000 15.000000
4 11041244.000000 15.000000
5 11041742.000000 39.000000
2 11042232.000000 15.000000
4 11042701.000000 15.000000
1 11043359.000000 15.000000
3 11043952.000000 15.000000
5 11044470.000000 36.000000
3 11044942.000000 15.000000
0 11045537.000000 15.000000
6 11046144.000000 10.000000
5 11047421.000000 34.000000
2 11048038.000000 15.000000
3 11048519.000000 15.000000
2 11049160.000000 15.000000
1 11049691.000000 15.000000
5 11050116.000000 29.000000
0 11050571.000000 15.000000
1 11051177.000000 15.000000
5 11051706.000000 72.000000
3 11052232.000000 15.000000
6 11052687.000000 10.000000
3 11054052.000000 15.000000
2 11054678.000000 15.000000
0 11055205.000000 15.000000
0 11055645.000000 15.000000
3 11056153.000000 15.000000
5 11056603.000000 71.000000
5 11057181.000000 23.000000
4 11057684.000000 15.000000
2 11058177.000000 15.000000
4 11058636.000000 15.000000
6 11059168.000000 10.000000
3 11060531.000000 15.000000
2 11061159.000000 15.000000
5 11061746.000000 25.000000
4 11062265.000000 15.000000
1 11062869.000000 15.000000
2 11063475.000000 15.000000
2 11063896.000000 15.000000
1 11064355.000000 15.000000
2 11064972.000000 15.000000
1 11065447.000000 15.000000
6 11065956.000000 10.000000
1 11067327.000000 15.000000
4 11067784.000000 15.000000
0 11068304.000000 15.000000
3 11068737.000000 15.000000
4 11069202.000000 15.000000
5 11069773.000000 60.000000
1 11070280.000000 15.000000
4 11070756.000000 15.000000
2 11071394.000000 15.000000
5 11071903.000000 37.000000
6 11072462.000000 10.000000
1 11073843.000000 15.000000
0 11074359.000000 15.000000
4 11074899.000000 15.000000
1 11075524.000000 15.000000
3 11076131.000000 15.000000
3 11076588.000000 15.000000
2 11077171.000000 15.000000
5 11077771.000000 51.000000
0 11078367.000000 15.000000
3 11078953.000000 15.000000
6 11079476.000000 10.000000
3 11080851.000000 15.000000
0 11081312.000000 15.000000
4 11081879.000000 15.000000
4 11082436.000000 15.000000
3 11082975.000000 15.000000
1 11083536.000000 15.000000
0 11083970.000000 15.000000
5 11084549.000000 80.000000
1 11085048.000000 15.000000
5 11085627.000000 41.000000
6 11086240.000000 10.000000
0 11087614.000000 15.000000
1 11088064.000000 15.000000
2 11088585.000000 15.000000
1 11089035.000000 15.000000
4 11089478.000000 15.000000
5 11089980.000000 80.000000
0 11090594.000000 15.000000
4 11091103.000000 15.000000
4 11091766.000000 15.000000
0 11092364.000000 15.000000
6 11092831.000000 10.000000
2 11094041.000000 15.000000
4 11094652.000000 15.000000
1 11095167.000000 15.000000
4 11095789.000000 15.000000
1 11096415.000000 15.000000
2 11096934.000000 15.000000
3 11097446.000000 15.000000
1 11098029.000000 15.000000
5 11098495.000000 72.000000
1 11099100.000000 15.000000
6 11099690.000000 10.000000
5 11101036.000000 64.000000
3 11101637.000000 15.000000
0 11102095.000000 15.000000
5 11102688.000000 33.000000
5 11103149.000000 81.000000
3 11103737.000000 15.000000
1 11104350.000000 15.000000
1 11104858.000000 15.000000
2 11105376.000000 15.000000
5 11105884.000000 48.000000
6 11106336.000000 10.000000
0 11107587.000000 15.000000
0 11108047.000000 15.000000
4 11108492.000000 15.000000
4 11109152.000000 15.000000
0 11109796.000000 15.000000
0 11110321.000000 15.000000
0 11110932.000000 15.000000
1 11111560.000000 15.000000
5 11111993.000000 58.000000
0 11112536.000000 15.000000
6 11113082.000000 10.000000
2 11114386.000000 15.000000
4 11114863.000000 15.000000
5 11115405.000000 41.000000
1 11115939.000000 15.000000
4 11116442.000000 15.000000
0 11117021.000000 15.000000
1 11117571.000000 15.000000
3 11118096.000000 15.000000
1 11118565.000000 15.000000
5 11119181.000000 39.000000
6 11119705.000000 10.000000
0 11121027.000000 15.000000
4 11121561.000000 15.000000
1 11122222.000000 15.000000
1 11122750.000000 15.000000
3 11123222.000000 15.000000
1 11123818.000000 15.000000
5 11124356.000000 43.000000
2 11124815.000000 15.000000
2 11125368.000000 15.000000
5 11125821.000000 59.000000
6 11126326.000000 10.000000
0 11127593.000000 15.000000
4 11128133.000000 15.000000
0 11128760.000000 15.000000
5 11129208.000000 43.000000
2 11129772.000000 15.000000
0 11130215.000000 15.000000
3 11130706.000000 15.000000
2 11131274.000000 15.000000
5 11131798.000000 76.000000
1 11132305.000000 15.000000
6 11132776.000000 10.000000
4 11134088.000000 15.000000
2 11134651.000000 15.000000
0 11135081.000000 15.000000
5 11135530.000000 68.000000
0 11136103.000000 15.000000
4 11136620.000000 15.000000
0 11137197.000000 15.000000
2 11137658.000000 15.000000
4 11138269.000000 15.000000
3 11138930.000000 15.000000
6 11139415.000000 10.000000
4 11140814.000000 15.000000
4 11141406.000000 15.000000
4 11141988.000000 15.000000
0 11142611.000000 15.000000
0 11143229.000000 15.000000
4 11143693.000000 15.000000
3 11144257.000000 15.000000
1 11144784.000000 15.000000
5 11145239.000000 66.000000
5 11145683.000000 73.000000
6 11146272.000000 10.000000
4 11147483.000000 15.000000
4 11147992.000000 15.000000
4 11148595.000000 15.000000
3 11149266.000000 15.000000
1 11149851.000000 15.000000
5 11150299.000000 76.000000
5 11150752.000000 82.000000
0 11151383.000000 15.000000
2 11152013.000000 15.000000
1 11152462.000000 15.000000
6 11152968.000000 10.000000
2 11154261.000000 15.000000
0 11154739.000000 15.000000
3 11155191.000000 15.000000
0 11155669.000000 15.000000
0 11156243.000000 15.000000
2 11156689.000000 15.000000
3 11157279.000000 15.000000
5 11157921.000000 36.000000
3 11158416.000000 15.000000
4 11159005.000000 15.000000
6 11159669.000000 10.000000
4 11160892.000000 15.000000
0 11161499.000000 15.000000
4 11161947.000000 15.000000
0 11162598.000000 15.000000
4 11163104.000000 15.000000
0 11163622.000000 15.000000
4 11164203.000000 15.000000
4 11164697.000000 15.000000
1 11165246.000000 15.000000
0 11165765.000000 15.000000
6 11166366.000000 10.000000
0 11167739.000000 15.000000
1 11168279.000000 15.000000
4 11168895.000000 15.000000
1 11169455.000000 15.000000
2 11169898.000000 15.000000
2 11170370.000000 15.000000
0 11170786.000000 15.000000
2 11171274.000000 15.000000
2 11171754.000000 15.000000
1 11172254.000000 15.000000
6 11172724.000000 10.000000
2 11173978.000000 15.000000
1 11174509.000000 15.000000
3 11175080.000000 15.000000
3 11175566.000000 15.000000
3 11176177.000000 15.000000
2 11176762.000000 15.000000
5 11177321.000000 80.000000
4 11177772.000000 15.000000
4 11178394.000000 15.000000
1 11178995.000000 15.000000
6 11179530.000000 10.000000
2 11180796.000000 15.000000
2 11181375.000000 15.000000
3 11181820.000000 15.000000
3 11182354.000000 15.000000
3 11182823.000000 15.000000
3 11183424.000000 15.000000
0 11184051.000000 15.000000
4 11184645.000000 15.000000
4 11185180.000000 15.000000
1 11185776.000000 15.000000
6 11186336.000000 10.000000
5 11187599.000000 32.000000
2 11188170.000000 15.000000
3 11188599.000000 15.000000
4 11189209.000000 15.000000
3 11189750.000000 15.000000
5 11190208.000000 21.000000
4 11190822.000000 15.000000
1 11191374.000000 15.000000
2 11191961.000000 15.000000
3 11192432.000000 15.000000
6 11192955.000000 10.000000
2 11194165.000000 15.000000
4 11194754.000000 15.000000
0 11195308.000000 15.000000
1 11195800.000000 15.000000
0 11196264.000000 15.000000
1 11196841.000000 15.000000
1 11197319.000000 15.000000
3 11197772.000000 15.000000
2 11198391.000000 15.000000
0 11198864.000000 15.000000
6 11199402.000000 10.000000
4 11200760.000000 15.000000
3 11201237.000000 15.000000
3 11201814.000000 15.000000
4 11202363.000000 15.000000
5 11202862.000000 63.000000
5 11203470.000000 58.000000
3 11203997.000000 15.000000
0 11204491.000000 15.000000
5 11205020.000000 63.000000
4 11205593.000000 15.000000
6 11206158.000000 10.000000
5 11207552.000000 60.000000
0 11208001.000000 15.000000
0 11208508.000000 15.000000
1 11209069.000000 15.000000
3 11209501.000000 15.000000
1 11210084.000000 15.000000
3 11210548.000000 15.000000
0 11211151.000000 15.000000
4 11211717.000000 15.000000
4 11212274.000000 15.000000
6 11212863.000000 10.000000
1 11214128.000000 15.000000
1 11214641.000000 15.000000
0 11215072.000000 15.000000
3 11215594.000000 15.000000
0 11216151.000000 15.000000
2 11216622.000000 15.000000
3 11217225.000000 15.000000
5 11217801.000000 67.000000
1 11218403.000000 15.000000
0 11218977.000000 15.000000
6 11219573.000000 10.000000
4 11220812.000000 15.000000
4 11221371.000000 15.000000
4 11222030.000000 15.000000
2 11222616.000000 15.000000
3 11223179.000000 15.000000
4 11223755.000000 15.000000
2 11224273.000000 15.000000
5 11224713.000000 45.000000
0 11225281.000000 15.000000
3 11225809.000000 15.000000
6 11226335.000000 10.000000
2 11227647.000000 15.000000
0 11228208.000000 15.000000
3 11228798.000000 15.000000
4 11229411.000000 15.000000
2 11230041.000000 15.000000
3 11230530.000000 15.000000
3 11231130.000000 15.000000
0 11231682.000000 15.000000
5 11232194.000000 59.000000
3 11232754.000000 15.000000
6 11233262.000000 10.000000
5 11234661.000000 32.000000
1 11235199.000000 15.000000
5 11235670.000000 83.000000
3 11236267.000000 15.000000
3 11236800.000000 15.000000
4 11237331.000000 15.000000
4 11237904.000000 15.000000
1 11238427.000000 15.000000
5 11239047.000000 54.000000
5 11239493.000000 39.000000
6 11239940.000000 10.000000
3 11241242.000000 15.000000
1 11241815.000000 15.000000
2 11242344.000000 15.000000
4 11242887.000000 15.000000
1 11243452.000000 15.000000
0 11244006.000000 15.000000
4 11244561.000000 15.000000
1 11245167.000000 15.000000
3 11245773.000000 15.000000
2 11246334.000000 15.000000
6 11246835.000000 10.000000
0 11248207.000000 15.000000
0 11248729.000000 15.000000
2 11249283.000000 15.000000
4 11249776.000000 15.000000
4 11250316.000000 15.000000
5 11250817.000000 37.000000
0 11251420.000000 15.000000
5 11252032.000000 83.000000
1 11252512.000000 15.000000
0 11253104.000000 15.000000
6 11253623.000000 10.000000
0 11254903.000000 15.000000
3 11255362.000000 15.000000
2 11255866.000000 15.000000
1 11256449.000000 15.000000
5 11256888.000000 67.000000
3 11257485.000000 15.000000
5 11258019.000000 21.000000
3 11258601.000000 15.000000
0 11259174.000000 15.000000
1 11259754.000000 15.000000
6 11260359.000000 10.000000
0 11261570.000000 15.000000
0 11262008.000000 15.000000
0 11262559.000000 15.000000
2 11263106.000000 15.000000
1 11263698.000000 15.000000
5 11264318.000000 36.000000
0 11264903.000000 15.000000
5 11265443.000000 84.000000
3 11266073.000000 15.000000
2 11266696.000000 15.000000
6 11267181.000000 10.000000
1 11268449.000000 15.000000
5 11269006.000000 39.000000
2 11269511.000000 15.000000
5 11269995.000000 76.000000
0 11270559.000000 15.000000
1 11271150.000000 15.000000
5 11271668.000000 40.000000
3 11272144.000000 15.000000
4 11272632.000000 15.000000
5 11273151.000000 22.000000
6 11273630.000000 10.000000
1 11274942.000000 15.000000
0 11275531.000000 15.000000
0 11276093.000000 15.000000
1 11276620.000000 15.000000
0 11277206.000000 15.000000
1 11277786.000000 15.000000
4 11278383.000000 15.000000
5 11279020.000000 58.000000
3 11279565.000000 15.000000
5 11280183.000000 72.000000
6 11280722.000000 10.000000
2 11281938.000000 15.000000
3 11282433.000000 15.000000
2 11283066.000000 15.000000
0 11283646.000000 15.000000
0 11284205.000000 15.000000
2 11284776.000000 15.000000
5 11285232.000000 48.000000
2 11285766.000000 15.000000
1 11286347.000000 15.000000
4 11286882.000000 15.000000
6 11287361.000000 10.000000
0 11288685.000000 15.000000
4 11289304.000000 15.000000
3 11289972.000000 15.000000
1 11290584.000000 15.000000
1 11291194.000000 15.000000
0 11291651.000000 15.000000
5 11292231.000000 30.000000
0 11292774.000000 15.000000
4 11293252.000000 15.000000
4 11293804.000000 15.000000
6 11294277.000000 10.000000
1 11295590.000000 15.000000
0 11296042.000000 15.000000
4 11296657.000000 15.000000
5 11297313.000000 72.000000
2 11297785.000000 15.000000
4 11298331.000000 15.000000
5 11298899.000000 34.000000
5 11299411.000000 63.000000
1 11299971.000000 15.000000
5 11300398.000000 78.000000
6 11300895.000000 10.000000
2 11302225.000000 15.000000
2 11302744.000000 15.000000
5 11303174.000000 68.000000
1 11303689.000000 15.000000
3 11304112.000000 15.000000
4 11304709.000000 15.000000
4 11305344.000000 15.000000
0 11305818.000000 15.000000
0 11306418.000000 15.000000
3 11307021.000000 15.000000
6 11307658.000000 10.000000
4 11309000.000000 15.000000
2 11309552.000000 15.000000
0 11309976.000000 15.000000
4 11310511.000000 15.000000
3 11311022.000000 15.000000
5 11311514.000000 21.000000
3 11312083.000000 15.000000
5 11312678.000000 28.000000
5 11313275.000000 44.000000
2 11313828.000000 15.000000
6 11314380.000000 10.000000
0 11315779.000000 15.000000
5 11316264.000000 72.000000
2 11316897.000000 15.000000
5 11317346.000000 28.000000
5 11317821.000000 54.000000
3 11318454.000000 15.000000
1 11318993.000000 15.000000
3 11319536.000000 15.000000
5 11320184.000000 77.000000
0 11320782.000000 15.000000
6 11321292.000000 10.000000
2 11322675.000000 15.000000
3 11323123.000000 15.000000
1 11323708.000000 15.000000
0 11324297.000000 15.000000
3 11324880.000000 15.000000
2 11325356.000000 15.000000
0 11325941.000000 15.000000
5 11326500.000000 73.000000
4 11327111.000000 15.000000
0 11327663.000000 15.000000
6 11328233.000000 10.000000
4 11329587.000000 15.000000
4 11330089.000000 15.000000
2 11330691.000000 15.000000
2 11331250.000000 15.000000
5 11331710.000000 56.000000
2 11332333.000000 15.000000
1 11332807.000000 15.000000
2 11333362.000000 15.000000
1 11333881.000000 15.000000
1 11334442.000000 15.000000
6 11335029.000000 10.000000
0 11336277.000000 15.000000
4 11336759.000000 15.000000
1 11337291.000000 15.000000
3 11337882.000000 15.000000
1 11338361.000000 15.000000
1 11338957.000000 15.000000
1 11339536.000000 15.000000
3 11340116.000000 15.000000
5 11340672.000000 40.000000
4 11341284.000000 15.000000
6 11341784.000000 10.000000
4 11343050.000000 15.000000
3 11343702.000000 15.000000
1 11344163.000000 15.000000
4 11344771.000000 15.000000
4 11345311.000000 15.000000
4 11345825.000000 15.000000
5 11346493.000000 84.000000
4 11347113.000000 15.000000
0 11347663.000000 15.000000
4 11348205.000000 15.000000
6 11348857.000000 10.000000
4 11350106.000000 15.000000
0 11350628.000000 15.000000
2 11351181.000000 15.000000
3 11351701.000000 15.000000
5 11352212.000000 46.000000
4 11352675.000000 15.000000
3 11353301.000000 15.000000
5 11353821.000000 27.000000
3 11354310.000000 15.000000
3 11354875.000000 15.000000
6 11355361.000000 10.000000
0 11356619.000000 15.000000
2 11357221.000000 15.000000
5 11357815.000000 50.000000
4 11358362.000000 15.000000
4 11358855.000000 15.000000
0 11359359.000000 15.000000
5 11359874.000000 35.000000
3 11360389.000000 15.000000
3 11360933.000000 15.000000
3 11361458.000000 15.000000
6 11362048.000000 10.000000
0 11363380.000000 15.000000
0 11363922.000000 15.000000
2 11364403.000000 15.000000
5 11364904.000000 36.000000
4 11365526.000000 15.000000
2 11366119.000000 15.000000
5 11366689.000000 36.000000
3 11367171.000000 15.000000
4 11367665.000000 15.000000
0 11368232.000000 15.000000
6 11368852.000000 10.000000
0 11370146.000000 15.000000
1 11370752.000000 15.000000
4 11371282.000000 15.000000
2 11371795.000000 15.000000
1 11372339.000000 15.000000
2 11372909.000000 15.000000
0 11373507.000000 15.000000
2 11373964.000000 15.000000
3 11374385.000000 15.000000
4 11374918.000000 15.000000
6 11375571.000000 10.000000
0 11376951.000000 15.000000
0 11377417.000000 15.000000
4 11378032.000000 15.000000
0 11378665.000000 15.000000
5 11379152.000000 40.000000
0 11379674.000000 15.000000
1 11380109.000000 15.000000
3 11380677.000000 15.000000
4 11381232.000000 15.000000
2 11381751.000000 15.000000
6 11382336.000000 10.000000
5 11383568.000000 72.000000
4 11384075.000000 15.000000
3 11384739.000000 15.000000
0 11385293.000000 15.000000
0 11385858.000000 15.000000
5 11386340.000000 75.000000
0 11386892.000000 15.000000
1 11387474.000000 15.000000
2 11387954.000000 15.000000
2 11388472.000000 15.000000
6 11389039.000000 10.000000
1 11390371.000000 15.000000
0 11390810.000000 15.000000
5 11391388.000000 59.000000
4 11391842.000000 15.000000
5 11392459.000000 25.000000
1 11392958.000000 15.000000
4 11393486.000000 15.000000
5 11394083.000000 30.000000
2 11394652.000000 15.000000
2 11395122.000000 15.000000
6 11395705.000000 10.000000
2 11397072.000000 15.000000
0 11397563.000000 15.000000
2 11398060.000000 15.000000
2 11398481.000000 15.000000
4 11398922.000000 15.000000
1 11399411.000000 15.000000
4 11399851.000000 15.000000
1 11400473.000000 15.000000
1 11401083.000000 15.000000
3 11401534.000000 15.000000
6 11402075.000000 10.000000
0 11403461.000000 15.000000
2 11404011.000000 15.000000
1 11404496.000000 15.000000
5 11405039.000000 30.000000
0 11405558.000000 15.000000
1 11406016.000000 15.000000
0 11406513.000000 15.000000
4 11406945.000000 15.000000
1 11407465.000000 15.000000
5 11407963.000000 21.000000
6 11408471.000000 10.000000
2 11409702.000000 15.000000
4 11410123.000000 15.000000
4 11410619.000000 15.000000
1 11411209.000000 15.000000
0 11411730.000000 15.000000
1 11412273.000000 15.000000
5 11412816.000000 24.000000
3 11413307.000000 15.000000
5 11413831.000000 62.000000
2 11414423.000000 15.000000
6 11414974.000000 10.000000
4 11416302.000000 15.000000
3 11416829.000000 15.000000
4 11417399.000000 15.000000
1 11417903.000000 15.000000
2 11418483.000000 15.000000
0 11418921.000000 15.000000
4 11419542.000000 15.000000
1 11420143.000000 15.000000
1 11420624.000000 15.000000
0 11421226.000000 15.000000
6 11421692.000000 10.000000
1 11422951.000000 15.000000
4 11423392.000000 15.000000
3 11423873.000000 15.000000
4 11424456.000000 15.000000
0 11425010.000000 15.000000
5 11425591.000000 33.000000
3 11426115.000000 15.000000
3 11426755.000000 15.000000
3 11427332.000000 15.000000
5 11427961.000000 24.000000
6 11428403.000000 10.000000
2 11429694.000000 15.000000
5 11430178.000000 63.000000
2 11430630.000000 15.000000
2 11431227.000000 15.000000
1 11431650.000000 15.000000
1 11432256.000000 15.000000
4 11432758.000000 15.000000
1 11433322.000000 15.000000
3 11433916.000000 15.000000
3 11434447.000000 15.000000
6 11434965.000000 10.000000
4 11436210.000000 15.000000
0 11436722.000000 15.000000
3 11437344.000000 15.000000
4 11437871.000000 15.000000
5 11438366.000000 29.000000
1 11438956.000000 15.000000
4 11439456.000000 15.000000
2 11440020.000000 15.000000
0 11440574.000000 15.000000
1 11441178.000000 15.000000
6 11441751.000000 10.000000
0 11443128.000000 15.000000
1 11443599.000000 15.000000
2 11444078.000000 15.000000
1 11444545.000000 15.000000
2 11445143.000000 15.000000
0 11445741.000000 15.000000
2 11446182.000000 15.000000
4 11446605.000000 15.000000
3 11447137.000000 15.000000
4 11447733.000000 15.000000
6 11448330.000000 10.000000
3 11449543.000000 15.000000
5 11450084.000000 82.000000
1 11450645.000000 15.000000
0 11451076.000000 15.000000
3 11451554.000000 15.000000
0 11452168.000000 15.000000
4 11452714.000000 15.000000
0 11453284.000000 15.000000
3 11453753.000000 15.000000
2 11454260.000000 15.000000
6 11454708.000000 10.000000
5 11456003.000000 71.000000
2 11456525.000000 15.000000
3 11457000.000000 15.000000
3 11457502.000000 15.000000
2 11458109.000000 15.000000
4 11458579.000000 15.000000
2 11459224.000000 15.000000
2 11459735.000000 15.000000
0 11460331.000000 15.000000
2 11460914.000000 15.000000
6 11461393.000000 10.000000
2 11462802.000000 15.000000
4 11463257.000000 15.000000
3 11463814.000000 15.000000
0 11464380.000000 15.000000
0 11464837.000000 15.000000
2 11465311.000000 15.000000
5 11465862.000000 67.000000
0 11466416.000000 15.000000
3 11466917.000000 15.000000
1 11467553.000000 15.000000
6 11468132.000000 10.000000
4 11469410.000000 15.000000
4 11470032.000000 15.000000
0 11470582.000000 15.000000
2 11471171.000000 15.000000
3 11471781.000000 15.000000
4 11472284.000000 15.000000
4 11472860.000000 15.000000
1 11473456.000000 15.000000
3 11473951.000000 15.000000
0 11474596.000000 15.000000
6 11475206.000000 10.000000
2 11476534.000000 15.000000
4 11477018.000000 15.000000
5 11477530.000000 58.000000
1 11478138.000000 15.000000
2 11478678.000000 15.000000
5 11479163.000000 61.000000
3 11479742.000000 15.000000
4 11480208.000000 15.000000
5 11480700.000000 21.000000
2 11481221.000000 15.000000
6 11481687.000000 10.000000
0 11483080.000000 15.000000
2 11483587.000000 15.000000
1 11484149.000000 15.000000
2 11484585.000000 15.000000
2 11485130.000000 15.000000
2 11485572.000000 15.000000
2 11486084.000000 15.000000
3 11486521.000000 15.000000
1 11486987.000000 15.000000
5 11487448.000000 22.000000
6 11487930.000000 10.000000
4 11489213.000000 15.000000
5 11489815.000000 39.000000
1 11490387.000000 15.000000
3 11490988.000000 15.000000
3 11491625.000000 15.000000
2 11492111.000000 15.000000
2 11492667.000000 15.000000
3 11493234.000000 15.000000
5 11493848.000000 44.000000
0 11494304.000000 15.000000
6 11494852.000000 10.000000
5 11496236.000000 75.000000
0 11496873.000000 15.000000
4 11497356.000000 15.000000
2 11498001.000000 15.000000
5 11498505.000000 48.000000
3 11499039.000000 15.000000
1 11499662.000000 15.000000
0 11500220.000000 15.000000
0 11500839.000000 15.000000
5 11501375.000000 48.000000
6 11501832.000000 10.000000
1 11503050.000000 15.000000
4 11503565.000000 15.000000
2 11504046.000000 15.000000
0 11504483.000000 15.000000
0 11505018.000000 15.000000
3 11505508.000000 15.000000
3 11506151.000000 15.000000
1 11506705.000000 15.000000
3 11507296.000000 15.000000
5 11507909.000000 25.000000
6 11508379.000000 10.000000
2 11509669.000000 15.000000
4 11510106.000000 15.000000
5 11510743.000000 77.000000
1 11511267.000000 15.000000
4 11511730.000000 15.000000
4 11512250.000000 15.000000
2 11512790.000000 15.000000
5 11513223.000000 53.000000
5 11513744.000000 74.000000
4 11514382.000000 15.000000
6 11514991.000000 10.000000
2 11516362.000000 15.000000
0 11516873.000000 15.000000
5 11517494.000000 38.000000
0 11518014.000000 15.000000
5 11518617.000000 64.000000
4 11519218.000000 15.000000
2 11519840.000000 15.000000
1 11520312.000000 15.000000
0 11520842.000000 15.000000
3 11521307.000000 15.000000
6 11521820.000000 10.000000
0 11523161.000000 15.000000
2 11523598.000000 15.000000
0 11524116.000000 15.000000
2 11524710.000000 15.000000
4 11525264.000000 15.000000
4 11525921.000000 15.000000
1 11526403.000000 15.000000
5 11526946.000000 32.000000
4 11527440.000000 15.000000
1 11528075.000000 15.000000
6 11528503.000000 10.000000
4 11529865.000000 15.000000
2 11530513.000000 15.000000
5 11531113.000000 79.000000
2 11531665.000000 15.000000
3 11532137.000000 15.000000
3 11532679.000000 15.000000
4 11533215.000000 15.000000
0 11533706.000000 15.000000
5 11534253.000000 64.000000
3 11534696.000000 15.000000
6 11535267.000000 10.000000
0 11536519.000000 15.000000
5 11537023.000000 81.000000
0 11537492.000000 15.000000
3 11538108.000000 15.000000
0 11538625.000000 15.000000
2 11539227.000000 15.000000
3 11539666.000000 15.000000
0 11540293.000000 15.000000
1 11540750.000000 15.000000
1 11541289.000000 15.000000
6 11541733.000000 10.000000
0 11543127.000000 15.000000
4 11543702.000000 15.000000
3 11544177.000000 15.000000
1 11544752.000000 15.000000
1 11545243.000000 15.000000
3 11545790.000000 15.000000
1 11546346.000000 15.000000
0 11546807.000000 15.000000
0 11547334.000000 15.000000
0 11547832.000000 15.000000
6 11548344.000000 10.000000
1 11549746.000000 15.000000
4 11550241.000000 15.000000
4 11550858.000000 15.000000
2 11551351.000000 15.000000
4 11551834.000000 15.000000
0 11552491.000000 15.000000
4 11553109.000000 15.000000
1 11553710.000000 15.000000
5 11554318.000000 40.000000
5 11554829.000000 23.000000
6 11555295.000000 10.000000
3 11556508.000000 15.000000
3 11557000.000000 15.000000
4 11557609.000000 15.000000
2 11558130.000000 15.000000
1 11558732.000000 15.000000
2 11559250.000000 15.000000
0 11559757.000000 15.000000
2 11560381.000000 15.000000
1 11560800.000000 15.000000
0 11561384.000000 15.000000
6 11561861.000000 10.000000
1 11563220.000000 15.000000
3 11563755.000000 15.000000
2 11564234.000000 15.000000
4 11564773.000000 15.000000
4 11565347.000000 15.000000
4 11565935.000000 15.000000
3 11566479.000000 15.000000
0 11567062.000000 15.000000
0 11567568.000000 15.000000
4 11568178.000000 15.000000
6 11568755.000000 10.000000
5 11570155.000000 76.000000
2 11570773.000000 15.000000
2 11571279.000000 15.000000
3 11571767.000000 15.000000
2 11572237.000000 15.000000
1 11572816.000000 15.000000
2 11573364.000000 15.000000
3 11573925.000000 15.000000
4 11574481.000000 15.000000
3 11574990.000000 15.000000
6 11575544.000000 10.000000
4 11576806.000000 15.000000
5 11577438.000000 59.000000
3 11577988.000000 15.000000
1 11578437.000000 15.000000
0 11578894.000000 15.000000
0 11579486.000000 15.000000
2 11580007.000000 15.000000
4 11580620.000000 15.000000
1 11581221.000000 15.000000
0 11581693.000000 15.000000
6 11582207.000000 10.000000
2 11583614.000000 15.000000
3 11584215.000000 15.000000
2 11584748.000000 15.000000
4 11585340.000000 15.000000
4 11585843.000000 15.000000
1 11586367.000000 15.000000
3 11586963.000000 15.000000
5 11587533.000000 66.000000
1 11588133.000000 15.000000
1 11588655.000000 15.000000
6 11589232.000000 10.000000
2 11590559.000000 15.000000
3 11591058.000000 15.000000
5 11591652.000000 51.000000
4 11592254.000000 15.000000
0 11592877.000000 15.000000
1 11593407.000000 15.000000
2 11594020.000000 15.000000
1 11594586.000000 15.000000
2 11595033.000000 15.000000
2 11595544.000000 15.000000
6 11596135.000000 10.000000
5 11597489.000000 38.000000
3 11598096.000000 15.000000
1 11598725.000000 15.000000
5 11599338.000000 72.000000
0 11599857.000000 15.000000
2 11600290.000000 15.000000
4 11600752.000000 15.000000
4 11601367.000000 15.000000
0 11601840.000000 15.000000
1 11602471.000000 15.000000
6 11602913.000000 10.000000
0 11604281.000000 15.000000
1 11604855.000000 15.000000
0 11605468.000000 15.000000
0 11605919.000000 15.000000
0 11606453.000000 15.000000
4 11607043.000000 15.000000
4 11607520.000000 15.000000
2 11608003.000000 15.000000
4 11608519.000000 15.000000
0 11609124.000000 15.000000
6 11609646.000000 10.000000
5 11610891.000000 77.000000
4 11611364.000000 15.000000
3 11611957.000000 15.000000
5 11612596.000000 37.000000
5 11613130.000000 40.000000
5 11613637.000000 59.000000
2 11614192.000000 15.000000
1 11614696.000000 15.000000
4 11615287.000000 15.000000
4 11615892.000000 15.000000
6 11616539.000000 10.000000
3 11617750.000000 15.000000
3 11618221.000000 15.000000
4 11618828.000000 15.000000
0 11619339.000000 15.000000
3 11619931.000000 15.000000
0 11620452.000000 15.000000
3 11620956.000000 15.000000
1 11621464.000000 15.000000
0 11621938.000000 15.000000
1 11622380.000000 15.000000
6 11622903.000000 10.000000
4 11624240.000000 15.000000
0 11624873.000000 15.000000
3 11625454.000000 15.000000
3 11626020.000000 15.000000
2 11626617.000000 15.000000
2 11627201.000000 15.000000
2 11627722.000000 15.000000
2 11628293.000000 15.000000
0 11628787.000000 15.000000
2 11629359.000000 15.000000
6 11629836.000000 10.000000
0 11631052.000000 15.000000
5 11631625.000000 74.000000
2 11632159.000000 15.000000
5 11632683.000000 22.000000
3 11633166.000000 15.000000
0 11633630.000000 15.000000
4 11634114.000000 15.000000
2 11634757.000000 15.000000
4 11635182.000000 15.000000
2 11635732.000000 15.000000
6 11636174.000000 10.000000
5 11637441.000000 35.000000
2 11637887.000000 15.000000
0 11638481.000000 15.000000
3 11639048.000000 15.000000
2 11639650.000000 15.000000
5 11640229.000000 37.000000
1 11640858.000000 15.000000
4 11641443.000000 15.000000
2 11642089.000000 15.000000
2 11642666.000000 15.000000
6 11643134.000000 10.000000
1 11644481.000000 15.000000
4 11645067.000000 15.000000
4 11645671.000000 15.000000
0 11646164.000000 15.000000
0 11646763.000000 15.000000
4 11647358.000000 15.000000
5 11647905.000000 46.000000
3 11648482.000000 15.000000
2 11648969.000000 15.000000
5 11649580.000000 82.000000
6 11650077.000000 10.000000
5 11651319.000000 36.000000
4 11651838.000000 15.000000
5 11652500.000000 74.000000
2 11653120.000000 15.000000
2 11653606.000000 15.000000
4 11654104.000000 15.000000
4 11654673.000000 15.000000
4 11655337.000000 15.000000
1 11655965.000000 15.000000
0 11656425.000000 15.000000
6 11656953.000000 10.000000
5 11658258.000000 45.000000
1 11658751.000000 15.000000
1 11659237.000000 15.000000
1 11659709.000000 15.000000
3 11660208.000000 15.000000
3 11660726.000000 15.000000
0 11661363.000000 15.000000
1 11661977.000000 15.000000
5 11662492.000000 24.000000
3 11663068.000000 15.000000
6 11663691.000000 10.000000
3 11664957.000000 15.000000
2 11665528.000000 15.000000
1 11666102.000000 15.000000
3 11666693.000000 15.000000
2 11667256.000000 15.000000
5 11667715.000000 68.000000
4 11668284.000000 15.000000
5 11668948.000000 26.000000
1 11669492.000000 15.000000
5 11670063.000000 41.000000
6 11670566.000000 10.000000
3 11671840.000000 15.000000
3 11672439.000000 15.000000
1 11673068.000000 15.000000
5 11673681.000000 52.000000
4 11674189.000000 15.000000
0 11674742.000000 15.000000
3 11675255.000000 15.000000
1 11675841.000000 15.000000
1 11676266.000000 15.000000
4 11676706.000000 15.000000
6 11677306.000000 10.000000
1 11678613.000000 15.000000
1 11679092.000000 15.000000
5 11679554.000000 70.000000
1 11680024.000000 15.000000
4 11680631.000000 15.000000
0 11681232.000000 15.000000
1 11681667.000000 15.000000
2 11682206.000000 15.000000
1 11682801.000000 15.000000
5 11683400.000000 20.000000
6 11684011.000000 10.000000
5 11685332.000000 78.000000
0 11685934.000000 15.000000
0 11686538.000000 15.000000
3 11687121.000000 15.000000
2 11687643.000000 15.000000
5 11688126.000000 46.000000
0 11688761.000000 15.000000
3 11689219.000000 15.000000
2 11689826.000000 15.000000
0 11690245.000000 15.000000
6 11690753.000000 10.000000
2 11691985.000000 15.000000
3 11692535.000000 15.000000
3 11693061.000000 15.000000
1 11693589.000000 15.000000
2 11694184.000000 15.000000
4 11694691.000000 15.000000
3 11695301.000000 15.000000
5 11695788.000000 37.000000
2 11696262.000000 15.000000
0 11696700.000000 15.000000
6 11697178.000000 10.000000
2 11698577.000000 15.000000
3 11699041.000000 15.000000
4 11699559.000000 15.000000
5 11700038.000000 51.000000
2 11700490.000000 15.000000
0 11701007.000000 15.000000
3 11701636.000000 15.000000
1 11702182.000000 15.000000
3 11702728.000000 15.000000
0 11703338.000000 15.000000
6 11703774.000000 10.000000
3 11705070.000000 15.000000
2 11705661.000000 15.000000
0 11706158.000000 15.000000
0 11706626.000000 15.000000
3 11707169.000000 15.000000
2 11707643.000000 15.000000
2 11708221.000000 15.000000
1 11708681.000000 15.000000
0 11709128.000000 15.000000
1 11709636.000000 15.000000
6 11710206.000000 10.000000
0 11711612.000000 15.000000
2 11712061.000000 15.000000
2 11712568.000000 15.000000
0 11712996.000000 15.000000
3 11713587.000000 15.000000
4 11714215.000000 15.000000
4 11714703.000000 15.000000
5 11715272.000000 44.000000
2 11715891.000000 15.000000
4 11716439.000000 15.000000
6 11716933.000000 10.000000
2 11718338.000000 15.000000
5 11718788.000000 30.000000
0 11719248.000000 15.000000
2 11719850.000000 15.000000
1 11720275.000000 15.000000
5 11720876.000000 58.000000
4 11721351.000000 15.000000
0 11721959.000000 15.000000
5 11722454.000000 64.000000
3 11722997.000000 15.000000
6 11723552.000000 10.000000
2 11724839.000000 15.000000
3 11725290.000000 15.000000
2 11725864.000000 15.000000
2 11726393.000000 15.000000
4 11726812.000000 15.000000
1 11727425.000000 15.000000
4 11727932.000000 15.000000
0 11728489.000000 15.000000
1 11729105.000000 15.000000
4 11729603.000000 15.000000
6 11730103.000000 10.000000
3 11731468.000000 15.000000
2 11732085.000000 15.000000
4 11732538.000000 15.000000
4 11733030.000000 15.000000
2 11733525.000000 15.000000
0 11734083.000000 15.000000
3 11734561.000000 15.000000
3 11735040.000000 15.000000
1 11735637.000000 15.000000
0 11736202.000000 15.000000
6 11736636.000000 10.000000
1 11737849.000000 15.000000
0 11738308.000000 15.000000
5 11738875.000000 38.000000
0 11739444.000000 15.000000
1 11740038.000000 15.000000
1 11740600.000000 15.000000
4 11741189.000000 15.000000
3 11741808.000000 15.000000
0 11742443.000000 15.000000
0 11742902.000000 15.000000
6 11743465.000000 10.000000
2 11744818.000000 15.000000
4 11745432.000000 15.000000
4 11746082.000000 15.000000
1 11746704.000000 15.000000
3 11747307.000000 15.000000
0 11747813.000000 15.000000
1 11748335.000000 15.000000
3 11748849.000000 15.000000
0 11749424.000000 15.000000
2 11749892.000000 15.000000
6 11750330.000000 10.000000
3 11751714.000000 15.000000
3 11752259.000000 15.000000
2 11752778.000000 15.000000
5 11753201.000000 49.000000
3 11753700.000000 15.000000
4 11754224.000000 15.000000
2 11754725.000000 15.000000
3 11755285.000000 15.000000
0 11755785.000000 15.000000
1 11756355.000000 15.000000
6 11756855.000000 10.000000
3 11758191.000000 15.000000
4 11758660.000000 15.000000
0 11759144.000000 15.000000
3 11759775.000000 15.000000
2 11760329.000000 15.000000
3 11760779.000000 15.000000
3 11761343.000000 15.000000
3 11761984.000000 15.000000
0 11762527.000000 15.000000
5 11763033.000000 44.000000
6 11763508.000000 10.000000
2 11764826.000000 15.000000
3 11765406.000000 15.000000
1 11765887.000000 15.000000
4 11766477.000000 15.000000
0 11767104.000000 15.000000
3 11767603.000000 15.000000
4 11768114.000000 15.000000
3 11768630.000000 15.000000
0 11769198.000000 15.000000
3 11769823.000000 15.000000
6 11770398.000000 10.000000
4 11771677.000000 15.000000
2 11772237.000000 15.000000
3 11772743.000000 15.000000
5 11773229.000000 79.000000
5 11773727.000000 46.000000
1 11774357.000000 15.000000
0 11774893.000000 15.000000
3 11775406.000000 15.000000
3 11775890.000000 15.000000
2 11776384.000000 15.000000
6 11776946.000000 10.000000
4 11778341.000000 15.000000
3 11778866.000000 15.000000
3 11779447.000000 15.000000
3 11780094.000000 15.000000
5 11780585.000000 79.000000
4 11781094.000000 15.000000
0 11781683.000000 15.000000
4 11782288.000000 15.000000
0 11782803.000000 15.000000
4 11783345.000000 15.000000
6 11783962.000000 10.000000
5 11785173.000000 73.000000
4 11785704.000000 15.000000
2 11786279.000000 15.000000
3 11786845.000000 15.000000
1 11787334.000000 15.000000
2 11787931.000000 15.000000
5 11788513.000000 79.000000
0 11789108.000000 15.000000
1 11789657.000000 15.000000
5 11790246.000000 46.000000
6 11790793.000000 10.000000
2 11792144.000000 15.000000
2 11792754.000000 15.000000
2 11793293.000000 15.000000
2 11793879.000000 15.000000
5 11794304.000000 22.000000
1 11794905.000000 15.000000
4 11795470.000000 15.000000
1 11795982.000000 15.000000
4 11796589.000000 15.000000
4 11797238.000000 15.000000
6 11797733.000000 10.000000
0 11799020.000000 15.000000
3 11799502.000000 15.000000
0 11800089.000000 15.000000
4 11800661.000000 15.000000
0 11801142.000000 15.000000
1 11801719.000000 15.000000
2 11802255.000000 15.000000
3 11802847.000000 15.000000
0 11803392.000000 15.000000
3 11803908.000000 15.000000
6 11804428.000000 10.000000
4 11805816.000000 15.000000
2 11806403.000000 15.000000
2 11806849.000000 15.000000
3 11807382.000000 15.000000
1 11808009.000000 15.000000
4 11808504.000000 15.000000
1 11808982.000000 15.000000
0 11809569.000000 15.000000
5 11810009.000000 61.000000
3 11810497.000000 15.000000
6 11810962.000000 10.000000
2 11812328.000000 15.000000
3 11812893.000000 15.000000
0 11813412.000000 15.000000
3 11814009.000000 15.000000
0 11814596.000000 15.000000
5 11815152.000000 78.000000
2 11815626.000000 15.000000
3 11816089.000000 15.000000
3 11816638.000000 15.000000
4 11817170.000000 15.000000
6 11817738.000000 10.000000
0 11818976.000000 15.000000
3 11819568.000000 15.000000
1 11820072.000000 15.000000
5 11820597.000000 45.000000
1 11821223.000000 15.000000
4 11821783.000000 15.000000
1 11822312.000000 15.000000
1 11822795.000000 15.000000
5 11823351.000000 28.000000
4 11823820.000000 15.000000
6 11824421.000000 10.000000
0 11825799.000000 15.000000
3 11826240.000000 15.000000
0 11826880.000000 15.000000
0 11827326.000000 15.000000
2 11827814.000000 15.000000
0 11828321.000000 15.000000
5 11828879.000000 80.000000
3 11829485.000000 15.000000
2 11830050.000000 15.000000
0 11830472.000000 15.000000
6 11831083.000000 10.000000
3 11832328.000000 15.000000
2 11832973.000000 15.000000
1 11833488.000000 15.000000
2 11834075.000000 15.000000
3 11834540.000000 15.000000
1 11835143.000000 15.000000
1 11835597.000000 15.000000
0 11836046.000000 15.000000
4 11836488.000000 15.000000
1 11837093.000000 15.000000
6 11837544.000000 10.000000
5 11838912.000000 82.000000
5 11839375.000000 22.000000
5 11839951.000000 59.000000
2 11840506.000000 15.000000
0 11841051.000000 15.000000
3 11841536.000000 15.000000
1 11842038.000000 15.000000
5 11842478.000000 68.000000
1 11842972.000000 15.000000
3 11843434.000000 15.000000
6 11843987.000000 10.000000
1 11845218.000000 15.000000
3 11845736.000000 15.000000
4 11846277.000000 15.000000
4 11846773.000000 15.000000
3 11847328.000000 15.000000
5 11847785.000000 40.000000
5 11848358.000000 77.000000
1 11848979.000000 15.000000
4 11849455.000000 15.000000
5 11850103.000000 76.000000
6 11850560.000000 10.000000
1 11851966.000000 15.000000
1 11852495.000000 15.000000
5 11852958.000000 81.000000
5 11853451.000000 35.000000
4 11854056.000000 15.000000
2 11854627.000000 15.000000
4 11855067.000000 15.000000
2 11855616.000000 15.000000
2 11856036.000000 15.000000
4 11856511.000000 15.000000
6 11857130.000000 10.000000
2 11858469.000000 15.000000
3 11858980.000000 15.000000
4 11859505.000000 15.000000
0 11860127.000000 15.000000
5 11860562.000000 30.000000
5 11861067.000000 73.000000
5 11861582.000000 74.000000
1 11862123.000000 15.000000
3 11862603.000000 15.000000
2 11863128.000000 15.000000
6 11863602.000000 10.000000
4 11864933.000000 15.000000
5 11865412.000000 47.000000
1 11865898.000000 15.000000
1 11866418.000000 15.000000
0 11867020.000000 15.000000
0 11867614.000000 15.000000
1 11868204.000000 15.000000
1 11868771.000000 15.000000
2 11869335.000000 15.000000
5 11869786.000000 84.000000
6 11870270.000000 10.000000
4 11871665.000000 15.000000
0 11872328.000000 15.000000
0 11872847.000000 15.000000
2 11873467.000000 15.000000
3 11874079.000000 15.000000
2 11874621.000000 15.000000
0 11875124.000000 15.000000
0 11875575.000000 15.000000
0 11876025.000000 15.000000
1 11876594.000000 15.000000
6 11877197.000000 10.000000
0 11878454.000000 15.000000
3 11879037.000000 15.000000
0 11879491.000000 15.000000
5 11879962.000000 67.000000
3 11880583.000000 15.000000
3 11881168.000000 15.000000
1 11881811.000000 15.000000
5 11882272.000000 33.000000
4 11882886.000000 15.000000
0 11883438.000000 15.000000
6 11883994.000000 10.000000
2 11885337.000000 15.000000
4 11885873.000000 15.000000
0 11886500.000000 15.000000
5 11886944.000000 62.000000
4 11887494.000000 15.000000
3 11888078.000000 15.000000
3 11888681.000000 15.000000
2 11889257.000000 15.000000
0 11889742.000000 15.000000
4 11890240.000000 15.000000
6 11890740.000000 10.000000
2 11891987.000000 15.000000
5 11892407.000000 48.000000
4 11893042.000000 15.000000
4 11893705.000000 15.000000
0 11894259.000000 15.000000
4 11894694.000000 15.000000
2 11895308.000000 15.000000
3 11895874.000000 15.000000
0 11896410.000000 15.000000
4 11896957.000000 15.000000
6 11897470.000000 10.000000
2 11898849.000000 15.000000
5 11899368.000000 67.000000
1 11899879.000000 15.000000
2 11900435.000000 15.000000
0 11900903.000000 15.000000
0 11901412.000000 15.000000
3 11901889.000000 15.000000
1 11902537.000000 15.000000
4 11903139.000000 15.000000
1 11903789.000000 15.000000
6 11904298.000000 10.000000
5 11905630.000000 74.000000
3 11906135.000000 15.000000
1 11906666.000000 15.000000
3 11907221.000000 15.000000
4 11907811.000000 15.000000
4 11908483.000000 15.000000
2 11908980.000000 15.000000
4 11909475.000000 15.000000
3 11910083.000000 15.000000
2 11910578.000000 15.000000
6 11911053.000000 10.000000
3 11912324.000000 15.000000
4 11912937.000000 15.000000
1 11913547.000000 15.000000
0 11914009.000000 15.000000
2 11914572.000000 15.000000
0 11915145.000000 15.000000
0 11915753.000000 15.000000
3 11916204.000000 15.000000
1 11916764.000000 15.000000
0 11917221.000000 15.000000
6 11917785.000000 10.000000
3 11919002.000000 15.000000
3 11919620.000000 15.000000
1 11920069.000000 15.000000
0 11920588.000000 15.000000
3 11921063.000000 15.000000
5 11921549.000000 34.000000
0 11922044.000000 15.000000
2 11922613.000000 15.000000
0 11923163.000000 15.000000
5 11923621.000000 20.000000
6 11924087.000000 10.000000
5 11925415.000000 64.000000
2 11925933.000000 15.000000
5 11926514.000000 82.000000
1 11926971.000000 15.000000
0 11927531.000000 15.000000
0 11928097.000000 15.000000
5 11928586.000000 35.000000
3 11929042.000000 15.000000
5 11929632.000000 55.000000
1 11930181.000000 15.000000
6 11930715.000000 10.000000
4 11932085.000000 15.000000
5 11932576.000000 84.000000
0 11933107.000000 15.000000
5 11933623.000000 61.000000
2 11934251.000000 15.000000
2 11934697.000000 15.000000
0 11935247.000000 15.000000
2 11935743.000000 15.000000
3 11936347.000000 15.000000
0 11936976.000000 15.000000
6 11937453.000000 10.000000
3 11938822.000000 15.000000
3 11939382.000000 15.000000
4 11939912.000000 15.000000
5 11940463.000000 69.000000
2 11940980.000000 15.000000
5 11941492.000000 82.000000
3 11941952.000000 15.000000
4 11942538.000000 15.000000
3 11943034.000000 15.000000
1 11943496.000000 15.000000
6 11943952.000000 10.000000
4 11945182.000000 15.000000
1 11945817.000000 15.000000
5 11946391.000000 57.000000
4 11947013.000000 15.000000
0 11947510.000000 15.000000
2 11948040.000000 15.000000
4 11948499.000000 15.000000
4 11949090.000000 15.000000
5 11949696.000000 22.000000
3 11950251.000000 15.000000
6 11950779.000000 10.000000
5 11952126.000000 82.000000
3 11952742.000000 15.000000
4 11953306.000000 15.000000
3 11953873.000000 15.000000
4 11954448.000000 15.000000
0 11955079.000000 15.000000
1 11955607.000000 15.000000
0 11956079.000000 15.000000
0 11956655.000000 15.000000
1 11957214.000000 15.000000
6 11957787.000000 10.000000
3 11959076.000000 15.000000
3 11959568.000000 15.000000
0 11960085.000000 15.000000
3 11960544.000000 15.000000
3 11961106.000000 15.000000
2 11961699.000000 15.000000
1 11962277.000000 15.000000
3 11962853.000000 15.000000
5 11963459.000000 52.000000
4 11963946.000000 15.000000
6 11964476.000000 10.000000
5 11965787.000000 79.000000
2 11966403.000000 15.000000
2 11966837.000000 15.000000
1 11967443.000000 15.000000
2 11967876.000000 15.000000
1 11968339.000000 15.000000
5 11968916.000000 41.000000
3 11969427.000000 15.000000
0 11969881.000000 15.000000
5 11970447.000000 25.000000
6 11971000.000000 10.000000
5 11972233.000000 60.000000
2 11972866.000000 15.000000
0 11973321.000000 15.000000
2 11973947.000000 15.000000
3 11974548.000000 15.000000
3 11975028.000000 15.000000
0 11975610.000000 15.000000
2 11976231.000000 15.000000
4 11976814.000000 15.000000
3 11977337.000000 15.000000
6 11977959.000000 10.000000
1 11979356.000000 15.000000
5 11979780.000000 53.000000
0 11980301.000000 15.000000
5 11980739.000000 27.000000
4 11981343.000000 15.000000
0 11981872.000000 15.000000
1 11982321.000000 15.000000
2 11982807.000000 15.000000
5 11983270.000000 52.000000
3 11983877.000000 15.000000
6 11984469.000000 10.000000
0 11985755.000000 15.000000
0 11986189.000000 15.000000
5 11986665.000000 37.000000
1 11987176.000000 15.000000
1 11987694.000000 15.000000
1 11988306.000000 15.000000
1 11988835.000000 15.000000
2 11989367.000000 15.000000
1 11989839.000000 15.000000
1 11990320.000000 15.000000
6 11990863.000000 10.000000
5 11992236.000000 53.000000
3 11992801.000000 15.000000
2 11993261.000000 15.000000
1 11993707.000000 15.000000
1 11994135.000000 15.000000
1 11994574.000000 15.000000
2 11995042.000000 15.000000
5 11995626.000000 49.000000
1 11996116.000000 15.000000
0 11996587.000000 15.000000
6 11997194.000000 10.000000
1 11998577.000000 15.000000
5 11999071.000000 22.000000
0 11999534.000000 15.000000
3 12000138.000000 15.000000
0 12000640.000000 15.000000
5 12001244.000000 45.000000
2 12001807.000000 15.000000
1 12002420.000000 15.000000
5 12002943.000000 63.000000
1 12003555.000000 15.000000
6 12004086.000000 10.000000
1 12005333.000000 15.000000
5 12005942.000000 53.000000
2 12006426.000000 15.000000
2 12006920.000000 15.000000
1 12007530.000000 15.000000
2 12008029.000000 15.000000
5 12008480.000000 38.000000
0 12008991.000000 15.000000
5 12009597.000000 61.000000
1 12010060.000000 15.000000
6 12010551.000000 10.000000
2 12011769.000000 15.000000
3 12012289.000000 15.000000
5 12012874.000000 20.000000
0 12013417.000000 15.000000
0 12013909.000000 15.000000
2 12014376.000000 15.000000
1 12014909.000000 15.000000
4 12015348.000000 15.000000
5 12015961.000000 24.000000
2 12016449.000000 15.000000
6 12017039.000000 10.000000
3 12018404.000000 15.000000
0 12018867.000000 15.000000
1 12019394.000000 15.000000
3 12019902.000000 15.000000
1 12020386.000000 15.000000
5 12020972.000000 62.000000
4 12021542.000000 15.000000
2 12022030.000000 15.000000
4 12022511.000000 15.000000
5 12023163.000000 75.000000
6 12023667.000000 10.000000
1 12024940.000000 15.000000
5 12025524.000000 54.000000
2 12026053.000000 15.000000
2 12026578.000000 15.000000
0 12027103.000000 15.000000
3 12027540.000000 15.000000
5 12028035.000000 80.000000
4 12028617.000000 15.000000
4 12029125.000000 15.000000
3 12029725.000000 15.000000
6 12030241.000000 10.000000
0 12031586.000000 15.000000
3 12032118.000000 15.000000
1 12032721.000000 15.000000
5 12033292.000000 75.000000
2 12033909.000000 15.000000
5 12034385.000000 30.000000
3 12034836.000000 15.000000
1 12035446.000000 15.000000
0 12035970.000000 15.000000
5 12036446.000000 39.000000
6 12036984.000000 10.000000
5 12038218.000000 34.000000
1 12038790.000000 15.000000
5 12039350.000000 39.000000
0 12039923.000000 15.000000
2 12040519.000000 15.000000
1 12040979.000000 15.000000
1 12041448.000000 15.000000
3 12041975.000000 15.000000
4 12042530.000000 15.000000
0 12043149.000000 15.000000
6 12043656.000000 10.000000
5 12044889.000000 51.000000
3 12045523.000000 15.000000
3 12046160.000000 15.000000
2 12046780.000000 15.000000
1 12047246.000000 15.000000
5 12047671.000000 31.000000
0 12048194.000000 15.000000
2 12048634.000000 15.000000
4 12049201.000000 15.000000
1 12049789.000000 15.000000
6 12050273.000000 10.000000
5 12051519.000000 55.000000
3 12051991.000000 15.000000
1 12052583.000000 15.000000
3 12053179.000000 15.000000
4 12053729.000000 15.000000
4 12054213.000000 15.000000
2 12054803.000000 15.000000
5 12055385.000000 82.000000
0 12055926.000000 15.000000
2 12056375.000000 15.000000
6 12056900.000000 10.000000
0 12058206.000000 15.000000
3 12058796.000000 15.000000
2 12059330.000000 15.000000
2 12059839.000000 15.000000
4 12060365.000000 15.000000
2 12060863.000000 15.000000
2 12061467.000000 15.000000
5 12062047.000000 63.000000
1 12062586.000000 15.000000
4 12063101.000000 15.000000
6 12063645.000000 10.000000
3 12064973.000000 15.000000
5 12065505.000000 75.000000
1 12066133.000000 15.000000
2 12066715.000000 15.000000
1 12067256.000000 15.000000
4 12067871.000000 15.000000
4 12068481.000000 15.000000
2 12069058.000000 15.000000
3 12069629.000000 15.000000
0 12070080.000000 15.000000
6 12070643.000000 10.000000
0 12071930.000000 15.000000
3 12072556.000000 15.000000
4 12073168.000000 15.000000
5 12073837.000000 69.000000
1 12074397.000000 15.000000
1 12074863.000000 15.000000
1 12075483.000000 15.000000
5 12076049.000000 21.000000
4 12076583.000000 15.000000
0 12077171.000000 15.000000
6 12077693.000000 10.000000
0 12079004.000000 15.000000
0 12079455.000000 15.000000
2 12079993.000000 15.000000
1 12080513.000000 15.000000
5 12081103.000000 60.000000
2 12081625.000000 15.000000
3 12082183.000000 15.000000
4 12082814.000000 15.000000
3 12083313.000000 15.000000
2 12083817.000000 15.000000
6 12084255.000000 10.000000
4 12085543.000000 15.000000
2 12086098.000000 15.000000
0 12086648.000000 15.000000
1 12087269.000000 15.000000
3 12087748.000000 15.000000
5 12088247.000000 77.000000
2 12088885.000000 15.000000
0 12089324.000000 15.000000
0 12089927.000000 15.000000
0 12090417.000000 15.000000
6 12090868.000000 10.000000
1 12092168.000000 15.000000
5 12092717.000000 55.000000
3 12093233.000000 15.000000
4 12093776.000000 15.000000
3 12094411.000000 15.000000
2 12094952.000000 15.000000
1 12095438.000000 15.000000
2 12095951.000000 15.000000
3 12096391.000000 15.000000
3 12097024.000000 15.000000
6 12097592.000000 10.000000
3 12098819.000000 15.000000
3 12099331.000000 15.000000
5 12099837.000000 84.000000
1 12100471.000000 15.000000
5 12100963.000000 46.000000
5 12101481.000000 75.000000
0 12102080.000000 15.000000
5 12102672.000000 48.000000
5 12103199.000000 53.000000
2 12103646.000000 15.000000
6 12104110.000000 10.000000
4 12105336.000000 15.000000
4 12105871.000000 15.000000
4 12106371.000000 15.000000
1 12106993.000000 15.000000
0 12107486.000000 15.000000
5 12108095.000000 36.000000
4 12108608.000000 15.000000
2 12109173.000000 15.000000
5 12109709.000000 84.000000
4 12110269.000000 15.000000
6 12110810.000000 10.000000
4 12112153.000000 15.000000
3 12112718.000000 15.000000
0 12113170.000000 15.000000
3 12113762.000000 15.000000
3 12114213.000000 15.000000
5 12114744.000000 67.000000
5 12115298.000000 48.000000
4 12115798.000000 15.000000
1 12116351.000000 15.000000
2 12116957.000000 15.000000
6 12117387.000000 10.000000
4 12118792.000000 15.000000
2 12119266.000000 15.000000
1 12119864.000000 15.000000
5 12120429.000000 77.000000
2 12120874.000000 15.000000
2 12121334.000000 15.000000
2 12121809.000000 15.000000
0 12122225.000000 15.000000
3 12122794.000000 15.000000
4 12123348.000000 15.000000
6 12123935.000000 10.000000
4 12125302.000000 15.000000
5 12125830.000000 74.000000
5 12126354.000000 50.000000
4 12126857.000000 15.000000
1 12127500.000000 15.000000
3 12128034.000000 15.000000
5 12128647.000000 38.000000
0 12129166.000000 15.000000
1 12129674.000000 15.000000
0 12130163.000000 15.000000
6 12130782.000000 10.000000
3 12132099.000000 15.000000
0 12132597.000000 15.000000
2 12133225.000000 15.000000
3 12133682.000000 15.000000
2 12134325.000000 15.000000
3 12134761.000000 15.000000
4 12135320.000000 15.000000
1 12135955.000000 15.000000
0 12136542.000000 15.000000
4 12136979.000000 15.000000
6 12137615.000000 10.000000
4 12138998.000000 15.000000
2 12139610.000000 15.000000
4 12140185.000000 15.000000
2 12140857.000000 15.000000
0 12141348.000000 15.000000
3 12141850.000000 15.000000
5 12142488.000000 28.000000
5 12143029.000000 28.000000
3 12143588.000000 15.000000
1 12144087.000000 15.000000
6 12144657.000000 10.000000
3 12145956.000000 15.000000
0 12146581.000000 15.000000
2 12147122.000000 15.000000
1 12147690.000000 15.000000
3 12148193.000000 15.000000
0 12148806.000000 15.000000
4 12149300.000000 15.000000
4 12149800.000000 15.000000
1 12150301.000000 15.000000
3 12150725.000000 15.000000
6 12151183.000000 10.000000
2 12152520.000000 15.000000
2 12153117.000000 15.000000
4 12153587.000000 15.000000
0 12154067.000000 15.000000
0 12154616.000000 15.000000
2 12155187.000000 15.000000
2 12155766.000000 15.000000
2 12156316.000000 15.000000
4 12156802.000000 15.000000
1 12157447.000000 15.000000
6 12158057.000000 10.000000
5 12159283.000000 45.000000
2 12159893.000000 15.000000
4 12160425.000000 15.000000
3 12161088.000000 15.000000
1 12161544.000000 15.000000
5 12162166.000000 20.000000
2 12162707.000000 15.000000
5 12163136.000000 35.000000
1 12163594.000000 15.000000
0 12164188.000000 15.000000
6 12164729.000000 10.000000
3 12166081.000000 15.000000
1 12166560.000000 15.000000
1 12166994.000000 15.000000
5 12167566.000000 69.000000
3 12168023.000000 15.000000
5 12168670.000000 21.000000
3 12169127.000000 15.000000
5 12169742.000000 56.000000
5 12170254.000000 46.000000
4 12170836.000000 15.000000
6 12171335.000000 10.000000
2 12172725.000000 15.000000
3 12173159.000000 15.000000
4 12173609.000000 15.000000
2 12174249.000000 15.000000
5 12174715.000000 68.000000
5 12175324.000000 56.000000
2 12175823.000000 15.000000
3 12176364.000000 15.000000
1 12176869.000000 15.000000
0 12177463.000000 15.000000
6 12177933.000000 10.000000
0 12179286.000000 15.000000
